Date,US10Y,US30Y,BUND,UKGILT,SPX,NDX,SX5E,FTSE,BRENT,WTI,GOLD,COPPER,NATGAS,EURUSD,GBPUSD,USDJPY
2016-10-03,0.0,0.0,0.0,0.0,0.0,0.0,0.0,0.0,0.0,0.0,0.0,0.0,0.0,0.0,0.0,0.0
2016-10-04,0.0,0.0,0.0,0.0,0.0,0.0,0.0,0.0,0.0,0.0,0.0,0.0,0.0,0.0,0.0,0.0
2016-10-05,0.0,0.0,0.0,0.0,0.0,0.0,0.0,0.0,0.0,0.0,0.0,0.0,0.0,0.0,0.0,0.0
2016-10-06,0.0,0.0,0.0,0.0,0.0,0.0,0.0,0.0,0.0,0.0,0.0,0.0,0.0,0.0,0.0,0.0
2016-10-07,0.0,0.0,0.0,0.0,0.0,0.0,0.0,0.0,0.0,0.0,0.0,0.0,0.0,0.0,0.0,0.0
2016-10-10,0.0,0.0,0.0,0.0,0.0,0.0,0.0,0.0,0.0,0.0,0.0,0.0,0.0,0.0,0.0,0.0
2016-10-11,0.0,0.0,0.0,0.0,0.0,0.0,0.0,0.0,0.0,0.0,0.0,0.0,0.0,0.0,0.0,0.0
2016-10-12,0.0,0.0,0.0,0.0,0.0,0.0,0.0,0.0,0.0,0.0,0.0,0.0,0.0,0.0,0.0,0.0
2016-10-13,0.0,0.0,0.0,0.0,0.0,0.0,0.0,0.0,0.0,0.0,0.0,0.0,0.0,0.0,0.0,0.0
2016-10-14,0.0,0.0,0.0,0.0,0.0,0.0,0.0,0.0,0.0,0.0,0.0,0.0,0.0,0.0,0.0,0.0
2016-10-17,0.0,0.0,0.0,0.0,0.0,0.0,0.0,0.0,0.0,0.0,0.0,0.0,0.0,0.0,0.0,0.0
2016-10-18,0.0,0.0,0.0,0.0,0.0,0.0,0.0,0.0,0.0,0.0,0.0,0.0,0.0,0.0,0.0,0.0
2016-10-19,0.0,0.0,0.0,0.0,0.0,0.0,0.0,0.0,0.0,0.0,0.0,0.0,0.0,0.0,0.0,0.0
2016-10-20,0.0,0.0,0.0,0.0,0.0,0.0,0.0,0.0,0.0,0.0,0.0,0.0,0.0,0.0,0.0,0.0
2016-10-21,0.0,0.0,0.0,0.0,0.0,0.0,0.0,0.0,0.0,0.0,0.0,0.0,0.0,0.0,0.0,0.0
2016-10-24,0.0,0.0,0.0,0.0,0.0,0.0,0.0,0.0,0.0,0.0,0.0,0.0,0.0,0.0,0.0,0.0
2016-10-25,0.0,0.0,0.0,0.0,0.0,0.0,0.0,0.0,0.0,0.0,0.0,0.0,0.0,0.0,0.0,0.0
2016-10-26,0.0,0.0,0.0,0.0,0.0,0.0,0.0,0.0,0.0,0.0,0.0,0.0,0.0,0.0,0.0,0.0
2016-10-27,0.0,0.0,0.0,0.0,0.0,0.0,0.0,0.0,0.0,0.0,0.0,0.0,0.0,0.0,0.0,0.0
2016-10-28,0.0,0.0,0.0,0.0,0.0,0.0,0.0,0.0,0.0,0.0,0.0,0.0,0.0,0.0,0.0,0.0
2016-10-31,0.0,0.0,0.0,0.0,0.0,0.0,0.0,0.0,0.0,0.0,0.0,0.0,0.0,0.0,0.0,0.0
2016-11-01,0.0,0.0,0.0,0.0,0.0,0.0,0.0,0.0,0.0,0.0,0.0,0.0,0.0,0.0,0.0,0.0
2016-11-02,0.0,0.0,0.0,0.0,0.0,0.0,0.0,0.0,0.0,0.0,0.0,0.0,0.0,0.0,0.0,0.0
2016-11-03,0.0,0.0,0.0,0.0,0.0,0.0,0.0,0.0,0.0,0.0,0.0,0.0,0.0,0.0,0.0,0.0
2016-11-04,0.0,0.0,0.0,0.0,0.0,0.0,0.0,0.0,0.0,0.0,0.0,0.0,0.0,0.0,0.0,0.0
2016-11-07,0.0,0.0,0.0,0.0,0.0,0.0,0.0,0.0,0.0,0.0,0.0,0.0,0.0,0.0,0.0,0.0
2016-11-08,0.0,0.0,0.0,0.0,0.0,0.0,0.0,0.0,0.0,0.0,0.0,0.0,0.0,0.0,0.0,0.0
2016-11-09,0.0,0.0,0.0,0.0,0.0,0.0,0.0,0.0,0.0,0.0,0.0,0.0,0.0,0.0,0.0,0.0
2016-11-10,0.0,0.0,0.0,0.0,0.0,0.0,0.0,0.0,0.0,0.0,0.0,0.0,0.0,0.0,0.0,0.0
2016-11-11,0.0,0.0,0.0,0.0,0.0,0.0,0.0,0.0,0.0,0.0,0.0,0.0,0.0,0.0,0.0,0.0
2016-11-14,0.0,0.0,0.0,0.0,0.0,0.0,0.0,0.0,0.0,0.0,0.0,0.0,0.0,0.0,0.0,0.0
2016-11-15,0.0,0.0,0.0,0.0,0.0,0.0,0.0,0.0,0.0,0.0,0.0,0.0,0.0,0.0,0.0,0.0
2016-11-16,0.0,0.0,0.0,0.0,0.0,0.0,0.0,0.0,0.0,0.0,0.0,0.0,0.0,0.0,0.0,0.0
2016-11-17,0.0,0.0,0.0,0.0,0.0,0.0,0.0,0.0,0.0,0.0,0.0,0.0,0.0,0.0,0.0,0.0
2016-11-18,0.0,0.0,0.0,0.0,0.0,0.0,0.0,0.0,0.0,0.0,0.0,0.0,0.0,0.0,0.0,0.0
2016-11-21,0.0,0.0,0.0,0.0,0.0,0.0,0.0,0.0,0.0,0.0,0.0,0.0,0.0,0.0,0.0,0.0
2016-11-22,0.0,0.0,0.0,0.0,0.0,0.0,0.0,0.0,0.0,0.0,0.0,0.0,0.0,0.0,0.0,0.0
2016-11-23,0.0,0.0,0.0,0.0,0.0,0.0,0.0,0.0,0.0,0.0,0.0,0.0,0.0,0.0,0.0,0.0
2016-11-24,0.0,0.0,0.0,0.0,0.0,0.0,0.0,0.0,0.0,0.0,0.0,0.0,0.0,0.0,0.0,0.0
2016-11-25,0.0,0.0,0.0,0.0,0.0,0.0,0.0,0.0,0.0,0.0,0.0,0.0,0.0,0.0,0.0,0.0
2016-11-28,0.0,0.0,0.0,0.0,0.0,0.0,0.0,0.0,0.0,0.0,0.0,0.0,0.0,0.0,0.0,0.0
2016-11-29,0.0,0.0,0.0,0.0,0.0,0.0,0.0,0.0,0.0,0.0,0.0,0.0,0.0,0.0,0.0,0.0
2016-11-30,0.0,0.0,0.0,0.0,0.0,0.0,0.0,0.0,0.0,0.0,0.0,0.0,0.0,0.0,0.0,0.0
2016-12-01,0.0,0.0,0.0,0.0,0.0,0.0,0.0,0.0,0.0,0.0,0.0,0.0,0.0,0.0,0.0,0.0
2016-12-02,0.0,0.0,0.0,0.0,0.0,0.0,0.0,0.0,0.0,0.0,0.0,0.0,0.0,0.0,0.0,0.0
2016-12-05,0.0,0.0,0.0,0.0,0.0,0.0,0.0,0.0,0.0,0.0,0.0,0.0,0.0,0.0,0.0,0.0
2016-12-06,0.0,0.0,0.0,0.0,0.0,0.0,0.0,0.0,0.0,0.0,0.0,0.0,0.0,0.0,0.0,0.0
2016-12-07,0.0,0.0,0.0,0.0,0.0,0.0,0.0,0.0,0.0,0.0,0.0,0.0,0.0,0.0,0.0,0.0
2016-12-08,0.0,0.0,0.0,0.0,0.0,0.0,0.0,0.0,0.0,0.0,0.0,0.0,0.0,0.0,0.0,0.0
2016-12-09,0.0,0.0,0.0,0.0,0.0,0.0,0.0,0.0,0.0,0.0,0.0,0.0,0.0,0.0,0.0,0.0
2016-12-12,0.0,0.0,0.0,0.0,0.0,0.0,0.0,0.0,0.0,0.0,0.0,0.0,0.0,0.0,0.0,0.0
2016-12-13,0.0,0.0,0.0,0.0,0.0,0.0,0.0,0.0,0.0,0.0,0.0,0.0,0.0,0.0,0.0,0.0
2016-12-14,0.0,0.0,0.0,0.0,0.0,0.0,0.0,0.0,0.0,0.0,0.0,0.0,0.0,0.0,0.0,0.0
2016-12-15,0.0,0.0,0.0,0.0,0.0,0.0,0.0,0.0,0.0,0.0,0.0,0.0,0.0,0.0,0.0,0.0
2016-12-16,0.0,0.0,0.0,0.0,0.0,0.0,0.0,0.0,0.0,0.0,0.0,0.0,0.0,0.0,0.0,0.0
2016-12-19,0.0,0.0,0.0,0.0,0.0,0.0,0.0,0.0,0.0,0.0,0.0,0.0,0.0,0.0,0.0,0.0
2016-12-20,0.0,0.0,0.0,0.0,0.0,0.0,0.0,0.0,0.0,0.0,0.0,0.0,0.0,0.0,0.0,0.0
2016-12-21,0.0,0.0,0.0,0.0,0.0,0.0,0.0,0.0,0.0,0.0,0.0,0.0,0.0,0.0,0.0,0.0
2016-12-22,0.0,0.0,0.0,0.0,0.0,0.0,0.0,0.0,0.0,0.0,0.0,0.0,0.0,0.0,0.0,0.0
2016-12-23,0.0,0.0,0.0,0.0,0.0,0.0,0.0,0.0,0.0,0.0,0.0,0.0,0.0,0.0,0.0,0.0
2016-12-26,0.0,0.0,0.0,0.0,0.0,0.0,0.0,0.0,0.0,0.0,0.0,0.0,0.0,0.0,0.0,0.0
2016-12-27,0.0,0.0,0.0,0.0,0.0,0.0,0.0,0.0,0.0,0.0,0.0,0.0,0.0,0.0,0.0,0.0
2016-12-28,0.0,0.0,0.0,0.0,0.0,0.0,0.0,0.0,0.0,0.0,0.0,0.0,0.0,0.0,0.0,0.0
2016-12-29,0.0,0.0,0.0,0.0,0.0,0.0,0.0,0.0,0.0,0.0,0.0,0.0,0.0,0.0,0.0,0.0
2016-12-30,0.0,0.0,0.0,0.0,0.0,0.0,0.0,0.0,0.0,0.0,0.0,0.0,0.0,0.0,0.0,0.0
2017-01-02,0.0,0.0,0.0,0.0,0.0,0.0,0.0,0.0,0.0,0.0,0.0,0.0,0.0,0.0,0.0,0.0
2017-01-03,0.0,0.0,0.0,0.0,0.0,0.0,0.0,0.0,0.0,0.0,0.0,0.0,0.0,0.0,0.0,0.0
2017-01-04,0.0,0.0,0.0,0.0,0.0,0.0,0.0,0.0,0.0,0.0,0.0,0.0,0.0,0.0,0.0,0.0
2017-01-05,0.0,0.0,0.0,0.0,0.0,0.0,0.0,0.0,0.0,0.0,0.0,0.0,0.0,0.0,0.0,0.0
2017-01-06,0.0,0.0,0.0,0.0,0.0,0.0,0.0,0.0,0.0,0.0,0.0,0.0,0.0,0.0,0.0,0.0
2017-01-09,0.0,0.0,0.0,0.0,0.0,0.0,0.0,0.0,0.0,0.0,0.0,0.0,0.0,0.0,0.0,0.0
2017-01-10,0.0,0.0,0.0,0.0,0.0,0.0,0.0,0.0,0.0,0.0,0.0,0.0,0.0,0.0,0.0,0.0
2017-01-11,0.0,0.0,0.0,0.0,0.0,0.0,0.0,0.0,0.0,0.0,0.0,0.0,0.0,0.0,0.0,0.0
2017-01-12,0.0,0.0,0.0,0.0,0.0,0.0,0.0,0.0,0.0,0.0,0.0,0.0,0.0,0.0,0.0,0.0
2017-01-13,0.0,0.0,0.0,0.0,0.0,0.0,0.0,0.0,0.0,0.0,0.0,0.0,0.0,0.0,0.0,0.0
2017-01-16,0.0,0.0,0.0,0.0,0.0,0.0,0.0,0.0,0.0,0.0,0.0,0.0,0.0,0.0,0.0,0.0
2017-01-17,0.0,0.0,0.0,0.0,0.0,0.0,0.0,0.0,0.0,0.0,0.0,0.0,0.0,0.0,0.0,0.0
2017-01-18,0.0,0.0,0.0,0.0,0.0,0.0,0.0,0.0,0.0,0.0,0.0,0.0,0.0,0.0,0.0,0.0
2017-01-19,0.0,0.0,0.0,0.0,0.0,0.0,0.0,0.0,0.0,0.0,0.0,0.0,0.0,0.0,0.0,0.0
2017-01-20,0.0,0.0,0.0,0.0,0.0,0.0,0.0,0.0,0.0,0.0,0.0,0.0,0.0,0.0,0.0,0.0
2017-01-23,0.0,0.0,0.0,0.0,0.0,0.0,0.0,0.0,0.0,0.0,0.0,0.0,0.0,0.0,0.0,0.0
2017-01-24,0.0,0.0,0.0,0.0,0.0,0.0,0.0,0.0,0.0,0.0,0.0,0.0,0.0,0.0,0.0,0.0
2017-01-25,0.0,0.0,0.0,0.0,0.0,0.0,0.0,0.0,0.0,0.0,0.0,0.0,0.0,0.0,0.0,0.0
2017-01-26,0.0,0.0,0.0,0.0,0.0,0.0,0.0,0.0,0.0,0.0,0.0,0.0,0.0,0.0,0.0,0.0
2017-01-27,0.0,0.0,0.0,0.0,0.0,0.0,0.0,0.0,0.0,0.0,0.0,0.0,0.0,0.0,0.0,0.0
2017-01-30,0.0,0.0,0.0,0.0,0.0,0.0,0.0,0.0,0.0,0.0,0.0,0.0,0.0,0.0,0.0,0.0
2017-01-31,0.0,0.0,0.0,0.0,0.0,0.0,0.0,0.0,0.0,0.0,0.0,0.0,0.0,0.0,0.0,0.0
2017-02-01,0.0,0.0,0.0,0.0,0.0,0.0,0.0,0.0,0.0,0.0,0.0,0.0,0.0,0.0,0.0,0.0
2017-02-02,0.0,0.0,0.0,0.0,0.0,0.0,0.0,0.0,0.0,0.0,0.0,0.0,0.0,0.0,0.0,0.0
2017-02-03,0.0,0.0,0.0,0.0,0.0,0.0,0.0,0.0,0.0,0.0,0.0,0.0,0.0,0.0,0.0,0.0
2017-02-06,0.0,0.0,0.0,0.0,0.0,0.0,0.0,0.0,0.0,0.0,0.0,0.0,0.0,0.0,0.0,0.0
2017-02-07,0.0,0.0,0.0,0.0,0.0,0.0,0.0,0.0,0.0,0.0,0.0,0.0,0.0,0.0,0.0,0.0
2017-02-08,0.0,0.0,0.0,0.0,0.0,0.0,0.0,0.0,0.0,0.0,0.0,0.0,0.0,0.0,0.0,0.0
2017-02-09,0.0,0.0,0.0,0.0,0.0,0.0,0.0,0.0,0.0,0.0,0.0,0.0,0.0,0.0,0.0,0.0
2017-02-10,0.0,0.0,0.0,0.0,0.0,0.0,0.0,0.0,0.0,0.0,0.0,0.0,0.0,0.0,0.0,0.0
2017-02-13,0.0,0.0,0.0,0.0,0.0,0.0,0.0,0.0,0.0,0.0,0.0,0.0,0.0,0.0,0.0,0.0
2017-02-14,0.0,0.0,0.0,0.0,0.0,0.0,0.0,0.0,0.0,0.0,0.0,0.0,0.0,0.0,0.0,0.0
2017-02-15,0.0,0.0,0.0,0.0,0.0,0.0,0.0,0.0,0.0,0.0,0.0,0.0,0.0,0.0,0.0,0.0
2017-02-16,0.0,0.0,0.0,0.0,0.0,0.0,0.0,0.0,0.0,0.0,0.0,0.0,0.0,0.0,0.0,0.0
2017-02-17,0.0,0.0,0.0,0.0,0.0,0.0,0.0,0.0,0.0,0.0,0.0,0.0,0.0,0.0,0.0,0.0
2017-02-20,0.0,0.0,0.0,0.0,0.0,0.0,0.0,0.0,0.0,0.0,0.0,0.0,0.0,0.0,0.0,0.0
2017-02-21,0.0,0.0,0.0,0.0,0.0,0.0,0.0,0.0,0.0,0.0,0.0,0.0,0.0,0.0,0.0,0.0
2017-02-22,0.0,0.0,0.0,0.0,0.0,0.0,0.0,0.0,0.0,0.0,0.0,0.0,0.0,0.0,0.0,0.0
2017-02-23,0.0,0.0,0.0,0.0,0.0,0.0,0.0,0.0,0.0,0.0,0.0,0.0,0.0,0.0,0.0,0.0
2017-02-24,0.0,0.0,0.0,0.0,0.0,0.0,0.0,0.0,0.0,0.0,0.0,0.0,0.0,0.0,0.0,0.0
2017-02-27,0.0,0.0,0.0,0.0,0.0,0.0,0.0,0.0,0.0,0.0,0.0,0.0,0.0,0.0,0.0,0.0
2017-02-28,0.0,0.0,0.0,0.0,0.0,0.0,0.0,0.0,0.0,0.0,0.0,0.0,0.0,0.0,0.0,0.0
2017-03-01,0.0,0.0,0.0,0.0,0.0,0.0,0.0,0.0,0.0,0.0,0.0,0.0,0.0,0.0,0.0,0.0
2017-03-02,0.0,0.0,0.0,0.0,0.0,0.0,0.0,0.0,0.0,0.0,0.0,0.0,0.0,0.0,0.0,0.0
2017-03-03,0.0,0.0,0.0,0.0,0.0,0.0,0.0,0.0,0.0,0.0,0.0,0.0,0.0,0.0,0.0,0.0
2017-03-06,0.0,0.0,0.0,0.0,0.0,0.0,0.0,0.0,0.0,0.0,0.0,0.0,0.0,0.0,0.0,0.0
2017-03-07,0.0,0.0,0.0,0.0,0.0,0.0,0.0,0.0,0.0,0.0,0.0,0.0,0.0,0.0,0.0,0.0
2017-03-08,0.0,0.0,0.0,0.0,0.0,0.0,0.0,0.0,0.0,0.0,0.0,0.0,0.0,0.0,0.0,0.0
2017-03-09,0.0,0.0,0.0,0.0,0.0,0.0,0.0,0.0,0.0,0.0,0.0,0.0,0.0,0.0,0.0,0.0
2017-03-10,0.0,0.0,0.0,0.0,0.0,0.0,0.0,0.0,0.0,0.0,0.0,0.0,0.0,0.0,0.0,0.0
2017-03-13,0.0,0.0,0.0,0.0,0.0,0.0,0.0,0.0,0.0,0.0,0.0,0.0,0.0,0.0,0.0,0.0
2017-03-14,0.0,0.0,0.0,0.0,0.0,0.0,0.0,0.0,0.0,0.0,0.0,0.0,0.0,0.0,0.0,0.0
2017-03-15,0.0,0.0,0.0,0.0,0.0,0.0,0.0,0.0,0.0,0.0,0.0,0.0,0.0,0.0,0.0,0.0
2017-03-16,0.0,0.0,0.0,0.0,0.0,0.0,0.0,0.0,0.0,0.0,0.0,0.0,0.0,0.0,0.0,0.0
2017-03-17,0.0,0.0,0.0,0.0,0.0,0.0,0.0,0.0,0.0,0.0,0.0,0.0,0.0,0.0,0.0,0.0
2017-03-20,0.0,0.0,0.0,0.0,0.0,0.0,0.0,0.0,0.0,0.0,0.0,0.0,0.0,0.0,0.0,0.0
2017-03-21,0.0,0.0,0.0,0.0,0.0,0.0,0.0,0.0,0.0,0.0,0.0,0.0,0.0,0.0,0.0,0.0
2017-03-22,0.0,0.0,0.0,0.0,0.0,0.0,0.0,0.0,0.0,0.0,0.0,0.0,0.0,0.0,0.0,0.0
2017-03-23,0.0,0.0,0.0,0.0,0.0,0.0,0.0,0.0,0.0,0.0,0.0,0.0,0.0,0.0,0.0,0.0
2017-03-24,0.0,0.0,0.0,0.0,0.0,0.0,0.0,0.0,0.0,0.0,0.0,0.0,0.0,0.0,0.0,0.0
2017-03-27,0.0,0.0,0.0,0.0,0.0,0.0,0.0,0.0,0.0,0.0,0.0,0.0,0.0,0.0,0.0,0.0
2017-03-28,0.0,0.0,0.0,0.0,0.0,0.0,0.0,0.0,0.0,0.0,0.0,0.0,0.0,0.0,0.0,0.0
2017-03-29,0.0,0.0,0.0,0.0,0.0,0.0,0.0,0.0,0.0,0.0,0.0,0.0,0.0,0.0,0.0,0.0
2017-03-30,0.0,0.0,0.0,0.0,0.0,0.0,0.0,0.0,0.0,0.0,0.0,0.0,0.0,0.0,0.0,0.0
2017-03-31,0.0,0.0,0.0,0.0,0.0,0.0,0.0,0.0,0.0,0.0,0.0,0.0,0.0,0.0,0.0,0.0
2017-04-03,0.0,0.0,0.0,0.0,0.0,0.0,0.0,0.0,0.0,0.0,0.0,0.0,0.0,0.0,0.0,0.0
2017-04-04,0.0,0.0,0.0,0.0,0.0,0.0,0.0,0.0,0.0,0.0,0.0,0.0,0.0,0.0,0.0,0.0
2017-04-05,0.0,0.0,0.0,0.0,0.0,0.0,0.0,0.0,0.0,0.0,0.0,0.0,0.0,0.0,0.0,0.0
2017-04-06,0.0,0.0,0.0,0.0,0.0,0.0,0.0,0.0,0.0,0.0,0.0,0.0,0.0,0.0,0.0,0.0
2017-04-07,0.0,0.0,0.0,0.0,0.0,0.0,0.0,0.0,0.0,0.0,0.0,0.0,0.0,0.0,0.0,0.0
2017-04-10,0.0,0.0,0.0,0.0,0.0,0.0,0.0,0.0,0.0,0.0,0.0,0.0,0.0,0.0,0.0,0.0
2017-04-11,0.0,0.0,0.0,0.0,0.0,0.0,0.0,0.0,0.0,0.0,0.0,0.0,0.0,0.0,0.0,0.0
2017-04-12,0.0,0.0,0.0,0.0,0.0,0.0,0.0,0.0,0.0,0.0,0.0,0.0,0.0,0.0,0.0,0.0
2017-04-13,0.0,0.0,0.0,0.0,0.0,0.0,0.0,0.0,0.0,0.0,0.0,0.0,0.0,0.0,0.0,0.0
2017-04-14,0.0,0.0,0.0,0.0,0.0,0.0,0.0,0.0,0.0,0.0,0.0,0.0,0.0,0.0,0.0,0.0
2017-04-17,0.0,0.0,0.0,0.0,0.0,0.0,0.0,0.0,0.0,0.0,0.0,0.0,0.0,0.0,0.0,0.0
2017-04-18,0.0,0.0,0.0,0.0,0.0,0.0,0.0,0.0,0.0,0.0,0.0,0.0,0.0,0.0,0.0,0.0
2017-04-19,0.0,0.0,0.0,0.0,0.0,0.0,0.0,0.0,0.0,0.0,0.0,0.0,0.0,0.0,0.0,0.0
2017-04-20,0.0,0.0,0.0,0.0,0.0,0.0,0.0,0.0,0.0,0.0,0.0,0.0,0.0,0.0,0.0,0.0
2017-04-21,0.0,0.0,0.0,0.0,0.0,0.0,0.0,0.0,0.0,0.0,0.0,0.0,0.0,0.0,0.0,0.0
2017-04-24,0.0,0.0,0.0,0.0,0.0,0.0,0.0,0.0,0.0,0.0,0.0,0.0,0.0,0.0,0.0,0.0
2017-04-25,0.0,0.0,0.0,0.0,0.0,0.0,0.0,0.0,0.0,0.0,0.0,0.0,0.0,0.0,0.0,0.0
2017-04-26,0.0,0.0,0.0,0.0,0.0,0.0,0.0,0.0,0.0,0.0,0.0,0.0,0.0,0.0,0.0,0.0
2017-04-27,0.0,0.0,0.0,0.0,0.0,0.0,0.0,0.0,0.0,0.0,0.0,0.0,0.0,0.0,0.0,0.0
2017-04-28,0.0,0.0,0.0,0.0,0.0,0.0,0.0,0.0,0.0,0.0,0.0,0.0,0.0,0.0,0.0,0.0
2017-05-01,0.0,0.0,0.0,0.0,0.0,0.0,0.0,0.0,0.0,0.0,0.0,0.0,0.0,0.0,0.0,0.0
2017-05-02,0.0,0.0,0.0,0.0,0.0,0.0,0.0,0.0,0.0,0.0,0.0,0.0,0.0,0.0,0.0,0.0
2017-05-03,0.0,0.0,0.0,0.0,0.0,0.0,0.0,0.0,0.0,0.0,0.0,0.0,0.0,0.0,0.0,0.0
2017-05-04,0.0,0.0,0.0,0.0,0.0,0.0,0.0,0.0,0.0,0.0,0.0,0.0,0.0,0.0,0.0,0.0
2017-05-05,0.0,0.0,0.0,0.0,0.0,0.0,0.0,0.0,0.0,0.0,0.0,0.0,0.0,0.0,0.0,0.0
2017-05-08,0.0,0.0,0.0,0.0,0.0,0.0,0.0,0.0,0.0,0.0,0.0,0.0,0.0,0.0,0.0,0.0
2017-05-09,0.0,0.0,0.0,0.0,0.0,0.0,0.0,0.0,0.0,0.0,0.0,0.0,0.0,0.0,0.0,0.0
2017-05-10,0.0,0.0,0.0,0.0,0.0,0.0,0.0,0.0,0.0,0.0,0.0,0.0,0.0,0.0,0.0,0.0
2017-05-11,0.0,0.0,0.0,0.0,0.0,0.0,0.0,0.0,0.0,0.0,0.0,0.0,0.0,0.0,0.0,0.0
2017-05-12,0.0,0.0,0.0,0.0,0.0,0.0,0.0,0.0,0.0,0.0,0.0,0.0,0.0,0.0,0.0,0.0
2017-05-15,0.0,0.0,0.0,0.0,0.0,0.0,0.0,0.0,0.0,0.0,0.0,0.0,0.0,0.0,0.0,0.0
2017-05-16,0.0,0.0,0.0,0.0,0.0,0.0,0.0,0.0,0.0,0.0,0.0,0.0,0.0,0.0,0.0,0.0
2017-05-17,0.0,0.0,0.0,0.0,0.0,0.0,0.0,0.0,0.0,0.0,0.0,0.0,0.0,0.0,0.0,0.0
2017-05-18,0.0,0.0,0.0,0.0,0.0,0.0,0.0,0.0,0.0,0.0,0.0,0.0,0.0,0.0,0.0,0.0
2017-05-19,0.0,0.0,0.0,0.0,0.0,0.0,0.0,0.0,0.0,0.0,0.0,0.0,0.0,0.0,0.0,0.0
2017-05-22,0.0,0.0,0.0,0.0,0.0,0.0,0.0,0.0,0.0,0.0,0.0,0.0,0.0,0.0,0.0,0.0
2017-05-23,0.0,0.0,0.0,0.0,0.0,0.0,0.0,0.0,0.0,0.0,0.0,0.0,0.0,0.0,0.0,0.0
2017-05-24,0.0,0.0,0.0,0.0,0.0,0.0,0.0,0.0,0.0,0.0,0.0,0.0,0.0,0.0,0.0,0.0
2017-05-25,0.0,0.0,0.0,0.0,0.0,0.0,0.0,0.0,0.0,0.0,0.0,0.0,0.0,0.0,0.0,0.0
2017-05-26,0.0,0.0,0.0,0.0,0.0,0.0,0.0,0.0,0.0,0.0,0.0,0.0,0.0,0.0,0.0,0.0
2017-05-29,0.0,0.0,0.0,0.0,0.0,0.0,0.0,0.0,0.0,0.0,0.0,0.0,0.0,0.0,0.0,0.0
2017-05-30,0.0,0.0,0.0,0.0,0.0,0.0,0.0,0.0,0.0,0.0,0.0,0.0,0.0,0.0,0.0,0.0
2017-05-31,0.0,0.0,0.0,0.0,0.0,0.0,0.0,0.0,0.0,0.0,0.0,0.0,0.0,0.0,0.0,0.0
2017-06-01,0.0,0.0,0.0,0.0,0.0,0.0,0.0,0.0,0.0,0.0,0.0,0.0,0.0,0.0,0.0,0.0
2017-06-02,0.0,0.0,0.0,0.0,0.0,0.0,0.0,0.0,0.0,0.0,0.0,0.0,0.0,0.0,0.0,0.0
2017-06-05,0.0,0.0,0.0,0.0,0.0,0.0,0.0,0.0,0.0,0.0,0.0,0.0,0.0,0.0,0.0,0.0
2017-06-06,0.0,0.0,0.0,0.0,0.0,0.0,0.0,0.0,0.0,0.0,0.0,0.0,0.0,0.0,0.0,0.0
2017-06-07,0.0,0.0,0.0,0.0,0.0,0.0,0.0,0.0,0.0,0.0,0.0,0.0,0.0,0.0,0.0,0.0
2017-06-08,0.0,0.0,0.0,0.0,0.0,0.0,0.0,0.0,0.0,0.0,0.0,0.0,0.0,0.0,0.0,0.0
2017-06-09,0.0,0.0,0.0,0.0,0.0,0.0,0.0,0.0,0.0,0.0,0.0,0.0,0.0,0.0,0.0,0.0
2017-06-12,0.0,0.0,0.0,0.0,0.0,0.0,0.0,0.0,0.0,0.0,0.0,0.0,0.0,0.0,0.0,0.0
2017-06-13,0.0,0.0,0.0,0.0,0.0,0.0,0.0,0.0,0.0,0.0,0.0,0.0,0.0,0.0,0.0,0.0
2017-06-14,0.0,0.0,0.0,0.0,0.0,0.0,0.0,0.0,0.0,0.0,0.0,0.0,0.0,0.0,0.0,0.0
2017-06-15,0.0,0.0,0.0,0.0,0.0,0.0,0.0,0.0,0.0,0.0,0.0,0.0,0.0,0.0,0.0,0.0
2017-06-16,0.0,0.0,0.0,0.0,0.0,0.0,0.0,0.0,0.0,0.0,0.0,0.0,0.0,0.0,0.0,0.0
2017-06-19,0.0,0.0,0.0,0.0,0.0,0.0,0.0,0.0,0.0,0.0,0.0,0.0,0.0,0.0,0.0,0.0
2017-06-20,0.0,0.0,0.0,0.0,0.0,0.0,0.0,0.0,0.0,0.0,0.0,0.0,0.0,0.0,0.0,0.0
2017-06-21,0.0,0.0,0.0,0.0,0.0,0.0,0.0,0.0,0.0,0.0,0.0,0.0,0.0,0.0,0.0,0.0
2017-06-22,0.0,0.0,0.0,0.0,0.0,0.0,0.0,0.0,0.0,0.0,0.0,0.0,0.0,0.0,0.0,0.0
2017-06-23,0.0,0.0,0.0,0.0,0.0,0.0,0.0,0.0,0.0,0.0,0.0,0.0,0.0,0.0,0.0,0.0
2017-06-26,0.0,0.0,0.0,0.0,0.0,0.0,0.0,0.0,0.0,0.0,0.0,0.0,0.0,0.0,0.0,0.0
2017-06-27,0.0,0.0,0.0,0.0,0.0,0.0,0.0,0.0,0.0,0.0,0.0,0.0,0.0,0.0,0.0,0.0
2017-06-28,0.0,0.0,0.0,0.0,0.0,0.0,0.0,0.0,0.0,0.0,0.0,0.0,0.0,0.0,0.0,0.0
2017-06-29,0.0,0.0,0.0,0.0,0.0,0.0,0.0,0.0,0.0,0.0,0.0,0.0,0.0,0.0,0.0,0.0
2017-06-30,0.0,0.0,0.0,0.0,0.0,0.0,0.0,0.0,0.0,0.0,0.0,0.0,0.0,0.0,0.0,0.0
2017-07-03,0.0,0.0,0.0,0.0,0.0,0.0,0.0,0.0,0.0,0.0,0.0,0.0,0.0,0.0,0.0,0.0
2017-07-04,0.0,0.0,0.0,0.0,0.0,0.0,0.0,0.0,0.0,0.0,0.0,0.0,0.0,0.0,0.0,0.0
2017-07-05,0.0,0.0,0.0,0.0,0.0,0.0,0.0,0.0,0.0,0.0,0.0,0.0,0.0,0.0,0.0,0.0
2017-07-06,0.0,0.0,0.0,0.0,0.0,0.0,0.0,0.0,0.0,0.0,0.0,0.0,0.0,0.0,0.0,0.0
2017-07-07,0.0,0.0,0.0,0.0,0.0,0.0,0.0,0.0,0.0,0.0,0.0,0.0,0.0,0.0,0.0,0.0
2017-07-10,0.0,0.0,0.0,0.0,0.0,0.0,0.0,0.0,0.0,0.0,0.0,0.0,0.0,0.0,0.0,0.0
2017-07-11,0.0,0.0,0.0,0.0,0.0,0.0,0.0,0.0,0.0,0.0,0.0,0.0,0.0,0.0,0.0,0.0
2017-07-12,0.0,0.0,0.0,0.0,0.0,0.0,0.0,0.0,0.0,0.0,0.0,0.0,0.0,0.0,0.0,0.0
2017-07-13,0.0,0.0,0.0,0.0,0.0,0.0,0.0,0.0,0.0,0.0,0.0,0.0,0.0,0.0,0.0,0.0
2017-07-14,0.0,0.0,0.0,0.0,0.0,0.0,0.0,0.0,0.0,0.0,0.0,0.0,0.0,0.0,0.0,0.0
2017-07-17,0.0,0.0,0.0,0.0,0.0,0.0,0.0,0.0,0.0,0.0,0.0,0.0,0.0,0.0,0.0,0.0
2017-07-18,0.0,0.0,0.0,0.0,0.0,0.0,0.0,0.0,0.0,0.0,0.0,0.0,0.0,0.0,0.0,0.0
2017-07-19,0.0,0.0,0.0,0.0,0.0,0.0,0.0,0.0,0.0,0.0,0.0,0.0,0.0,0.0,0.0,0.0
2017-07-20,0.0,0.0,0.0,0.0,0.0,0.0,0.0,0.0,0.0,0.0,0.0,0.0,0.0,0.0,0.0,0.0
2017-07-21,0.0,0.0,0.0,0.0,0.0,0.0,0.0,0.0,0.0,0.0,0.0,0.0,0.0,0.0,0.0,0.0
2017-07-24,0.0,0.0,0.0,0.0,0.0,0.0,0.0,0.0,0.0,0.0,0.0,0.0,0.0,0.0,0.0,0.0
2017-07-25,0.0,0.0,0.0,0.0,0.0,0.0,0.0,0.0,0.0,0.0,0.0,0.0,0.0,0.0,0.0,0.0
2017-07-26,0.0,0.0,0.0,0.0,0.0,0.0,0.0,0.0,0.0,0.0,0.0,0.0,0.0,0.0,0.0,0.0
2017-07-27,0.0,0.0,0.0,0.0,0.0,0.0,0.0,0.0,0.0,0.0,0.0,0.0,0.0,0.0,0.0,0.0
2017-07-28,0.0,0.0,0.0,0.0,0.0,0.0,0.0,0.0,0.0,0.0,0.0,0.0,0.0,0.0,0.0,0.0
2017-07-31,0.0,0.0,0.0,0.0,0.0,0.0,0.0,0.0,0.0,0.0,0.0,0.0,0.0,0.0,0.0,0.0
2017-08-01,0.0,0.0,0.0,0.0,0.0,0.0,0.0,0.0,0.0,0.0,0.0,0.0,0.0,0.0,0.0,0.0
2017-08-02,0.0,0.0,0.0,0.0,0.0,0.0,0.0,0.0,0.0,0.0,0.0,0.0,0.0,0.0,0.0,0.0
2017-08-03,0.0,0.0,0.0,0.0,0.0,0.0,0.0,0.0,0.0,0.0,0.0,0.0,0.0,0.0,0.0,0.0
2017-08-04,0.0,0.0,0.0,0.0,0.0,0.0,0.0,0.0,0.0,0.0,0.0,0.0,0.0,0.0,0.0,0.0
2017-08-07,0.0,0.0,0.0,0.0,0.0,0.0,0.0,0.0,0.0,0.0,0.0,0.0,0.0,0.0,0.0,0.0
2017-08-08,0.0,0.0,0.0,0.0,0.0,0.0,0.0,0.0,0.0,0.0,0.0,0.0,0.0,0.0,0.0,0.0
2017-08-09,0.0,0.0,0.0,0.0,0.0,0.0,0.0,0.0,0.0,0.0,0.0,0.0,0.0,0.0,0.0,0.0
2017-08-10,0.0,0.0,0.0,0.0,0.0,0.0,0.0,0.0,0.0,0.0,0.0,0.0,0.0,0.0,0.0,0.0
2017-08-11,0.0,0.0,0.0,0.0,0.0,0.0,0.0,0.0,0.0,0.0,0.0,0.0,0.0,0.0,0.0,0.0
2017-08-14,0.0,0.0,0.0,0.0,0.0,0.0,0.0,0.0,0.0,0.0,0.0,0.0,0.0,0.0,0.0,0.0
2017-08-15,0.0,0.0,0.0,0.0,0.0,0.0,0.0,0.0,0.0,0.0,0.0,0.0,0.0,0.0,0.0,0.0
2017-08-16,0.0,0.0,0.0,0.0,0.0,0.0,0.0,0.0,0.0,0.0,0.0,0.0,0.0,0.0,0.0,0.0
2017-08-17,0.0,0.0,0.0,0.0,0.0,0.0,0.0,0.0,0.0,0.0,0.0,0.0,0.0,0.0,0.0,0.0
2017-08-18,0.0,0.0,0.0,0.0,0.0,0.0,0.0,0.0,0.0,0.0,0.0,0.0,0.0,0.0,0.0,0.0
2017-08-21,0.0,0.0,0.0,0.0,0.0,0.0,0.0,0.0,0.0,0.0,0.0,0.0,0.0,0.0,0.0,0.0
2017-08-22,0.0,0.0,0.0,0.0,0.0,0.0,0.0,0.0,0.0,0.0,0.0,0.0,0.0,0.0,0.0,0.0
2017-08-23,0.0,0.0,0.0,0.0,0.0,0.0,0.0,0.0,0.0,0.0,0.0,0.0,0.0,0.0,0.0,0.0
2017-08-24,0.0,0.0,0.0,0.0,0.0,0.0,0.0,0.0,0.0,0.0,0.0,0.0,0.0,0.0,0.0,0.0
2017-08-25,0.0,0.0,0.0,0.0,0.0,0.0,0.0,0.0,0.0,0.0,0.0,0.0,0.0,0.0,0.0,0.0
2017-08-28,0.0,0.0,0.0,0.0,0.0,0.0,0.0,0.0,0.0,0.0,0.0,0.0,0.0,0.0,0.0,0.0
2017-08-29,0.0,0.0,0.0,0.0,0.0,0.0,0.0,0.0,0.0,0.0,0.0,0.0,0.0,0.0,0.0,0.0
2017-08-30,0.0,0.0,0.0,0.0,0.0,0.0,0.0,0.0,0.0,0.0,0.0,0.0,0.0,0.0,0.0,0.0
2017-08-31,0.0,0.0,0.0,0.0,0.0,0.0,0.0,0.0,0.0,0.0,0.0,0.0,0.0,0.0,0.0,0.0
2017-09-01,0.0,0.0,0.0,0.0,0.0,0.0,0.0,0.0,0.0,0.0,0.0,0.0,0.0,0.0,0.0,0.0
2017-09-04,0.0,0.0,0.0,0.0,0.0,0.0,0.0,0.0,0.0,0.0,0.0,0.0,0.0,0.0,0.0,0.0
2017-09-05,0.0,0.0,0.0,0.0,0.0,0.0,0.0,0.0,0.0,0.0,0.0,0.0,0.0,0.0,0.0,0.0
2017-09-06,0.0,0.0,0.0,0.0,0.0,0.0,0.0,0.0,0.0,0.0,0.0,0.0,0.0,0.0,0.0,0.0
2017-09-07,0.0,0.0,0.0,0.0,0.0,0.0,0.0,0.0,0.0,0.0,0.0,0.0,0.0,0.0,0.0,0.0
2017-09-08,0.0,0.0,0.0,0.0,0.0,0.0,0.0,0.0,0.0,0.0,0.0,0.0,0.0,0.0,0.0,0.0
2017-09-11,0.0,0.0,0.0,0.0,0.0,0.0,0.0,0.0,0.0,0.0,0.0,0.0,0.0,0.0,0.0,0.0
2017-09-12,0.0,0.0,0.0,0.0,0.0,0.0,0.0,0.0,0.0,0.0,0.0,0.0,0.0,0.0,0.0,0.0
2017-09-13,0.0,0.0,0.0,0.0,0.0,0.0,0.0,0.0,0.0,0.0,0.0,0.0,0.0,0.0,0.0,0.0
2017-09-14,0.0,0.0,0.0,0.0,0.0,0.0,0.0,0.0,0.0,0.0,0.0,0.0,0.0,0.0,0.0,0.0
2017-09-15,0.0,0.0,0.0,0.0,0.0,0.0,0.0,0.0,0.0,0.0,0.0,0.0,0.0,0.0,0.0,0.0
2017-09-18,0.0,0.0,0.0,0.0,0.0,0.0,0.0,0.0,0.0,0.0,0.0,0.0,0.0,0.0,0.0,0.0
2017-09-19,0.0,0.0,0.0,0.0,0.0,0.0,0.0,0.0,0.0,0.0,0.0,0.0,0.0,0.0,0.0,0.0
2017-09-20,0.0,0.0,0.0,0.0,0.0,0.0,0.0,0.0,0.0,0.0,0.0,0.0,0.0,0.0,0.0,0.0
2017-09-21,0.0,0.0,0.0,0.0,0.0,0.0,0.0,0.0,0.0,0.0,0.0,0.0,0.0,0.0,0.0,0.0
2017-09-22,0.0,0.0,0.0,0.0,0.0,0.0,0.0,0.0,0.0,0.0,0.0,0.0,0.0,0.0,0.0,0.0
2017-09-25,0.0,0.0,0.0,0.0,0.0,0.0,0.0,0.0,0.0,0.0,0.0,0.0,0.0,0.0,0.0,0.0
2017-09-26,0.0,0.0,0.0,0.0,0.0,0.0,0.0,0.0,0.0,0.0,0.0,0.0,0.0,0.0,0.0,0.0
2017-09-27,0.0,0.0,0.0,0.0,0.0,0.0,0.0,0.0,0.0,0.0,0.0,0.0,0.0,0.0,0.0,0.0
2017-09-28,0.0,0.0,0.0,0.0,0.0,0.0,0.0,0.0,0.0,0.0,0.0,0.0,0.0,0.0,0.0,0.0
2017-09-29,0.0,0.0,0.0,0.0,0.0,0.0,0.0,0.0,0.0,0.0,0.0,0.0,0.0,0.0,0.0,0.0
2017-10-02,0.0,0.0,0.0,0.0,0.0,0.0,0.0,0.0,0.0,0.0,0.0,0.0,0.0,0.0,0.0,0.0
2017-10-03,0.0,0.0,0.0,0.0,0.0,0.0,0.0,0.0,0.0,0.0,0.0,0.0,0.0,0.0,0.0,0.0
2017-10-04,0.0,0.0,0.0,0.0,0.0,0.0,0.0,0.0,0.0,0.0,0.0,0.0,0.0,0.0,0.0,0.0
2017-10-05,0.0,0.0,0.0,0.0,0.0,0.0,0.0,0.0,0.0,0.0,0.0,0.0,0.0,0.0,0.0,0.0
2017-10-06,0.0,0.0,0.0,0.0,0.0,0.0,0.0,0.0,0.0,0.0,0.0,0.0,0.0,0.0,0.0,0.0
2017-10-09,0.0,0.0,0.0,0.0,0.0,0.0,0.0,0.0,0.0,0.0,0.0,0.0,0.0,0.0,0.0,0.0
2017-10-10,0.0,0.0,0.0,0.0,0.0,0.0,0.0,0.0,0.0,0.0,0.0,0.0,0.0,0.0,0.0,0.0
2017-10-11,0.0,0.0,0.0,0.0,0.0,0.0,0.0,0.0,0.0,0.0,0.0,0.0,0.0,0.0,0.0,0.0
2017-10-12,0.0,0.0,0.0,0.0,0.0,0.0,0.0,0.0,0.0,0.0,0.0,0.0,0.0,0.0,0.0,0.0
2017-10-13,0.0,0.0,0.0,0.0,0.0,0.0,0.0,0.0,0.0,0.0,0.0,0.0,0.0,0.0,0.0,0.0
2017-10-16,0.0,0.0,0.0,0.0,0.0,0.0,0.0,0.0,0.0,0.0,0.0,0.0,0.0,0.0,0.0,0.0
2017-10-17,0.0,0.0,0.0,0.0,0.0,0.0,0.0,0.0,0.0,0.0,0.0,0.0,0.0,0.0,0.0,0.0
2017-10-18,0.0,0.0,0.0,0.0,0.0,0.0,0.0,0.0,0.0,0.0,0.0,0.0,0.0,0.0,0.0,0.0
2017-10-19,0.0,0.0,0.0,0.0,0.0,0.0,0.0,0.0,0.0,0.0,0.0,0.0,0.0,0.0,0.0,0.0
2017-10-20,0.0,0.0,0.0,0.0,0.0,0.0,0.0,0.0,0.0,0.0,0.0,0.0,0.0,0.0,0.0,0.0
2017-10-23,0.0,0.0,0.0,0.0,0.0,0.0,0.0,0.0,0.0,0.0,0.0,0.0,0.0,0.0,0.0,0.0
2017-10-24,0.0,0.0,0.0,0.0,0.0,0.0,0.0,0.0,0.0,0.0,0.0,0.0,0.0,0.0,0.0,0.0
2017-10-25,0.0,0.0,0.0,0.0,0.0,0.0,0.0,0.0,0.0,0.0,0.0,0.0,0.0,0.0,0.0,0.0
2017-10-26,0.0,0.0,0.0,0.0,0.0,0.0,0.0,0.0,0.0,0.0,0.0,0.0,0.0,0.0,0.0,0.0
2017-10-27,0.0,0.0,0.0,0.0,0.0,0.0,0.0,0.0,0.0,0.0,0.0,0.0,0.0,0.0,0.0,0.0
2017-10-30,0.0,0.0,0.0,0.0,0.0,0.0,0.0,0.0,0.0,0.0,0.0,0.0,0.0,0.0,0.0,0.0
2017-10-31,0.0,0.0,0.0,0.0,0.0,0.0,0.0,0.0,0.0,0.0,0.0,0.0,0.0,0.0,0.0,0.0
2017-11-01,0.0,0.0,0.0,0.0,0.0,0.0,0.0,0.0,0.0,0.0,0.0,0.0,0.0,0.0,0.0,0.0
2017-11-02,0.0,0.0,0.0,0.0,0.0,0.0,0.0,0.0,0.0,0.0,0.0,0.0,0.0,0.0,0.0,0.0
2017-11-03,0.0,0.0,0.0,0.0,0.0,0.0,0.0,0.0,0.0,0.0,0.0,0.0,0.0,0.0,0.0,0.0
2017-11-06,0.0,0.0,0.0,0.0,0.0,0.0,0.0,0.0,0.0,0.0,0.0,0.0,0.0,0.0,0.0,0.0
2017-11-07,0.0,0.0,0.0,0.0,0.0,0.0,0.0,0.0,0.0,0.0,0.0,0.0,0.0,0.0,0.0,0.0
2017-11-08,0.0,0.0,0.0,0.0,0.0,0.0,0.0,0.0,0.0,0.0,0.0,0.0,0.0,0.0,0.0,0.0
2017-11-09,0.0,0.0,0.0,0.0,0.0,0.0,0.0,0.0,0.0,0.0,0.0,0.0,0.0,0.0,0.0,0.0
2017-11-10,0.0,0.0,0.0,0.0,0.0,0.0,0.0,0.0,0.0,0.0,0.0,0.0,0.0,0.0,0.0,0.0
2017-11-13,0.0,0.0,0.0,0.0,0.0,0.0,0.0,0.0,0.0,0.0,0.0,0.0,0.0,0.0,0.0,0.0
2017-11-14,0.0,0.0,0.0,0.0,0.0,0.0,0.0,0.0,0.0,0.0,0.0,0.0,0.0,0.0,0.0,0.0
2017-11-15,0.0,0.0,0.0,0.0,0.0,0.0,0.0,0.0,0.0,0.0,0.0,0.0,0.0,0.0,0.0,0.0
2017-11-16,0.0,0.0,0.0,0.0,0.0,0.0,0.0,0.0,0.0,0.0,0.0,0.0,0.0,0.0,0.0,0.0
2017-11-17,0.0,0.0,0.0,0.0,0.0,0.0,0.0,0.0,0.0,0.0,0.0,0.0,0.0,0.0,0.0,0.0
2017-11-20,0.0,0.0,0.0,0.0,0.0,0.0,0.0,0.0,0.0,0.0,0.0,0.0,0.0,0.0,0.0,0.0
2017-11-21,0.0,0.0,0.0,0.0,0.0,0.0,0.0,0.0,0.0,0.0,0.0,0.0,0.0,0.0,0.0,0.0
2017-11-22,0.0,0.0,0.0,0.0,0.0,0.0,0.0,0.0,0.0,0.0,0.0,0.0,0.0,0.0,0.0,0.0
2017-11-23,0.0,0.0,0.0,0.0,0.0,0.0,0.0,0.0,0.0,0.0,0.0,0.0,0.0,0.0,0.0,0.0
2017-11-24,0.0,0.0,0.0,0.0,0.0,0.0,0.0,0.0,0.0,0.0,0.0,0.0,0.0,0.0,0.0,0.0
2017-11-27,0.0,0.0,0.0,0.0,0.0,0.0,0.0,0.0,0.0,0.0,0.0,0.0,0.0,0.0,0.0,0.0
2017-11-28,0.0,0.0,0.0,0.0,0.0,0.0,0.0,0.0,0.0,0.0,0.0,0.0,0.0,0.0,0.0,0.0
2017-11-29,0.0,0.0,0.0,0.0,0.0,0.0,0.0,0.0,0.0,0.0,0.0,0.0,0.0,0.0,0.0,0.0
2017-11-30,0.0,0.0,0.0,0.0,0.0,0.0,0.0,0.0,0.0,0.0,0.0,0.0,0.0,0.0,0.0,0.0
2017-12-01,0.0,0.0,0.0,0.0,0.0,0.0,0.0,0.0,0.0,0.0,0.0,0.0,0.0,0.0,0.0,0.0
2017-12-04,0.0,0.0,0.0,0.0,0.0,0.0,0.0,0.0,0.0,0.0,0.0,0.0,0.0,0.0,0.0,0.0
2017-12-05,0.0,0.0,0.0,0.0,0.0,0.0,0.0,0.0,0.0,0.0,0.0,0.0,0.0,0.0,0.0,0.0
2017-12-06,0.0,0.0,0.0,0.0,0.0,0.0,0.0,0.0,0.0,0.0,0.0,0.0,0.0,0.0,0.0,0.0
2017-12-07,0.0,0.0,0.0,0.0,0.0,0.0,0.0,0.0,0.0,0.0,0.0,0.0,0.0,0.0,0.0,0.0
2017-12-08,0.0,0.0,0.0,0.0,0.0,0.0,0.0,0.0,0.0,0.0,0.0,0.0,0.0,0.0,0.0,0.0
2017-12-11,0.0,0.0,0.0,0.0,0.0,0.0,0.0,0.0,0.0,0.0,0.0,0.0,0.0,0.0,0.0,0.0
2017-12-12,0.0,0.0,0.0,0.0,0.0,0.0,0.0,0.0,0.0,0.0,0.0,0.0,0.0,0.0,0.0,0.0
2017-12-13,0.0,0.0,0.0,0.0,0.0,0.0,0.0,0.0,0.0,0.0,0.0,0.0,0.0,0.0,0.0,0.0
2017-12-14,0.0,0.0,0.0,0.0,0.0,0.0,0.0,0.0,0.0,0.0,0.0,0.0,0.0,0.0,0.0,0.0
2017-12-15,0.0,0.0,0.0,0.0,0.0,0.0,0.0,0.0,0.0,0.0,0.0,0.0,0.0,0.0,0.0,0.0
2017-12-18,0.0,0.0,0.0,0.0,0.0,0.0,0.0,0.0,0.0,0.0,0.0,0.0,0.0,0.0,0.0,0.0
2017-12-19,0.0,0.0,0.0,0.0,0.0,0.0,0.0,0.0,0.0,0.0,0.0,0.0,0.0,0.0,0.0,0.0
2017-12-20,0.0,0.0,0.0,0.0,0.0,0.0,0.0,0.0,0.0,0.0,0.0,0.0,0.0,0.0,0.0,0.0
2017-12-21,0.0,0.0,0.0,0.0,0.0,0.0,0.0,0.0,0.0,0.0,0.0,0.0,0.0,0.0,0.0,0.0
2017-12-22,0.0,0.0,0.0,0.0,0.0,0.0,0.0,0.0,0.0,0.0,0.0,0.0,0.0,0.0,0.0,0.0
2017-12-25,0.0,0.0,0.0,0.0,0.0,0.0,0.0,0.0,0.0,0.0,0.0,0.0,0.0,0.0,0.0,0.0
2017-12-26,0.0,0.0,0.0,0.0,0.0,0.0,0.0,0.0,0.0,0.0,0.0,0.0,0.0,0.0,0.0,0.0
2017-12-27,0.0,0.0,0.0,0.0,0.0,0.0,0.0,0.0,0.0,0.0,0.0,0.0,0.0,0.0,0.0,0.0
2017-12-28,0.0,0.0,0.0,0.0,0.0,0.0,0.0,0.0,0.0,0.0,0.0,0.0,0.0,0.0,0.0,0.0
2017-12-29,0.0,0.0,0.0,0.0,0.0,0.0,0.0,0.0,0.0,0.0,0.0,0.0,0.0,0.0,0.0,0.0
2018-01-01,0.0,0.0,0.0,0.0,0.0,0.0,0.0,0.0,0.0,0.0,0.0,0.0,0.0,0.0,0.0,0.0
2018-01-02,0.0,0.0,0.0,0.0,0.0,0.0,0.0,0.0,0.0,0.0,0.0,0.0,0.0,0.0,0.0,0.0
2018-01-03,0.0,0.0,0.0,0.0,0.0,0.0,0.0,0.0,0.0,0.0,0.0,0.0,0.0,0.0,0.0,0.0
2018-01-04,0.0,0.0,0.0,0.0,0.0,0.0,0.0,0.0,0.0,0.0,0.0,0.0,0.0,0.0,0.0,0.0
2018-01-05,0.0,0.0,0.0,0.0,0.0,0.0,0.0,0.0,0.0,0.0,0.0,0.0,0.0,0.0,0.0,0.0
2018-01-08,0.0,0.0,0.0,0.0,0.0,0.0,0.0,0.0,0.0,0.0,0.0,0.0,0.0,0.0,0.0,0.0
2018-01-09,0.0,0.0,0.0,0.0,0.0,0.0,0.0,0.0,0.0,0.0,0.0,0.0,0.0,0.0,0.0,0.0
2018-01-10,0.0,0.0,0.0,0.0,0.0,0.0,0.0,0.0,0.0,0.0,0.0,0.0,0.0,0.0,0.0,0.0
2018-01-11,0.0,0.0,0.0,0.0,0.0,0.0,0.0,0.0,0.0,0.0,0.0,0.0,0.0,0.0,0.0,0.0
2018-01-12,0.0,0.0,0.0,0.0,0.0,0.0,0.0,0.0,0.0,0.0,0.0,0.0,0.0,0.0,0.0,0.0
2018-01-15,0.0,0.0,0.0,0.0,0.0,0.0,0.0,0.0,0.0,0.0,0.0,0.0,0.0,0.0,0.0,0.0
2018-01-16,0.0,0.0,0.0,0.0,0.0,0.0,0.0,0.0,0.0,0.0,0.0,0.0,0.0,0.0,0.0,0.0
2018-01-17,0.0,0.0,0.0,0.0,0.0,0.0,0.0,0.0,0.0,0.0,0.0,0.0,0.0,0.09493082503245305,0.1055277130832477,-0.09954146188429923
2018-01-18,0.0,0.0,0.0,0.0,0.0,0.0,0.0,0.0,0.0,0.0,0.0,0.0,0.0,0.08714351410089621,0.12604620409779446,-0.08681028180130931
2018-01-19,0.0,0.0,0.0,0.0,0.0,0.0,0.0,0.0,0.0,0.0,0.0,0.0,0.0,0.08562658305888247,0.11869971858587518,-0.09567369835524231
2018-01-22,0.0,0.0,0.0,0.0,0.0,0.0,0.0,0.0,0.0,0.0,0.0,0.0,0.0,0.09249095416363337,0.11684107810540661,-0.09066796773096003
2018-01-23,0.0,0.0,0.0,0.0,0.0,0.0,0.0,0.0,0.0,0.0,0.0,0.0,0.0,0.09113758311862932,0.12338642413068794,-0.08547599275068272
2018-01-24,0.0,0.0,0.0,0.0,0.0,0.0,0.0,0.0,0.0,0.0,0.0,0.0,0.0,0.09030741306381401,0.11551305234281911,-0.09417953459336686
2018-01-25,0.0,0.0,0.0,0.0,0.0,0.0,0.0,0.0,0.0,0.0,0.0,0.0,0.0,0.09351418815540158,0.10937452308674082,-0.09711128875785759
2018-01-26,0.0,0.0,0.3,0.0,0.0,0.0,0.0,0.0,0.0,0.0,0.0,0.0,0.0,0.09701820997866568,0.10871868213309645,-0.09426310788823786
2018-01-29,0.0,0.0,0.3,0.0,0.0,0.0,0.0,0.0,0.0,0.0,0.0,0.0,0.0,0.09152844763153048,0.11221976497348063,-0.09625178739498888
2018-01-30,0.0,0.0,0.08676299185952208,-0.21323700814047788,0.0,0.0,0.0,0.0,0.0,0.0,0.0,0.0,0.0,0.09021997761944067,0.11202834500834762,-0.09775167737221171
2018-01-31,0.0,0.0,0.07940336724885418,-0.2205966327511458,0.0,0.0,0.0,0.0,0.0,0.0,0.0,0.0,0.0,0.09045175742595822,0.11217227098210217,-0.09737597159193954
2018-02-01,0.0,0.0,0.06824889797486025,-0.2317511020251397,0.14950492931981854,0.08529113957642839,0.0,-0.06520393110375305,0.0,0.0,0.0,0.0,0.0,0.09036558180207924,0.11734297463846818,-0.09229144355945255
2018-02-02,0.0,0.0,0.0,-0.3,0.0784886264938998,0.04344950552636109,-0.07379204844234473,-0.10426981953739432,0.0,0.0,0.0,0.0,0.0,0.09723116534742879,0.11701990090137034,-0.08574893375120085
2018-02-05,0.0,0.0,0.0,-0.20108517514287097,-0.03161805645742644,-0.02525157264553682,-0.061087475554257524,-0.08312807048565021,0.07649511096807705,0.10075235468509983,0.0,0.0,-0.023837709489694103,0.06720329239183648,0.07713853614888203,-0.05674334660215246
2018-02-06,-0.08486718601994761,-0.051867963269514476,-0.02327059764095312,-0.06086597495189537,0.0,0.0,-0.09780684306619307,-0.12306487881611748,0.08107120526275996,0.11243998674622376,0.22087172188231058,0.0,-0.027360529873326846,0.07031513452221694,0.0760366642973021,-0.07451992306279152
2018-02-07,-0.08847523693954822,-0.05325703172996524,0.0,-0.06722044980465325,0.0,-0.0292955053743448,-0.08013229042351346,-0.09952492267630846,0.0,0.146444796226775,0.0,-0.20895271847416672,-0.06250792224739171,0.06906458275836265,0.07446459050927132,-0.06542354520653272
2018-02-08,-0.0797633392504028,-0.049648813749633154,-0.016160964374553763,-0.06342875524845194,-0.04116699191691102,-0.034388610555547434,-0.059823577354255385,-0.07362269279632784,0.0,0.13544868325225837,0.13161793230633792,-0.07738394031670377,-0.07355318937078334,0.06172061791787801,0.0732937495293045,-0.07398750517585916
2018-02-09,-0.07720938632528904,-0.0498166162579269,-0.020842643563214514,-0.06030627688128834,-0.03379531654671637,-0.02895920958440727,-0.06624799030457021,-0.07917240659202496,0.0,0.0,0.0,-0.20817492302771876,-0.20817492302771876,0.05734336468946326,0.07566954945013923,-0.07516200888811628
2018-02-12,-0.08191563466293432,-0.050524559446617295,-0.02064076973059964,-0.05831298342626975,-0.02718360198054025,-0.025227387835412885,-0.07289685358901532,-0.08608610386145255,0.0,0.0,0.14017287775627735,-0.07122106951014363,-0.211393947266421,0.05884230463442718,0.07203858873147584,-0.08051305390051797
2018-02-13,-0.08050151427522514,-0.05142718872034661,-0.022347786996476843,-0.06418931462444814,-0.028998841523599328,-0.026324362401629338,-0.0758408094657321,-0.08730179122553597,0.0,0.0,0.21846580461649676,0.0,-0.21846580461649676,0.05997477273923467,0.07362021515886452,-0.0848708167183976
2018-02-14,-0.08639108322571278,-0.05338328542244985,-0.017725149573556285,-0.06789044016712462,0.0,0.0,-0.10472309236224023,-0.12066686602660329,0.0,0.0,0.2253899583888435,0.0,-0.2253899583888435,0.06189669453836921,0.07396041004157201,-0.08953285380890229
2018-02-15,-0.08127390433242661,-0.04943773294919562,-0.015201739714229476,-0.06910313549249372,0.0,0.0,-0.10001746959656985,-0.11499904289177558,0.0,0.13622403999724278,0.21501651248834544,0.0,-0.07879247249110265,0.06464271447115656,0.06995346246293277,-0.08042033555425611
2018-02-16,-0.09077282775716412,-0.05512139414272755,0.0,-0.06245391543402845,0.028703137547689172,0.024413351552990604,-0.07274334616423504,-0.0824883020690053,0.0,0.13365892702340565,0.20834813733392013,0.0,-0.07468921031051447,0.06463619484222352,0.06731407580216409,-0.0763978666895325
2018-02-19,-0.08974780757976991,-0.05449895521911546,0.0,-0.06387736824275514,0.027754590919927557,0.023606568592435394,-0.07282091433721495,-0.0839420571920626,0.0,0.1335152231196621,0.20812413104164051,0.0,-0.07460890792197843,0.0575502294679259,0.06836490586691599,-0.08220899570679864
2018-02-20,-0.09430518867971477,-0.057816914939573735,0.0,-0.06326813734629567,0.0,0.0,-0.0965080514959394,-0.11888218946964478,0.0,0.14440350231384086,0.21539024096558418,0.0,-0.07098673865174333,0.05867284434988456,0.07148461452867731,-0.08523278208702229
2018-02-21,-0.09560003608828488,-0.0590033298917539,0.0,-0.061152026216151394,0.0,0.0,-0.0990236012344528,-0.11673179096173739,0.0,0.14635459017387079,0.21575539219619017,0.0,-0.06940080202231941,0.04990732436315226,0.07824221343518753,-0.08760585439785035
2018-02-22,-0.08895714548166783,-0.05481842860737428,0.0,-0.05720848108757418,0.0,0.0,-0.09115345264398038,-0.10983060253263585,0.0,0.1399275718312438,0.0,0.0,-0.061056483345372496,0.0,0.0897612335169142,-0.11122282165970206
2018-02-23,-0.08711059735643331,-0.052641620462252146,0.0,-0.05774272127860624,0.0,0.03165689717994617,-0.07314743764960957,-0.09269060426773597,0.06752326540357416,0.08979138730149708,0.1974949390972917,0.0,-0.040180286392220446,0.0,0.0843337900761621,-0.11316114902112963
2018-02-26,-0.0848820940060956,-0.051208425597155535,0.0,-0.056736146269879,0.03222165566072606,0.034764634814911245,-0.05605488836309142,-0.06978548703440139,0.06716851591972114,0.0883780193399417,0.0,0.0,-0.03728013061346723,0.0,0.08329632472986759,-0.10953034114326254
2018-02-27,-0.08671828647771705,-0.05202229464725382,0.0,-0.06028528116611184,0.0,0.030938988944606838,-0.07354899634273247,-0.0945378770037434,0.0,0.1397683377800537,0.0,0.0,-0.05925752451102899,0.0,0.08606549101354583,-0.11296037127753689
2018-02-28,-0.08971978903497695,-0.052865950867293045,0.0,-0.0566054035988451,0.0,0.024382586169739876,-0.07381094535600707,-0.10099761197536816,0.0,0.0,0.0,-0.1991911435011151,-0.1991911435011151,0.0,0.08005489315478502,-0.11913625034633009
2018-03-01,-0.09632718283428511,-0.06024047127655627,-0.02518512620102793,0.0,-0.02722776034026011,0.0,-0.06835515521881723,-0.08616986475279197,0.0,0.0,0.0,-0.18175278031186928,-0.18175278031186928,0.0,0.0,-0.18175278031186928
2018-03-02,-0.09361365641343591,-0.05805650788800955,-0.02843460262800277,0.0,-0.022868042985523737,0.0,-0.07212577382124001,-0.0851109501226845,0.0,0.0,0.0,-0.18010476692944824,-0.18010476692944824,0.0,0.0,-0.18010476692944824
2018-03-05,-0.07263849708396873,-0.04542823379266706,-0.02097758128470123,-0.05158150233421737,0.0,0.02243328810832605,-0.07674979024663318,-0.09144273614059513,0.0,0.1309053676743197,0.0,0.0,-0.05972044682123467,0.0,0.0,-0.19062581449555435
2018-03-06,-0.07645180895801373,-0.04641303233945138,-0.02268326627024398,-0.05891771155269489,0.0,0.03501431452200117,-0.07793049259507853,-0.09152101200332426,0.0,0.14392762534099135,0.20446581912040399,0.0,-0.06053819377941262,0.0,0.0708109190201356,-0.1336549001002684
2018-03-07,-0.08410093011517858,-0.05211565314842281,-0.02116064061011384,-0.06162416259099586,0.0,0.05186156949575238,-0.07632789890799488,-0.0908119180609638,0.0,0.0,0.0,0.0,-0.21900138646471107,0.05645963506495737,0.054476641446992366,-0.10806510995276132
2018-03-08,-0.08272549705869821,-0.050551838729309885,-0.019958350552421823,-0.05922001323731989,0.0,0.05130086471528544,-0.07194914773664376,-0.08920568712582062,0.0,0.0,0.0,-0.21245569957774982,-0.21245569957774982,0.05482719379252088,0.057393851456648534,-0.10023465432858038
2018-03-09,-0.07370399558114706,-0.044759087178648675,-0.019820011594039018,-0.05204252488207312,0.03877928898726056,0.045025340997193956,-0.04719312894201502,-0.059327860309438346,0.0,0.1248356785939483,0.0,0.0,-0.06548994064195955,0.0,0.0,-0.19032561923590788
2018-03-12,-0.09827578414345038,-0.05753922975175112,-0.029294176311988565,-0.06795339221879765,0.05235602867284198,0.06168025885954482,-0.05927291611549744,-0.0797533787781035,0.0,0.2530625824259877,0.0,0.0,0.0,0.08622448938068394,0.0,-0.1668380930453038
2018-03-13,-0.13917923737156476,-0.07883894095813124,-0.04836311712371777,0.0,0.040735606603637994,0.0559681514125199,-0.07221646959633705,-0.09746106784091882,0.0,0.0,0.0,0.0,0.0,0.06452968438370874,0.06703680962123217,-0.13481480144847285
2018-03-14,-0.09852848727342854,-0.056519552368724454,-0.041518912519661916,0.0,0.02193749885558203,0.041735198694369265,-0.05640443601407779,-0.07648981859778586,0.0,0.1324593126671559,0.0,0.0,-0.06410763949465902,0.0549279979021419,0.04759208110436587,-0.09404687315530717
2018-03-15,-0.10224461630330267,-0.057209203690820984,-0.04008879803927538,0.0,0.0,0.046910516803952584,-0.06361452455899017,-0.0890175766704563,0.0,0.12833689536153572,0.0,0.0,-0.07120572267186331,0.05049660441202199,0.053097007900509155,-0.0959490057208679
2018-03-16,-0.08147252617961777,-0.04736581548826821,-0.027798536901810184,0.046909933051143035,0.0,0.04747781062954819,-0.06404481189301071,-0.0920241890982803,0.0,0.13766897110774057,0.0,0.0,-0.06587784051309863,0.0,0.06361982130718107,-0.13992699031365813
2018-03-19,-0.07771681180780408,-0.04791375682640061,-0.029700824297540472,0.04572338557781394,0.0,0.0,-0.08410237313011729,-0.1169524053794418,0.0,0.1258552810287817,0.0,0.0,-0.07519949748077741,0.0,0.0,-0.2010547785095591
2018-03-20,-0.09452879343191879,-0.06123972322974233,-0.03193319195537966,0.0,0.0,0.0,-0.07630181117823205,-0.11139989743880876,0.07820151482464988,0.08417438398836072,0.0,-0.1877017086170408,-0.02532580980403022,0.0,0.06661762359036877,-0.12108408502667203
2018-03-21,-0.09548201777680453,-0.05893219461205528,-0.03133136971343176,0.0,0.0,0.0,-0.07832971396547585,-0.1074158681368157,0.07760876551974628,0.07959105657328425,0.0,-0.18574558210229156,-0.028545760009261005,0.0,0.06831667172341906,-0.11742891037887251
2018-03-22,-0.07164736254059056,-0.04196240519445627,-0.029657853578653637,0.05133237759010378,-0.03469379871220436,-0.019362230827793626,-0.060577364421030566,-0.07996660494277567,0.08059933586074093,0.08175128119411026,0.0,-0.19459999890380425,-0.03224938184895307,0.040538157122381194,0.06536455889447854,-0.08869728288694452
2018-03-23,-0.06830686526157304,-0.04017438842717942,-0.03170053435396563,0.05014535098051695,-0.03633457341495611,-0.025832288786706112,-0.05621145868946483,-0.07194881813210798,0.0813059516876595,0.08073191858084083,0.1049292077501793,-0.08539793127305573,-0.028289268754734666,0.0,0.0767696562090915,-0.11355748281414352
2018-03-26,-0.07475906932184008,-0.04489693562920926,-0.03205980486903761,0.05092424098371982,-0.03470570775651346,0.0,-0.07395520316939469,-0.0939791398778986,0.08628859455191332,0.08720341053038051,0.1180892811020248,-0.08455076970178196,-0.029148045721512913,0.04430402155502082,0.06770038641125778,-0.09063564283752819
2018-03-27,-0.07046793848316034,-0.041592256098671336,-0.03256630614107221,0.05024905688740021,-0.036159186599851935,-0.024339677986684516,-0.06019409880586834,-0.07418259421789929,0.08454969782318007,0.08533291658380954,0.10387921543383462,-0.09099634217646946,-0.024992943203314456,0.050861115191213446,0.0674241181982014,-0.07659032422088921
2018-03-28,-0.076614415649514,0.0,-0.037364226630755476,0.07113256903237,-0.03504220188331733,-0.025777766245603198,-0.056023659492868035,-0.06826758369085094,0.07997444888810143,0.07931763505463907,0.0,-0.1851112113126395,-0.025819127369898994,0.04254718070340877,0.06365032829137719,-0.07891370231785352
2018-03-29,0.0,0.0,-0.05878369778631307,0.10882367489534703,-0.02929205660781418,-0.020760848648571435,-0.051712750787498006,-0.06584171663777647,0.07356995276202465,0.07103137769350956,0.0,-0.1676073726816601,-0.02300604222612586,0.0,0.07795149609413828,-0.08965587658752182
2018-03-30,0.0,0.0,-0.0587762279609584,0.10880984633612852,-0.029288334376049604,-0.020758210503652695,-0.05170617948913572,-0.06583334992824887,0.07356060400175303,0.07102235151778308,0.0,-0.1675860742970869,-0.02300311877755078,0.0,0.07717809485307031,-0.0904079794440166
2018-04-02,0.0,0.0,-0.059564435675928964,0.11026902062005613,-0.03876999953624611,-0.02430030652379506,-0.04696560073269105,-0.05979754950325287,0.05964172828449255,0.06913838140106503,0.11617921190952807,-0.053654244386457,-0.04105334661042752,0.0,0.0763174898381883,-0.09351596645779678
2018-04-03,-0.08047397311671418,0.0,-0.03770875294824837,0.062079119403538115,-0.032132350460604135,-0.025618226084419927,-0.054008359688670356,-0.06850290923480623,0.06851080566687225,0.070697018677905,0.11019679722136252,-0.0700650482471381,-0.04105402112372339,0.0,0.08480792795633157,-0.09545391751216906
2018-04-04,-0.11611424949406955,0.0,-0.05450879274737449,0.0,-0.029621824651203485,-0.023083752230451185,-0.05183711105707668,-0.06608035430271271,0.06490494544453347,0.06756548849923186,0.08216822802877384,-0.08845481421267022,-0.03815260829767874,0.0,0.08353332524873876,-0.08708971699270528
2018-04-05,-0.0888093685996638,-0.05276514333042077,-0.03170883473692605,0.0,-0.03763604603243832,-0.030733200726122244,-0.034099654587694525,-0.07081444532075552,0.06293817707518148,0.06596423118571247,0.0,0.0,-0.04438093840611665,0.0,0.08605898777574147,-0.08722435889126914
2018-04-06,-0.062069333126567316,0.0,-0.04811998833851435,0.06868848311163889,-0.03797643920600945,-0.030624513845179765,-0.04871393401810433,-0.06156291750742704,0.10167584266597034,0.0,0.0,-0.17887780457672056,-0.07720196191075022,0.0,0.10207255277254487,-0.0768052518041757
2018-04-09,-0.06623560883276562,0.0,-0.04675605159578491,0.06612358950614337,-0.03809222930262843,-0.03062214226921856,-0.04957505991949624,-0.06082581844335067,0.06905184932740305,0.07036582281770838,0.17911524993469394,0.0,-0.039697577789582515,0.0,0.09103900137567755,-0.08807624855901637
2018-04-10,-0.1177459025528251,0.0,-0.05040590711935496,0.0,-0.04403339979798054,-0.034203460630505673,-0.04104537620954573,-0.04886957303414813,0.06695341184836562,0.06568252083397848,0.16815180967218007,0.0,-0.035515876989835986,0.0,0.08435109915990842,-0.08380071051227163
2018-04-11,-0.056264363367849804,0.0,-0.04294681979346805,0.07200997461984604,-0.04393046628067555,-0.034067494956496316,-0.04352618480520728,-0.049697011738784734,0.06785472753733655,0.06793181902985172,0.1712211577811639,0.0,-0.03543461121397561,0.0,0.1712211577811639,0.0
2018-04-12,-0.10256589110338891,-0.03306028584364029,-0.037864739428903144,0.0,-0.04416852891089158,-0.032519854679449935,-0.04179361292749587,-0.05500891985809495,0.06824614092113539,0.06942690650269198,0.1113149206380932,-0.062175995737839135,-0.03581786895210498,0.0,0.08483802894366424,-0.0886528874322681
2018-04-13,-0.11005619774972474,-0.03771330098508423,-0.03826649193319338,0.0,-0.04978808479751115,-0.03819370550514441,-0.042293395691167475,-0.05576080467417928,0.09347908459514635,0.09255690607285595,0.11731633747124379,-0.06871965319675855,0.0,0.0,0.18603599066800233,0.0
2018-04-16,-0.11193395002773181,-0.03986621912281577,-0.03811320992261678,0.0,-0.04441984087089278,-0.03537475555662393,-0.04439285398231193,-0.06572592866333571,0.09529901430932185,0.09461436476384248,0.18991337907316433,0.0,0.0,0.0,0.18991337907316433,0.0
2018-04-17,-0.1611065805945946,0.0,-0.05538070923743074,0.0,0.0,0.0,0.0,-0.21648728983202536,0.10828403387810279,0.10820325595392256,0.21648728983202536,0.0,0.0,0.0,0.1462109733639163,-0.07027631646810904
2018-04-18,-0.13294791050238747,-0.05060711296350483,-0.043558817951911064,0.0,0.0,0.0,0.0,0.0,0.11414237981737685,0.11297146160042652,0.2271138414178034,0.0,0.0,0.0,0.14080037083205993,-0.08631347058574346
2018-04-19,-0.0728059543445065,-0.04313809570397603,-0.021370800513455007,-0.051424755387315786,0.0,0.0,0.0,0.0,0.07330417726435881,0.06996845015906986,0.0,0.0,-0.04546697852582465,0.0,0.1887396059492533,0.0
2018-04-20,-0.07348861836952236,-0.04483424557913743,-0.022521145616428883,-0.04447156165924331,-0.10372225673414494,-0.08159331449018703,0.0,0.0,0.09466930943221359,0.09064626179211839,0.0,0.0,0.0,0.0,0.0,0.0
2018-04-23,-0.07575151063729997,-0.045914983044112546,-0.013988157818362008,-0.04948627079145558,-0.09938393044117244,-0.08575699185005767,0.0,0.0,0.09514465716246119,0.08999626512876889,0.0,0.0,0.0,0.0,0.0,0.0
2018-04-24,-0.07368337714166821,-0.04556502804859392,-0.011714641396935038,-0.05380402070493384,-0.09756509790934191,-0.0872019693827891,0.0,0.0,0.09554491044115607,0.08922215685097494,0.0,0.0,0.0,0.0,0.0,0.0
2018-04-25,-0.07488154728436239,-0.0469493850970578,-0.01888145513079092,-0.04435221061724229,-0.09926706249892876,-0.0857975356305246,0.0,0.0,0.09641052616015304,0.08865407196930035,0.0,0.0,0.0,0.0,0.0,0.0
2018-04-26,-0.08686901240272882,-0.05379374207172429,-0.021480891413573705,-0.03490656192640465,-0.11133300637135146,-0.08571720144308005,0.0,0.0,0.10379123878944056,0.09325896902499088,0.0,0.0,0.0,-0.19705020781443147,0.0,0.0
2018-04-27,-0.09615646243686793,-0.0563993992440048,-0.026284859599927893,0.0,-0.10183093734960298,-0.07700978393119763,0.0,0.0,0.09376890393329326,0.08507181734750735,0.0,-0.1788407212808006,0.0,-0.17884072128080064,0.0,0.0
2018-04-30,-0.08812623864448517,-0.050516492786455196,-0.015703402905677392,0.038126881615417524,-0.11038251623917315,-0.08209049971286214,0.0,0.0,0.07810363868787024,0.07166563325805161,0.0,-0.19247301595203528,-0.04270374400611343,-0.0959251700103719,-0.09654784594166338,0.0
2018-05-01,-0.10844817239496099,-0.06554506109867687,-0.018460350130333078,0.0,-0.06531526729891478,-0.04646356238368887,0.0,0.08067475394136728,0.1057724745539836,0.08668110906998734,0.0,-0.19245358362397094,0.0,-0.1103198408466625,-0.08213374277730842,0.0
2018-05-02,-0.10773891525238981,-0.06970345600160002,-0.018495832154269115,0.0,-0.06951609164454638,-0.046738063656561454,0.0,0.07968404810715114,0.09713718196486489,0.09880102144339406,0.0,-0.19593820340825896,0.0,-0.11798921351384747,-0.07794898989441146,0.0
2018-05-03,-0.08006720393998878,-0.051467851227081245,-0.025960421397345577,0.052693425409590065,-0.07866676247523792,-0.052370296209027604,0.0,0.07915184328974013,0.1041516236722667,0.10603727830173894,0.0,-0.21018890197400567,0.0,-0.12449025918768027,-0.0856986427863254,0.0
2018-05-04,-0.0861843053909999,-0.05431361325505551,-0.03136578304700664,0.058553970714162434,-0.09231474890945535,0.0,0.0,0.13810292349776918,0.11495389820816307,0.11546377419906144,0.0,-0.2304176724072245,0.0,-0.13559533091728687,-0.09482234148993762,0.0
2018-05-07,-0.09809997725656096,-0.06338553093532923,-0.02175108861523201,0.06030360849228432,0.0,0.0,0.0,0.24354020529940648,0.12255189673303374,0.12098830856637274,0.0,-0.24354020529940648,0.0,-0.12643872682249022,-0.11710147847691628,0.0
2018-05-08,-0.11584430758426312,-0.07399940856188714,-0.03565803267449128,0.0,-0.07358340070278657,0.0,0.0,0.15191834811785496,0.11491494420114948,0.11058680461949208,0.0,-0.22550174882064153,0.0,-0.13827473538030982,-0.08722701344033174,0.0
2018-05-09,-0.14182490294614833,-0.0915257462656963,0.0,0.0,0.0,0.0,0.0,0.23335064921184462,0.11792665316068464,0.11542399605115998,0.0,-0.23335064921184462,0.0,-0.14408780825881742,-0.08926284095302721,0.0
2018-05-10,-0.13881639352049055,-0.08466728004703102,0.0,0.0,0.0,0.05066664172140922,0.0,0.17281703184611233,0.11363333392451005,0.10985033964301154,0.0,0.0,0.0,-0.12313568385709688,-0.10034798971042469,0.0
2018-05-11,-0.1550039142137995,-0.0968820114524514,0.0,0.0,0.0,0.0,0.0,0.2518859256662509,0.12976757567702668,0.12211834998922416,0.0,0.0,0.0,-0.1338247360448906,-0.11806118962136031,0.0
2018-05-14,-0.15163573803893762,-0.09923616482059562,0.0,0.0,0.0,0.0,0.07706150852780451,0.1738103943317288,0.13095084934585213,0.1199210535136812,0.0,0.0,0.0,-0.15046754037178406,-0.10040436248774923,0.0
2018-05-15,-0.14586228629245207,-0.09466440964438799,0.0,0.0,0.0,0.0,0.07689168761194765,0.1636350083248924,0.124348752163445,0.11617794377339505,-0.15063418695525124,-0.0898925089815888,0.0,-0.14433696064632426,-0.09618973529051579,0.0
2018-05-16,-0.15176958298107707,-0.10010310985153645,0.0,0.0,0.0,0.0,0.07686578981460318,0.1750069030180104,0.13225270594784225,0.11961998688477131,-0.1604076548644597,-0.09146503796815386,0.0,-0.10016522839070591,-0.09008732672373099,0.061620137718176655
2018-05-17,-0.11505745659338312,-0.08181326471258206,0.0,-0.06703884147537925,0.0,0.0,0.09130891639326956,0.17260064638807482,0.1401635382219119,0.12374602455943244,-0.19639770040328533,-0.06751186237805906,0.0,-0.10569491109283088,-0.0919625896118364,0.06625206207667714
2018-05-18,-0.1038713626481424,-0.07347351102789797,-0.03126898666405173,-0.052147576841801664,0.0,0.0,0.082374489903135,0.17838694727875878,0.13552576837975078,0.12523566880214299,-0.16562438200457744,-0.09513705517731631,0.0,-0.10103783486954304,-0.08760657774182676,0.072117024570524
2018-05-21,-0.12599669893445298,-0.09021758336808894,-0.04327662392447901,0.0,0.0,0.0,0.08020906814481228,0.17928183808220866,0.1337869076957668,0.12570399853125414,-0.2594909062270209,0.0,0.0,-0.10077065504613388,-0.08793603146583301,0.07078421971505403
2018-05-22,-0.10895706114589379,-0.07899859451372551,0.0,-0.06704857012096746,0.0,0.0,0.08328958521765417,0.17171464056293262,0.10116964966529077,0.09355792552977805,-0.2550042257805868,0.0,0.06027665058551795,-0.09842539612950332,-0.08789334446276349,0.06868548518831993
2018-05-23,-0.1096950409480654,-0.08047167474314564,-0.04496393908075127,0.0,0.0,0.0,0.0,0.2351306547719623,0.09177105042980145,0.08132951567725928,-0.15078453297424216,-0.08434612179772012,0.06203008866490156,-0.09248511107528568,-0.08116105225548316,0.061484491441193466
2018-05-24,-0.10521754394229765,-0.07489533421557501,-0.05144944589332594,0.0,0.0,0.0,0.0,0.23156232405119856,0.08640786492121194,0.07288244845780548,-0.23156232405119856,0.0,0.0722720106721811,-0.11915786684743915,-0.11240445720375943,0.0
2018-05-25,-0.07699601598704152,-0.053123872199388404,-0.04309086801993749,0.060078048161885174,0.0,0.0,0.0,0.23328880436825256,0.08335894607260264,0.05854741385359282,-0.1625129462701094,-0.07077585809814317,0.09138244444205712,-0.1214767116867237,-0.11181209268152886,0.0
2018-05-28,-0.07616315678000055,-0.05254923589505838,-0.04500907433211853,0.059428189141113266,0.0,0.0,0.0,0.23314965614829075,0.08330922551702215,0.05851249246744591,-0.16241601325501906,-0.0707336428932717,0.0913279381638227,-0.1205536485763289,-0.11259600757196185,0.0
2018-05-29,0.0,0.0,-0.08935827714388886,0.1526688759035381,0.0,0.0,-0.11843614545213187,0.1235910075952951,0.24202715304742695,0.0,-0.14856440607694574,-0.09346274697048124,0.0,-0.12734995399031115,-0.11467719905711582,0.0
2018-05-30,0.0,0.0,-0.08335806958201644,0.12549699688629354,0.0,0.0,-0.09559441849361566,0.11326064797469432,0.08080501626769804,0.05662969508134708,-0.1285371258035483,-0.08031794066476165,0.07142035511926487,-0.11034515968617542,-0.09850990678213459,0.0
2018-05-31,0.0,0.0,-0.08812872911575442,0.13831899462911826,0.0,0.0,-0.11279291295196267,0.11365481079291007,0.11904347655799309,0.0,-0.14016202166304745,-0.08628570208182525,0.1074042471868796,-0.11524806882642917,-0.11119965491844354,0.0
2018-06-01,0.0,0.0,-0.0915670561220048,0.1274263024513811,0.0,0.029952364314898592,-0.08674784523282209,0.10229314902566523,0.12100103794745737,0.0,-0.2189933585733859,0.0,0.09799232062592857,-0.1107571478115887,-0.10823621076179721,0.0
2018-06-04,-0.09960336592825147,0.0,-0.053381368649741086,0.07919963271868408,0.0,0.031921792230243114,-0.08043263279949263,0.11982994226694091,0.11002289017971167,0.0,-0.23218436729667663,0.0,0.12216147711696497,-0.12118499098386841,-0.11099937631280822,0.0
2018-06-05,0.0,0.0,-0.09866553919632655,0.11974929496434304,0.0,0.031775380096018144,-0.07574686042145619,0.1108925936431953,0.11395584313520371,0.0,-0.21841483416066962,0.0,0.10445899102546591,-0.11121582107218382,-0.1071990130884858,0.0
2018-06-06,-0.08587489842279779,-0.053834689227891655,-0.04394908603633523,-0.04999377182395997,0.0,0.04213805549339134,-0.07140074845200609,0.12011364156558725,0.12109609272166831,0.0,-0.15993848380864167,0.07371396170234297,0.11255635278931637,-0.12295908102625425,-0.11069336448473036,0.0
2018-06-07,0.0,0.0,-0.10399335952319734,-0.1094590580249459,0.0,0.03060219397129973,-0.0715635042459482,0.1112867193308953,0.11071486976129477,0.0,-0.13707418304915556,0.07637823449898767,0.10273754778684847,-0.10815542711242858,-0.10529699043571464,0.0
2018-06-08,0.0,0.0,-0.11538865558835036,-0.1100138573668842,0.0,0.0,-0.09465425849243808,0.13074825446279653,0.11484603301609816,0.0,-0.13367562214621762,0.09172689080901697,0.11055647993913637,-0.11359022190792896,-0.11181229104730563,0.0
2018-06-11,-0.0868264070459776,-0.05512479087894416,-0.04505176801364554,-0.05936801394429196,0.0,0.0,-0.0928021046175135,0.1535688752653458,0.11226897845777888,0.0,-0.1606745426422309,0.0856964372406284,0.1341020014250804,-0.1252382865662848,-0.12113269331657446,0.0
2018-06-12,-0.10899395420699912,-0.06766287211555999,-0.0563553980971947,0.0,0.0,0.036792553821649865,-0.08193024909924375,0.11428942149886019,0.10409912728395333,0.0,-0.15687122166095255,0.07614100275880122,0.1289130971358005,-0.09143387867797004,-0.0884296894635363,0.05314865627824746
2018-06-13,-0.11822240934371421,-0.07195744276775803,-0.057542506905731566,0.0,0.0,0.0,-0.10229163015615467,0.14543072886104916,0.10675543624601964,0.0,-0.15967351842645372,0.08804884059075008,0.14096692277118414,-0.09853931023582811,-0.09376825705313484,0.055414791728240875
2018-06-14,-0.1013261833671919,0.0,-0.05551009759319095,0.07659095658094188,0.0,0.06491680765955313,0.0,0.16851042988177165,0.09303918920147698,0.0,0.0,0.23342723754132474,0.14038804833984778,-0.09040195451165234,-0.09545671098985681,0.047568572039815564
2018-06-15,0.0,0.0,-0.11829754551919676,0.1298073018317366,0.0,0.0836541656593802,0.0,0.1644506816915532,0.0,0.0,-0.24810484735093338,0.0,0.24810484735093338,-0.0917156358217849,-0.10182011366187467,0.054569097867273826
2018-06-18,0.0,0.0,-0.1153702064576155,0.13299059494579904,0.0,0.0613010691188278,-0.09564834378558425,0.09141138849900253,0.0,0.0,-0.24836080140341454,0.0,0.2483608014034145,-0.09354858321771975,-0.10422624364637324,0.050585974539321545
2018-06-19,0.0,0.0,-0.11081230086276539,0.12036204547457398,0.0,0.04423345887444018,-0.10506238160591796,0.08187850585698125,0.0,0.0,-0.15423625837252186,-0.07693808796481759,0.2311743463373394,-0.10764185770134865,-0.12353248863599076,0.0
2018-06-20,0.0,0.0,-0.12261847006851503,0.11199791555756006,0.0,0.053126924579315206,-0.0987021877610678,0.0827872732856921,0.0,0.0,-0.15434329250750584,-0.08027309311856924,0.23461638562607512,-0.10913414469585318,-0.12548224093022192,0.0
2018-06-21,0.0,0.0,-0.12043833686745213,0.12839929328787048,0.0,0.08590808581926813,-0.16292954433605444,0.0,0.0,0.0,-0.16567514780026601,-0.08316248235505658,0.2488376301553226,-0.09260180481611496,-0.10585049780754333,0.05038532753166433
2018-06-22,0.0,0.0,-0.10361483664151135,0.11378886771640119,0.0,0.05260387621681058,-0.08051548524073347,0.08428434290036851,0.0,0.06861538039007496,-0.1501648642914819,-0.06723884006643062,0.1487883239678376,-0.10310943490722542,-0.11429426945068717,0.0
2018-06-25,0.0,0.0,-0.22604025528108945,0.0,0.0,0.0,-0.22604025528108945,0.0,0.0,0.0,-0.15313207953240804,-0.0729081757486814,0.22604025528108945,-0.10510772287404081,-0.12093253240704861,0.0
2018-06-26,0.0,0.0,-0.09898709858858704,0.10179878343450638,0.0,0.0,-0.20078588202309341,0.0,0.05180611770739358,0.06464536455740583,-0.1397502373635214,-0.061035644659572015,0.08433439975829403,-0.09202370602598764,-0.10876217599710578,0.0
2018-06-27,0.0,0.0,-0.0797450195158138,0.12276821212315314,0.0,0.0,-0.09852832917614335,0.10398490246282359,0.05249192286798006,0.0677513844434976,-0.14062349146493588,-0.06188974017403105,0.0822699243274893,-0.09258058102711435,-0.10993265061185262,0.0
2018-06-28,0.0,0.0,-0.0884709060078003,0.12172361021110675,0.0,0.0,-0.21019451621890703,0.0,0.05548974910353325,0.07757935842508243,-0.14252776750373097,-0.06766674871517604,0.07712540869029134,-0.07288283578245708,-0.08651478832554067,0.05079689211090926
2018-06-29,0.0,0.0,-0.10342053099759965,0.11107172225440069,0.0,0.0,-0.10514260237814231,0.109349650873858,0.0686447999769413,0.08331579986518343,-0.14357919046609344,-0.0709130627859069,0.0625316534098756,-0.07451297452207933,-0.0879861578475482,0.0519931208823728
2018-07-02,0.0,0.0,-0.09696285476884384,0.12484233949898234,0.0,0.08073605831688818,-0.14106913595093798,0.0,0.08531959735970161,0.1364855969081246,-0.1475813500759077,-0.07422384419191846,0.0,-0.07426537033373852,-0.08825143148563132,0.05928839244845635
2018-07-03,0.0,0.0,-0.08340861940670058,0.14745614529261541,-0.10419103142152257,0.0,-0.12667373327779344,0.0,0.09439357704436421,0.1364711876549518,-0.14873365130009422,-0.08213111339922176,0.0,-0.07755883340715047,-0.09517719087513342,0.058128740417032115
2018-07-04,0.0,0.0,-0.09190714432075726,0.13899539876693776,-0.10951491618580397,0.0,-0.12138762690189105,0.0,0.09440902347777172,0.13649351960992331,-0.14875798986752856,-0.08214455322016645,0.0,-0.08309384725281979,-0.09802858257114731,0.049780113263727915
2018-07-05,0.0,0.0,-0.07473031478039803,0.15279990366029156,0.0,0.0,-0.22753021844068957,0.0,0.09554337939353355,0.13198683904715605,-0.13970874611586057,-0.08782147232482902,0.0,-0.07939885262487159,-0.09348085070518607,0.05465051511063192
2018-07-06,0.0,0.0,-0.07859796619328399,0.1480807531301857,0.0,0.09718720106603954,-0.12949151825743013,0.0,0.09002198902772082,0.13665673029574887,-0.14277906696296377,-0.08389965236050588,0.0,-0.07616836357892025,-0.09026652799065434,0.06024382775389508
2018-07-09,0.0,0.0,-0.07810758650765912,0.15112274925462776,0.0,0.06977906721049257,-0.074233745113591,0.0852175234382033,0.09269020323910027,0.1365401325231866,-0.14589774873084807,-0.08333258703143877,0.0,-0.06287145670877588,-0.0974645678476307,0.06889431120588027
2018-07-10,0.0,0.0,-0.0842955645775661,0.1455203877605196,0.0,0.06570770990651006,-0.08003476206103682,0.08407348037053879,0.0962035377678589,0.13361241457022677,-0.14666779197967833,-0.08314816035840737,0.0,-0.05858082932762226,-0.0950995104216269,0.07613561258883654
2018-07-11,0.0,0.0,-0.09499006112148721,0.14693180115134843,0.0,0.08021623185555156,-0.1617056304172841,0.0,0.0,0.24192186227283566,-0.15777401484624828,-0.08414784742658737,0.0,-0.07883465178986383,-0.09303067374379728,0.07005653673917456
2018-07-12,0.0,0.0,-0.0817596311913509,0.15943813905139553,0.0,0.10903504238247536,-0.13216272786027106,0.0,0.0,0.24119777024274644,-0.15800463244719992,-0.08319313779554649,0.0,-0.07444213900889513,-0.08863443478714408,0.0781211964467072
2018-07-13,0.0,0.0,-0.08410849158465569,0.14277618587689087,0.0,0.09726522866959726,-0.12961944879194934,0.0,0.0,0.0940653997754747,-0.14815899771903773,-0.07872567974250884,-0.13281927768607188,-0.06852350773955844,-0.08374947963739814,0.07461169008459002
2018-07-16,0.0,0.0,-0.09709802369164862,0.15762707350774322,0.0,0.09090415029211758,-0.16382094690727425,0.0,0.0,0.0,-0.16684978919261964,-0.08787530800677221,-0.25472509719939185,-0.07557984372334008,-0.0948173758710067,0.08432787760504504
2018-07-17,0.0,0.0,-0.09349706421826276,0.16445642839154292,0.0,0.10768524180588274,-0.15026825080392298,0.0,0.0,0.0,-0.1697173403345271,-0.08823615227527862,-0.2579534926098057,-0.07478180687793258,-0.09479640739319763,0.08837527833867546
2018-07-18,0.0,0.0,-0.09069220223174906,0.17275175944327423,0.0,0.0,0.0,0.26344396167502326,0.0,0.0,-0.1749369222758855,-0.08850703939913779,-0.26344396167502326,-0.07640590144211007,-0.09492578510420786,0.09211227512870539
2018-07-19,0.0,0.0,-0.07871201987979476,0.18425788682871325,0.0,0.0,0.0,0.262969906708508,0.0,0.0,-0.1759636151708957,-0.08700629153761233,-0.262969906708508,-0.07597739967087147,-0.09438107882234929,0.09261142821528724
2018-07-20,0.0,0.0,-0.08824866083251003,0.17184938963185664,0.0,0.0,-0.13782903828041937,0.12226901218394728,0.0,0.0,-0.17626374985115176,-0.08383430061321485,-0.2600980504643666,-0.07602096749989441,-0.09708517560632618,0.086991907358146
2018-07-23,0.0,-0.06805853974924811,-0.06786034010494821,0.13246593873094095,0.0,0.0,-0.2683848185851373,0.0,0.0,0.0,-0.18248133414068957,-0.08590348444444769,-0.2683848185851373,-0.0648240798510127,-0.11995952928586344,0.08360120944826115
2018-07-24,0.0,-0.06207872507468981,-0.05642214909166073,0.14595873695579015,0.0,0.1169581094481296,0.0,0.1475015016740111,0.0,0.0,-0.18396371630059502,-0.08049589482154566,-0.26445961112214067,-0.06585874813823342,-0.11338775638088625,0.08521310660302103
2018-07-25,0.0,0.0,-0.07098309275175706,0.1902891121078911,0.12913428926136264,0.13213791559828544,0.0,0.0,0.0,0.0,-0.18052727346245218,-0.08074493139719593,-0.26127220485964814,-0.08164993336432999,-0.10376768097270445,0.07585459052261366
2018-07-26,-0.07825459404062776,-0.05805852556168245,-0.0454716948033904,0.10018428965332622,0.0,0.2819691040590268,0.0,0.0,0.0,0.0,-0.19460108818157684,-0.08736801587744997,-0.2819691040590268,-0.06954280023567842,-0.12524849843530803,0.08717780538804035
2018-07-27,-0.07900931631168247,-0.0602173590539917,-0.04442925052487602,0.10147898021782961,0.0,0.0,0.0,0.2851349061083798,0.0,0.0,-0.1967013998783269,-0.08843350623005293,-0.2851349061083798,-0.0904487776870621,-0.11324133527912002,0.08144479314219773
2018-07-30,-0.12335944197726287,-0.10325472265718627,-0.047503441286654687,0.0,0.0,0.0,0.0,0.27411760592110385,0.0,0.0,-0.18976885930816725,-0.08434874661293656,-0.27411760592110385,-0.08872751339864153,-0.1106135527997789,0.0747765397226834
2018-07-31,-0.12983924458963267,-0.10062712020282859,-0.04271561745835121,0.0,0.0,0.0,0.0,0.2731819822508124,0.0,0.0,-0.19230787495334356,-0.08087410729746887,-0.2731819822508124,-0.06838795933853527,-0.12447840567155843,0.08031561724071874
2018-08-01,-0.12709080620741278,-0.1018722738526431,-0.043346828438593256,0.0,0.0,0.0,0.0,0.0,0.0,0.0,-0.1888495713957494,-0.08346033710289973,-0.27230990849864917,-0.06405319102130654,-0.11231378658234838,0.09594293089499423
2018-08-02,-0.12253904919913017,-0.1010902981513986,-0.07438955225185997,0.0,0.17194960406911008,0.1260692955332787,0.0,0.0,0.0,0.0,-0.20883413361696684,-0.08918476598542194,0.0,-0.09208272888841873,-0.11209010971396972,0.0938460610000003
2018-08-03,0.0,-0.14879730294419258,-0.12735142026163754,0.0,0.11176545792637138,0.07862201806752726,0.0,0.08576124721193143,0.0,0.0,-0.19657316993824317,-0.07957555326758693,0.0,-0.08655006518702389,-0.10437228189215593,0.08522637612665025
2018-08-06,0.0,-0.07707168788181461,-0.07098010933831603,0.14137481449077519,0.12300829934951751,0.08933205104060138,0.0,0.07708626132078691,0.0,0.0,-0.20465453391098792,-0.08477207779991791,0.0,-0.09443260816598276,-0.11224922859741376,0.08274477494750931
2018-08-07,0.0,-0.14347663608759054,-0.1117569923014204,0.0,0.10385635574337289,0.07006350883740992,0.0,0.0813137638082281,0.0,0.0,-0.1813291451372313,-0.0739044832517796,0.2552336283890109,-0.08313224635104989,-0.10053851347748305,0.07156286856047796
2018-08-08,0.0,-0.058261915252716706,-0.05414240138688588,0.10508991295464959,0.08285131440731865,0.06195169927242213,0.0,0.07269121591451137,-0.04958819439658758,-0.046353332756476386,-0.15396645861083486,-0.06352777098341729,0.1215527024411882,-0.07042547141302945,-0.08494120847711009,0.06212754970411265
2018-08-09,0.0,0.0,-0.08407820691711851,0.17724164676362633,0.1048594582524957,0.07761136898466028,0.0,0.07884902644358882,0.0,0.0,-0.1937338309244264,-0.06758602275631842,0.2613198536807448,-0.08439568949091132,-0.10633482947041595,0.07058933471941753
2018-08-10,0.0,0.0,-0.07379121438349844,0.18389465696559795,0.07509120115490765,0.06085456073839556,-0.05663171272214198,0.06510839673365122,0.0,0.0,-0.18956619417189177,-0.06811967717720463,0.2576858713490964,-0.08461705176934249,-0.10441584772620792,0.06865297185354596
2018-08-13,0.0,0.0,-0.0694792368940833,0.16981788287475325,0.0,0.11360914486889089,-0.12568797489994563,0.0,0.0,0.0,-0.17393718089398724,-0.06535993887484931,0.23929711976883655,-0.10711144844817762,-0.13218567132065892,0.0
2018-08-14,0.0,0.0,-0.07338129018479728,0.1734265100492553,0.0964644185393931,0.0814317610326498,-0.06891162066200966,0.0,0.0,0.0,-0.17649619636965994,-0.07031160386439264,0.24680780023405258,-0.10986289153632083,-0.1369449086977318,0.0
2018-08-15,0.0,0.0,-0.05331548754178234,0.14407844765125666,0.0,0.0,-0.197393935193039,0.0,-0.043482494035665405,-0.043381200062702435,-0.14087634481082403,-0.05651759038221497,0.11053024109467116,-0.06688643022640088,-0.0824068453004196,0.04810065966621851
2018-08-16,0.0,0.0,-0.06353195379282486,0.1750753557416632,0.0,0.0,-0.23860730953448805,0.0,0.0,0.0,-0.17312413935883034,-0.0654831701756577,0.23860730953448805,-0.1067914219933135,-0.13181588754117457,0.0
2018-08-17,0.0,0.0,-0.07560248188241937,0.18304035123882215,0.12457445571525322,0.0,-0.1340683774059883,0.0,0.0,0.0,-0.18878728967840477,-0.06985554344283676,0.25864283312124153,-0.08927803543478552,-0.11005075833786408,0.05931403934859196
2018-08-20,0.0,0.0,-0.05785002635669787,0.15758534177202801,0.11288405372089247,0.0,-0.10255131440783342,0.0,0.0,-0.05813176578987069,-0.1576878877645797,-0.057747480364146175,0.15730360233885518,-0.09451018771253529,-0.1209251804161906,0.0
2018-08-21,0.0,0.0,-0.07448557337911807,0.17446304819845737,0.14327198309721317,0.0,-0.10567663848036227,0.0,0.0,0.0,-0.18181863684663416,-0.0671299847309413,0.24894862157757544,-0.10840031070149111,-0.1405483108760843,0.0
2018-08-22,0.0,0.0,-0.23403466112655263,0.0,0.1369340392005838,0.0,-0.09710062192596883,0.0,0.0,0.0,-0.1678794176596915,-0.06615524346686114,0.23403466112655263,-0.10164655474863352,-0.13238810637791912,0.0
2018-08-23,0.0,0.0,-0.08769280647721711,0.156231623268395,0.0,0.0,-0.2439244297456121,0.0,0.0,0.0,-0.1763408121497814,-0.06758361759583072,0.2439244297456121,-0.10633966139721462,-0.13758476834839742,0.0
2018-08-24,0.0,0.0,-0.24936736571889256,0.0,0.1483260605360308,0.0,-0.10104130518286177,0.0,0.0,0.0,-0.17528069702625368,-0.07408666869263887,0.24936736571889256,-0.07493897744219237,-0.0961201608014422,0.07830822747525797
2018-08-27,0.0,0.0,-0.24853293516520397,0.0,0.16050147186297734,0.08803146330222665,0.0,0.0,0.0,0.0,-0.17344198691598417,-0.0750909482492198,0.24853293516520397,-0.04106689055342162,-0.10801053450037872,0.09945551011140363
2018-08-28,0.0,0.0,-0.27070211439525266,0.0,0.1710574479192782,0.09964466647597445,0.0,0.0,0.0,0.0,-0.19240565381752794,-0.07829646057772471,0.0,-0.04655246030223417,-0.11681467872276274,0.10733497537025574
2018-08-29,0.0,0.0,-0.2507793562592085,0.0,0.1532150205406015,0.09756433571860702,0.0,0.0,0.0,0.0,-0.17529251129659293,-0.07548684496261557,0.2507793562592085,-0.04448890863218292,-0.11020265508956963,0.09608779253745595
2018-08-30,0.0,0.0,-0.20470194841307102,0.0,0.09849949250391056,0.05933773304274515,-0.04686472286641531,0.0,0.055681756856618796,0.05897363101535705,-0.1437227333227051,-0.0609792150903659,0.09004656054109518,-0.036665999635097465,-0.08122451692063068,0.08681143185734287
2018-08-31,0.0,0.0,-0.237599019330148,0.0,0.08506313630334178,0.04928394277861942,-0.05602826766216996,-0.047223672586016806,0.0,0.0,-0.1625438000698914,-0.0750552192602566,0.237599019330148,-0.0791354137217638,-0.15846360560838418,0.0
2018-09-03,0.0,0.0,-0.24954200333809126,0.0,0.11472797128413771,0.06647117679403507,-0.06834285525991846,0.0,0.0,0.0,-0.17071411159010702,-0.07882789174798426,0.24954200333809126,-0.07540082806475516,-0.09529609408977123,0.07884508118356484
2018-09-04,0.0,0.0,-0.2232848466965284,0.0,0.08155111337808202,0.04223472648097091,-0.059600183285232505,-0.03989882355224293,0.2232848466965284,0.0,-0.15207975417636044,-0.07120509252016795,0.0,-0.09582761483371209,-0.1274572318628163,0.0
2018-09-05,0.0,0.0,-0.24831132454917565,0.0,0.08738311214560647,0.0,-0.0949869756633504,-0.06594123674021878,0.0,0.0,-0.1684304944560847,-0.07988083009309098,-0.24831132454917565,-0.0718620117332727,-0.09165832033062547,0.08479099248527754
2018-09-06,0.0,0.0,-0.2384537357279995,0.0,0.0,0.0,-0.13211997033910183,-0.10633376538889763,0.0,0.0,-0.16240950985260424,-0.07604422587539521,-0.2384537357279995,-0.04903339407434147,-0.09804425333080907,0.09137608832284896
2018-09-07,0.0,0.0,-0.2292879154592034,0.0,0.0,0.0,-0.12324783785690664,-0.10604007760229676,0.0,0.0,-0.15639781243608736,-0.07289010302311608,-0.2292879154592034,-0.08699957427346325,-0.14228834118574016,0.0
2018-09-10,0.0,0.0,-0.2297590737272417,0.0,0.0,0.0,-0.11858403285686991,-0.11117504087037182,0.0,0.0,-0.1576543683217239,-0.07210470540551783,-0.2297590737272417,-0.1134946975359105,-0.11626437619133119,0.0
2018-09-11,0.0,-0.12354126491493288,-0.109837334561429,0.0,0.0,0.0,-0.1216987423414552,-0.11167985713490665,0.23337859947636186,0.0,-0.16458992042589216,-0.06878867905046974,0.0,-0.1417666890540257,-0.09161191042233618,0.0
2018-09-12,0.0,0.0,-0.1121601705235281,-0.14425308496043202,0.0750678215931845,0.0,-0.10132115916206946,-0.08002427472870616,0.2564132554839601,0.0,-0.17810846110064135,-0.07830479438331878,0.0,-0.08977059642237312,-0.06297706821952284,0.10366559084206416
2018-09-13,0.0,0.0,-0.0859899106594258,-0.1372546884548581,0.07551232299729088,0.0,-0.07854000904195896,-0.06919226707503405,0.09636569259918869,0.0,-0.15772173825294078,-0.06552286086134312,-0.12687890651509523,0.0,-0.2232445991142839,0.0
2018-09-14,-0.06081071755088997,-0.06224498822338872,-0.0450791681033303,-0.08597014782225956,0.0958370882896567,0.0,-0.0867306820433341,-0.07153725136687776,0.09791155067815123,0.0,-0.17963811778858893,-0.0744669039112796,-0.15619347102171732,0.0,0.0,0.25410502169986854
2018-09-17,-0.06380199929436717,-0.06722566720598776,-0.048352031449106665,-0.09387870629337054,0.09130233259391829,0.0,-0.09472253181820678,-0.08723353983070709,0.27325840424283215,0.0,-0.19033287057802634,-0.08292553366480579,0.0,0.0,0.0,0.27325840424283215
2018-09-18,-0.06409159655985316,-0.06567855627584306,-0.036359226132555676,-0.09012667383567022,0.09377675384500334,0.0,-0.08766766856987644,-0.07481163038904236,0.11132504715101715,0.0,-0.20886975697082213,-0.047386295833099945,0.14493100565290498,0.0,0.0,0.2562560528039221
2018-09-19,-0.06179650016792296,-0.06429546938973602,-0.02951548598362617,-0.10115086147256985,0.10956340771219959,0.0,-0.07661830074414386,-0.07057660855751156,0.11882823190206318,0.0,-0.2049825365980559,-0.05177578041579909,0.13793008511179186,0.0,0.0,0.256758317013855
2018-09-20,-0.08080718500052134,-0.08108892453649157,0.0,-0.0949314690039793,0.11384412031247185,0.04410499297970338,-0.04947739052636704,-0.04940107472244992,0.1000157059234721,0.0,-0.20617533695923546,-0.050652241581756755,0.15681187261752008,0.0,0.0,0.2568275785409922
2018-09-21,-0.0957756718952578,-0.10172054384803769,0.0,-0.10250378425670448,0.2149417430075961,0.08505825699240387,0.0,0.0,0.0,0.0,-0.3,0.0,0.3,0.0,0.0,0.3
2018-09-24,-0.07995382217670528,-0.08476454710907655,0.0,-0.11689632514188922,0.1999980299223825,0.0816166645052886,0.0,0.0,0.10031715494092555,0.0,-0.28161469442767106,0.0,0.1812975394867455,0.0,0.0,0.28161469442767106
2018-09-25,-0.08313300155153301,-0.08512774870994635,0.0,-0.11373599616323403,0.18496940233228149,0.09702734409243188,0.0,0.0,0.09070416951042612,0.0,-0.2819967464247134,0.0,0.1912925769142873,0.0,0.0,0.2819967464247134
2018-09-26,-0.0889335962390079,-0.09233769561861185,0.0,-0.11872870814238023,0.18783260801049312,0.11216739198950688,0.0,0.0,0.0,0.0,-0.3,0.0,0.3,0.0,0.0,0.3
2018-09-27,-0.07288808680518491,-0.07860374645540226,0.0,-0.10292599037891006,0.11874005241972985,0.07451229332950118,0.0,0.06116547789026621,0.08225440696768559,0.0,-0.2207367678098366,-0.03368105582966071,0.17216341667181162,0.0,0.0,0.2544178236394972
2018-09-28,-0.0738207019926681,-0.08235738540481537,-0.02889141457180885,-0.10548938212614727,0.17965592610179792,0.1109029579936417,0.0,0.0,0.11484144227398335,0.0,-0.2905588840954396,0.0,0.1757174418214563,-0.0728548726801223,-0.06298049464641904,0.15472351676889828
2018-10-01,-0.06331396326544886,-0.07352873826586284,-0.028702142877820018,-0.09419517200908957,0.16404108938282694,0.09569892703539436,0.0,0.0,0.08446269529290232,0.056900385418767546,-0.25974001641822125,0.0,0.11837693570655143,-0.08989670530734681,-0.049550794660109886,0.12029251645076458
2018-10-02,-0.0676749967916613,-0.07570936864860643,-0.03492092671803303,-0.0814685290806478,0.1342788353129065,0.07739066192723915,-0.04810432399880287,0.0,0.08102069114020957,0.0564191604550418,-0.25977382123894854,0.0,0.12233396964369714,-0.09051973439555484,-0.04763185155257642,0.12162223529081725
2018-10-03,-0.07469883891354362,-0.07102664609502704,-0.030026648265694844,-0.08096211960013978,0.16306463990852,0.09364961296588532,0.0,0.0,0.07884577388834617,0.05991227170236201,-0.2567142528744053,0.0,0.11795620728369714,-0.0932630551926322,-0.05043007370284263,0.11302112397893047
2018-10-04,-0.07957311376551521,-0.0714061163076079,-0.027044163838850045,-0.08932636896765415,0.10648333685142916,0.04439325308023779,-0.06452179585978644,-0.05195137708817392,0.09410497078815082,0.055267394222497594,-0.2673497628796273,0.0,0.11797739786897886,-0.08806189263755072,-0.0717256872097593,0.10756218303231724
2018-10-05,-0.07746015698132379,-0.0696947386368107,-0.028712223123395657,-0.09261187590183054,0.09522043931690012,0.0,-0.08654431518336121,-0.08671424014309932,0.08726910066418199,0.05536531627877751,-0.26847899464336067,0.0,0.12584457770040117,-0.10080939866288215,-0.04890088068201075,0.11876871529846779
2018-10-08,-0.0775695787755647,-0.07460445681685013,-0.031343132550365874,-0.09316827468085082,0.0,0.0,-0.13747755186343674,-0.13920789096019484,0.0982122489546307,0.0,-0.27668544282363156,0.0,0.17847319386900082,-0.12469918406551486,0.0,0.15198625875811664
2018-10-09,-0.07201847268566029,-0.06618917354926436,-0.02836930763749283,-0.09217270534144636,0.0,0.0,-0.1264528355486542,-0.13229682366520965,0.09259761542957039,0.05634678024304072,-0.25874965921386384,0.0,0.10980526354125277,-0.12776796935544993,0.0,0.13098168985841394
2018-10-10,-0.0737124814013415,-0.07106473477681353,-0.030708680690225622,-0.09890737845470376,-0.05822402876484958,-0.053061326054603994,-0.08081018338824358,-0.08229773711538725,0.09665612626169763,0.0,-0.2743932753230844,0.0,0.17773714906138677,-0.13783658702255647,0.0,0.13655668830052792
2018-10-11,-0.06455180194786636,-0.06650127368544084,-0.03786805833669469,-0.11226409690904363,-0.07703286623130674,-0.05674415496467663,-0.07267808924206326,-0.07473012044099886,0.0,0.0,0.0,0.0,0.28118523087904546,-0.15976294641406674,0.0,0.1214222844649788
2018-10-12,-0.06604501637237657,-0.0693865942737131,-0.03789925625367198,-0.10406823508541836,-0.058494612370534375,-0.04177320743743663,-0.08925941485972916,-0.08787186731747984,0.0,0.0,0.0,0.0,0.27739910198518003,-0.11694130507397257,0.0,0.16045779691120743
2018-10-15,-0.06857891674582184,-0.07095899861637979,-0.03766587203849434,-0.1000685438219421,-0.07881908286811505,-0.043674183358560395,-0.07782608254173873,-0.07695298245422386,0.0,0.0,0.0,0.0,0.27727233122263806,-0.15711645625763218,0.0,0.12015587496500589
2018-10-16,-0.06301266795070136,-0.07088215884266658,-0.03859733808897831,-0.10036744241763113,-0.04855632953140482,-0.03821026354963633,-0.0890346080199655,-0.09705840619897077,0.0,0.0,0.0,0.0,0.27285960729997744,-0.15504758667314916,0.0,0.11781202062682825
2018-10-17,-0.07058246791929453,-0.07506120057135716,-0.044657491184337095,-0.08406216891900768,-0.04656933931123582,-0.03652470645386938,-0.09281922732656464,-0.09845005550232663,0.0,0.0,0.0,0.0,0.2743633285939964,-0.14694930947424736,0.0,0.1274140191197491
2018-10-18,-0.059801605643469535,-0.07255144717497818,-0.048830191035037704,-0.07228096983458801,-0.04907129971948648,-0.037189400986095904,-0.08134400309453188,-0.0858595098879592,0.0,-0.09490682131669947,0.0,0.0,0.15855739237137398,-0.11095369098604473,-0.04576032179135039,0.09675020091067835
2018-10-19,-0.05811752015963734,-0.07350684905090592,-0.05229580686278187,-0.07079884900927488,-0.06455088972213459,-0.034966301510516384,-0.07742699325469098,-0.07777484059525805,0.0,-0.0808900585861299,0.0,0.0,0.17382896649647012,-0.11737077503659808,-0.053550539489653326,0.08379771055634856
2018-10-22,-0.05733080579780019,-0.07281500334346032,-0.055499025660577156,-0.0682646258459092,-0.06460119706246703,-0.02941913220569977,-0.07987440522153155,-0.08001472615804853,0.0,-0.09235647756506658,0.0,0.0,0.16155298308268026,-0.1108329903079283,-0.054734842854610125,0.08834162748520845
2018-10-23,0.0,-0.10974793766668227,-0.09355194437477667,0.0,-0.05322793460058048,-0.024679248134081205,-0.06200292121855153,-0.06338977808824571,-0.04854908594716266,-0.08230794150281559,0.0,-0.2032998820414589,0.07244285459148066,-0.07950061198506579,-0.0588108328451178,0.06498843721127531
2018-10-24,0.0,-0.0961559755646638,-0.10378984610076816,0.0,-0.050533049015243484,-0.03441600024222205,-0.056974135631397374,-0.058022636776569034,-0.05363721952111187,-0.08165740528109801,0.0,-0.19994582166543196,0.06465119686322209,-0.08017869178429021,-0.058523308130612725,0.06124382175052901
2018-10-25,0.0,-0.10225113847676852,-0.09297446998490361,0.0,-0.04636520316539286,-0.030118909019437735,-0.05835788382779342,-0.06038361244904812,-0.047902057674897885,-0.07731091002750262,0.0,0.0,0.0700126407592716,-0.11125280002989571,-0.08397280843177642,0.0
2018-10-26,0.0,-0.0566503110311496,-0.06493422903672694,0.09482481319898775,-0.051393756970037535,-0.034386405219324255,-0.06352428523136958,-0.06710490584613295,-0.059026112124787755,-0.07082079218674832,0.0,0.0,0.08656244895532819,-0.08814100184700795,-0.06892293805459523,0.059345413365261106
2018-10-29,0.0,-0.0561742962772644,-0.059168243237266785,0.08400674754071023,-0.04915583543716169,-0.033461145091043934,-0.05757700517087248,-0.05915530135616331,-0.048719369252434856,-0.08091572364564156,0.0,-0.19934928705524144,0.069714194157165,-0.11101249375732322,-0.08833679329791819,0.0
2018-10-30,0.0,-0.05583977368224405,-0.054554265632540115,0.09618383540527704,-0.04767606559668634,-0.03445356986339142,-0.062208243015971845,-0.062239996244011594,-0.056008376207884486,-0.08409151168310942,0.0,-0.2065778747200612,0.06647798682906728,-0.08487852747765519,-0.06823738824902778,0.053461958993378224
2018-10-31,0.0,-0.11390712021992071,-0.08063908110824784,0.0,-0.04609192510249024,-0.03282775505862002,-0.05846593297408532,-0.05716058819297296,-0.05160078643582614,-0.07935298788139498,0.0,-0.19454620132816855,0.06359242701094743,-0.07378898086138792,-0.061850361074195705,0.05890685939258493
2018-11-01,0.0,-0.10998894220107286,-0.08506080421638061,0.0,-0.04565943162185849,-0.025295180173519286,-0.060702435656745754,-0.06339269896532995,-0.05322562065180918,-0.08304086378392536,0.0,-0.19504974641745346,0.05878326198171893,-0.07596599820175777,-0.05898039846291488,0.06010334975278083
2018-11-02,0.0,-0.12636738511507123,-0.07322663616492552,0.0,-0.04579482227735865,-0.03287740118081287,-0.05993289580098396,-0.06098890202084126,-0.07015172797328097,-0.07462887712363057,0.0,0.0,0.05481341618308521,-0.08357334049490768,-0.04901160990815423,0.06700907087693483
2018-11-05,0.0,-0.1170421902318782,-0.07895783206778731,0.0,-0.04383564367694158,-0.03299588433166662,-0.058319424785993446,-0.06084906950506388,-0.06807766501982322,-0.0728551304778896,0.0,0.0,0.05506722680195268,-0.0817038123541695,-0.04404595378863219,0.07025025615686382
2018-11-06,0.0,-0.07167841267455624,-0.049565220649379016,-0.07863391131798929,-0.043499387106105174,-0.032917656410533534,-0.059536974498803324,-0.06392352662648253,-0.0706366357429635,-0.07551026176776773,0.0,0.0,0.05373064713119328,-0.10271969965587074,0.0,0.09715784498605377
2018-11-07,0.0,-0.07806450212451331,-0.04405163382278382,-0.07579454063319378,-0.02736932066596112,-0.026033740489999114,-0.06897203330321028,-0.07553558212132042,-0.06981891356212007,-0.0754379160571044,0.0,0.0,0.052653846961266446,-0.09289353421335202,0.0,0.1050171423671389
2018-11-08,-0.05468609712067955,-0.06263133279057925,-0.030552767531737232,-0.06682793145516318,0.0,-0.031038516646010532,-0.08830518720549352,-0.09535442504665516,-0.07702148866250272,-0.08288265008805747,0.0,0.0,0.054793990147599045,-0.0938717142366761,0.0,0.12082641466148311
2018-11-09,-0.0684734511285617,-0.08457037047097518,-0.04486829789279428,0.0,-0.024861299309317103,-0.03639423803842908,-0.06494584124934498,-0.07171074089524,-0.07023555151906405,-0.07535070423355247,-0.12062102608001403,-0.07729109341231713,0.052325863739714616,-0.08701077833955337,0.0,0.11090134115277779
2018-11-12,0.0,-0.10806918321554286,-0.08296998513402583,0.0,-0.04301270792306732,-0.033443447643993485,-0.05413659989050663,-0.06044641289200128,-0.06730723911441934,-0.07265269459557665,-0.11821719597767726,-0.07282197237189142,0.0510792346395727,-0.06949418907068844,-0.040525255249058076,0.08101972402982217
2018-11-13,0.0,-0.07169541554670741,-0.044486339466493295,-0.07417657878005068,-0.043606894829434854,-0.03352722480416952,-0.05182533933735684,-0.06139887482229016,-0.0679255109834995,-0.0706481285438368,-0.12505366634025683,-0.06530466745299458,0.05178469426591509,-0.07104595929607115,-0.04037190545018832,0.07894046904699194
2018-11-14,0.0,-0.05175693139181469,-0.03932514940966902,-0.08830467046906858,-0.042452308598137235,-0.030936663183594306,-0.049716968587781026,-0.056280810901039716,-0.06849947411655019,-0.0716726639233037,-0.1128424056620419,-0.0665443456085104,0.03921461323069844,-0.0673580283585806,-0.0321682782306907,0.079860444681281
2018-11-15,0.0,-0.05270979291136437,-0.03978939061874755,-0.07717278425012578,-0.0376196026331706,-0.027883740761989392,-0.049786654212012664,-0.054381970173065036,-0.06929116043676675,-0.0710604175103537,0.0,0.0,0.029320389833117258,-0.06400142530592767,-0.03241630597012185,0.07325423650418819
2018-11-16,0.0,0.0,-0.0514638459856014,-0.10890802543919581,-0.03465767472212897,-0.026251363521847336,-0.046922282066813786,-0.0525405511140071,-0.06488600231951634,-0.06699549580341203,0.0,0.0,0.02849037330186886,-0.0549821998350256,-0.036086876305245874,0.06930279528452575
2018-11-19,0.0,0.0,-0.053455109769262266,-0.10462013523208949,-0.035806938200259104,-0.026051098230018235,-0.046497932732369546,-0.04971927583870484,-0.06436860645853432,-0.0659422456409011,0.0,0.0,0.027764392901916304,-0.0642043383248408,-0.04458256926272007,0.04928833741379084
2018-11-20,0.0,0.0,-0.04354829816896113,-0.10071318807623618,-0.03336370593959823,-0.023428497615338596,-0.042160235445760814,-0.04530904724449966,-0.05893263735149205,-0.05945080308304904,0.0,0.0,0.025878045810656242,-0.08401275856280824,-0.06024872768238908,0.0
2018-11-21,0.0,0.0,-0.03661623855773252,-0.10626310914223099,-0.03569949189174887,-0.02521660346399228,-0.0400838841593889,-0.04187936818483346,-0.058503470678642235,-0.05832937833017117,0.0,0.0,0.026046498691150118,-0.08509025779940299,-0.05778908990056051,0.0
2018-11-22,0.0,0.0,-0.03392434272971723,-0.1182243904056912,-0.03679193027200313,-0.025988255495546394,-0.043049318291936874,-0.046319229075922015,-0.06229891927048742,-0.06211353257398553,0.0,0.0,0.02773628129093549,-0.05135136755224615,-0.037367982813880846,0.06342938276928142
2018-11-23,0.0,0.0,-0.03439263239179565,-0.1137250182764631,-0.034816176099099885,-0.024753115226873658,-0.04191802255833524,-0.046630336783949976,-0.06048660048655025,-0.05954083833888034,0.0,0.0,0.028090211842828176,-0.05073270975434555,-0.031219951449758487,0.06616498946415471
2018-11-26,0.0,0.0,-0.024658603116295745,-0.12160862642978257,-0.03552154026467167,-0.026132101569716605,-0.039659048781268906,-0.04495453893042111,-0.05916202450359073,-0.058849889958456345,0.0,0.0,0.02825531508403122,-0.05376693127019854,-0.031378138509447304,0.06112215976643248
2018-11-27,0.0,0.0,-0.02827459581176229,-0.12281388259895028,-0.034322198475428486,-0.02558975300627982,-0.04283825615839131,-0.04833827077061296,-0.061243966184602774,-0.06069393790299312,-0.09814671219612513,-0.052941766214587446,0.02915057432311667,-0.05398049076746338,-0.03399057781385878,0.06311740982939042
2018-11-28,0.0,0.0,-0.025950568722914347,-0.11806233387525031,-0.027428058331639756,-0.022039114892037727,-0.04398690358695248,-0.050558825787534706,-0.05847459179986952,-0.05762513793203901,0.0,0.0,0.027913172866256143,-0.051199876805355045,-0.0326111572420268,0.06020186855078282
2018-11-29,0.0,0.0,-0.02662912317086171,-0.11712243136823428,-0.029008625883514605,-0.022362166401995117,-0.04383134837624729,-0.04854941387733899,-0.05865356654283712,-0.05698473697706598,0.0,0.0,0.02811325101919289,-0.049476575992678434,-0.031194270085834596,0.06308070846058295
2018-11-30,0.0,0.0,-0.027856009529339136,-0.11596665204896343,-0.02772831786158375,-0.022518311352570156,-0.04295345302890068,-0.05062257933524797,-0.05877115133607631,-0.0570820501407427,0.0,0.0,0.027969460101483545,-0.046771501882873635,-0.03298669349309158,0.06406446620233734
2018-12-03,0.07166781217610596,0.0,-0.0197742269332193,-0.05791431266929434,0.0,-0.03187114345531572,-0.051403139641048326,-0.06608206868225552,-0.0600800093665491,-0.05974817430709605,0.0,0.0,0.029528168104974432,-0.04954588394743868,-0.03453408041070843,0.0652763874204725
2018-12-04,0.07915063337844078,0.04713654011045957,-0.021164562867751497,0.0,-0.0344371353910504,-0.02511247400781452,-0.039244560253996155,-0.04865756670379073,-0.05885186499391768,-0.05867145393121091,0.0,-0.14745173635665182,0.02992841743152322,-0.04868725746501577,-0.036343792238638324,0.06242068665299772
2018-12-05,0.07433971642345878,0.044271496959985335,-0.02076577773996343,0.0,-0.030405085391110573,-0.022172196029640653,-0.040333433703777934,-0.04646627599887839,-0.055629021858468,-0.05545849045811456,0.0,-0.13937699112340754,0.02828947880682499,-0.0800927665392489,-0.05928422458415866,0.0
2018-12-06,0.057694495505018296,0.034755707943469404,-0.01735448913994483,0.03482494106441558,-0.03074569544220061,-0.02129174837964806,-0.04480552209434743,-0.04778666773665199,-0.05859895899087664,-0.058447425893950945,0.0,-0.14462963365284812,0.027583248768020503,-0.08191728519450503,-0.06271234845834306,0.0
2018-12-07,0.05608416879273682,0.033347392053418946,-0.01602601976853977,0.038424493574909034,-0.033176335559110745,-0.022883472577185916,-0.04321011248630511,-0.0446121535670028,-0.057103411356603316,-0.05779403061314414,0.0,0.0,0.028984632219857105,-0.082167871939777,-0.061714202249827585,0.0
2018-12-10,0.05176143307305631,0.03196591086302148,-0.015094316434074764,0.04405945179875833,-0.0325844824121627,-0.022089705798376998,-0.043468834652706304,-0.04473808930566489,-0.056884040304908026,-0.057520300246632475,0.0,-0.1428811121689109,0.02847677161737037,-0.07470365039071461,-0.06817746177819631,0.0
2018-12-11,0.055802040997238046,0.035200417086175814,-0.016048103899513656,0.043295787081025,-0.036240048099529354,-0.024322176229152528,-0.044761153476159055,-0.04502297125911159,-0.06034555563502966,-0.0605175991883502,0.0,0.0,0.02948319424057268,-0.05033284350667107,-0.04496439887896079,0.05504910667832066
2018-12-12,0.06003701691929777,0.036338100961281185,-0.015998400240516603,0.036379835099350236,-0.037233859990755666,-0.02479105926587591,-0.042367996739289204,-0.044360437224525005,-0.06098796106854897,-0.061536275223471444,0.0,0.0,0.02622911692842537,-0.04970123010043626,-0.04369402370353524,0.055358099416474287
2018-12-13,0.06452296837509126,0.03787719655127819,-0.017065593605834022,0.02931684684464527,-0.037292148447488155,-0.02444131343506336,-0.042285671373278114,-0.044763472121019096,-0.06093518672754015,-0.06085251703378568,0.0,0.0,0.02699490161552291,-0.04826769749185188,-0.042100687680383324,0.05841422020461352
2018-12-14,0.060062684261511436,0.03558611106841461,-0.016208616719488155,0.036347785895468575,-0.036890050495529764,-0.024492351363907258,-0.04163194762756093,-0.04519084845788484,-0.0627950198299833,-0.06342748211322531,0.0,0.0,0.021982696001674167,-0.048832405728311476,-0.03952650072143423,0.05984629149513704
2018-12-17,0.07321586057576696,0.04462749178263487,-0.019569785803762965,0.045631219159679035,-0.04485258136934679,-0.030197336065690764,-0.05147663905546516,-0.05651780083134109,-0.09096195046283062,-0.0920824068590132,0.0,-0.18304435732184382,0.0,-0.06616879061874562,-0.04964027988812262,0.06723528681497558
2018-12-18,0.05451595594082701,0.03456133778426981,-0.014319654993564301,0.03396994102929731,-0.03277586020332181,-0.02192402826097057,-0.039186990399955476,-0.04348001088371058,-0.05937875889968376,-0.058280316052948554,0.0,-0.13736688974795844,0.01970781479532613,-0.07828629389670126,-0.059080595851257175,0.0
2018-12-19,0.06699414483041281,0.04540086398521906,-0.016623093505044664,0.04224516575275015,-0.04245088815079998,-0.028986035140689315,-0.04762603133638009,-0.05220031344555728,-0.08691353861393232,-0.08434972945949432,0.0,-0.17126326807342665,0.0,-0.09865200197880183,-0.07261126609462483,0.0
2018-12-20,0.06659228296358238,0.04559378744847539,-0.017130017443698277,0.04470067275640876,-0.041464079835212914,-0.02828971448141038,-0.05009216751321687,-0.05417079878232461,-0.08779123651448383,-0.08622552409768099,0.1083894923679378,-0.065627268244227,0.0,-0.09784296749503346,-0.07617379311713134,0.0
2018-12-21,0.05429075619770527,0.03847381221260683,-0.013820042020209238,0.02632012378173678,-0.0315529906620731,-0.02162223167380155,-0.038655691551683906,-0.041073820324699556,-0.06156985431721318,-0.060465360043069176,0.07494739317966922,-0.05795734103258887,0.010869519851975765,0.0,-0.13290473421225812,0.0
2018-12-24,0.06673219524329965,0.04647015639314618,-0.016373386430435986,0.040896770660832006,-0.03978930860528028,-0.027877757983943846,-0.04948325919296831,-0.05332218294552139,-0.0861301279333787,-0.08434238079433513,0.10110612311590389,-0.06936638561180997,0.0,-0.09620548606927125,-0.07426702265844262,0.0
2018-12-25,0.06678869803668586,0.046509503122797946,-0.016387249934658177,0.04093139835102543,-0.03982299859666911,-0.02790136235052724,-0.04952515714582394,-0.05336733135214713,-0.08620305514347877,-0.08441379430168865,0.10119173064557783,-0.0694251187995896,0.0,0.0,-0.07536870661640349,-0.09524814282876395
2018-12-26,0.06266177716188825,0.04314701659490096,-0.015996739002148246,0.03995599621810326,-0.03369105856131386,-0.023688330113622633,-0.05024217002761182,-0.05413997027449243,-0.0821263526358676,-0.07963517634117313,0.10416371002674564,-0.057597818950295095,0.0,0.0,-0.06809121697596719,-0.09367031200107356
2018-12-27,0.06863829623859942,0.04618952402200506,-0.01782216416816498,0.028525464637789336,-0.032516210614758886,-0.02335097475169655,-0.05051299585292563,-0.05479526784717774,-0.08194434484365887,-0.07923110422289992,0.10304677038273129,-0.05812867868382752,0.0,-0.09013684533047767,-0.07103860373608113,0.0
2018-12-28,0.06676805039829037,0.044151637481239035,-0.016515433371563103,0.033003684726124506,-0.03466497617288116,-0.024880846950834465,-0.05045788291816371,-0.05043509993533767,-0.08214381126098425,-0.07829499471623273,0.11018513157939587,-0.050253674397821135,0.0,0.0,-0.07525375804837302,-0.08518504792884399
2018-12-31,0.05262260592160703,0.03914744909096483,-0.012604772099138623,0.024653274941107483,-0.027526658116061333,-0.02002853489892321,-0.0405501972303402,-0.04092271180749321,-0.055674100599645615,-0.054990094409052094,0.08055400895037129,-0.04847409310244668,-0.01836390704412026,0.0,-0.05655490285174116,-0.07247319920107681
2019-01-01,0.05261342198136638,0.03914061689733381,-0.012602572256092499,0.02464897233769531,-0.027521854036545786,-0.02002503942650412,-0.04054312022262483,-0.04091556978681325,-0.05566438409845939,-0.05498049728378557,0.08053995029266348,-0.04846563317982453,-0.018360702090243035,0.0,-0.04785647218753293,-0.08114911128495506
2019-01-02,0.050933239634113135,0.03941422257981014,-0.011814092650359834,0.026975459650536698,-0.02740664506247617,-0.019874966726100004,-0.040546850635024716,-0.041308552091218934,-0.055481688720766316,-0.05505935690037396,0.08178490321368076,-0.047352111301139074,-0.018595968893679555,0.0,-0.04865048003497438,-0.08048653447984545
2019-01-03,0.05197882174385953,0.03883224547582234,-0.011355875437999251,0.03134312992501057,-0.028377081750734244,-0.02075917783737925,-0.041496377542404504,-0.04287743545217367,-0.05617299517840855,-0.056667341236406904,0.08210614979350887,-0.051403922789182814,-0.020669736167876245,-0.042169210249345855,-0.03660212239293202,-0.05473873994041381
2019-01-04,0.05322815556983668,0.03563321629696729,-0.009888980918804339,0.02586400115068518,-0.02750705318827506,-0.020162285272612095,-0.03730565541188341,-0.03963936006352292,-0.05351248451081723,-0.05368864125120895,0.08152667443476912,-0.043087679501524374,-0.0174132281742673,0.0,-0.04690086244257359,-0.0777134914937199
2019-01-07,0.051977424662214604,0.03441183228905428,-0.009849872429117014,0.028400555865303993,-0.026671028664246366,-0.019268807191936223,-0.038174764235096324,-0.04052508515441097,-0.053129584594726276,-0.052817969374491,0.08397459699248205,-0.04066508825320784,-0.018692131276472606,0.0,-0.046139787168685595,-0.07849989807700428
2019-01-08,0.04771667738943539,0.03172013447387659,-0.009410345107654768,0.03137492275911593,-0.02644829550201665,-0.019321811457319454,-0.037198165668274816,-0.03725380710247177,-0.05126099887613242,-0.051079547113887694,0.08183827554560683,-0.03838380418447585,-0.01788153374006257,0.0,0.0,-0.12022207973008267
2019-01-09,0.05050394582119201,0.03453907233454115,-0.009820441697924457,0.030448248232014762,-0.028563459525533644,-0.020065690113184684,-0.041579259414603144,-0.03510329903235089,-0.05297133046086211,-0.052089107642191504,0.09120936884689446,-0.03410233923877791,-0.02025126998261876,0.0,-0.04687190193986375,-0.07843980614580863
2019-01-10,0.04884659474579425,0.0327116688949943,-0.008678488574589919,0.027077320289851894,-0.03674511007438405,-0.026826314818752073,-0.05374264761209425,0.0,-0.04848116733499306,-0.048132324113327234,0.08531568204446477,-0.03199839046076561,-0.02070058105691009,0.0,0.0,-0.11731407250523038
2019-01-11,0.055327843247139304,0.03786428194682297,-0.008286702420401132,0.021103884699766793,-0.037893302036079886,-0.028073032625234112,-0.05661637765281618,0.0,-0.0525813467801926,-0.05206776708583256,0.0916669097972306,-0.03091580251689959,-0.017933598448105027,0.0,-0.042550820758994475,-0.08003189155513572
2019-01-14,0.06851884409057708,0.04529443573691738,-0.01057987475869451,0.026287541925251026,-0.034292977322519985,-0.02614012320849309,-0.04656011405511117,-0.043687481925315755,-0.07639025149074517,-0.07429044502069485,0.10739112325243062,-0.04328957325900939,0.0,0.0,0.0,-0.15068069651144
2019-01-15,0.06416174306382862,0.043124416420992365,-0.00892996789227681,0.03380911348801567,-0.03574883146018302,-0.019191011542280548,-0.047854335716515255,-0.047231062146134664,-0.07566964843937256,-0.07435559242574093,0.10802363742744256,-0.04200160343767092,0.0,0.0,0.0,-0.15002524086511349
2019-01-16,0.07165484463153036,0.04840480207607935,0.0,0.031254942900221065,-0.035201047331313115,-0.018198055975341642,-0.04441117448106374,-0.05350431182011226,-0.07539055311825554,-0.07592403648957523,0.11780283553671334,-0.033511754071117436,0.0,0.0,0.0,-0.15131458960783076
2019-01-17,0.07092211351415972,0.04962979317413881,-0.008487791158966121,0.020901899347187336,-0.022207455501208548,-0.017969326986060536,-0.050764763443726504,-0.05900005126345641,-0.07550484138030034,-0.07443675581415167,0.11738103183095148,-0.032560565363500514,0.0,0.0,0.0,-0.14994159719445202
2019-01-18,0.0800548586126684,0.0558284856691652,0.0,0.0,0.0,-0.1358833442818336,0.0,0.0,-0.06930621498752465,-0.06657712929430895,0.1358833442818336,0.0,0.0,0.0,0.0,-0.1358833442818336
2019-01-21,0.0775071674479136,0.05405178226670034,0.0,0.02855584518736846,0.0,-0.1601147949019824,0.0,0.0,-0.08166527293546876,-0.07844952196651366,0.1601147949019824,0.0,0.0,-0.09006098587064862,0.0,-0.07005380903133378
2019-01-22,0.05618113824011254,0.039724594038836665,0.0,0.019233792540848223,0.0,-0.11513952481979742,0.0,0.0,-0.045884743531988056,-0.04365530325747628,0.09052804270504697,-0.024611482114750453,-0.025599478030333068,-0.06206415562720604,0.0,-0.053075369192591385
2019-01-23,0.05627986071771885,0.040300863210529794,0.0,0.023153936945957992,0.0,-0.030423574889686018,0.0,-0.08931108598452062,-0.04647538226089692,-0.04396416698543962,0.094473442012304,-0.02526121886190263,-0.029295111627870102,-0.06152392605140768,0.0,-0.058210734822798975
2019-01-24,0.05592700108381521,0.03981952354069982,0.0,0.029804830841188675,0.0,-0.028128627523345183,0.0,-0.0974227279423585,-0.05079133234376508,-0.04630712748504591,0.09508072364194531,-0.030470631823758382,-0.028452895636892687,-0.04896823102380583,0.030958663541483813,-0.04562446090041404
2019-01-25,0.08775593520469038,0.06279131526979381,0.0,0.03704510400849424,0.0,0.0,0.0,-0.18759235448297842,-0.09789261925385422,-0.0896997352291242,0.1875923544829784,0.0,0.0,-0.0736633798097961,0.04805544807494743,-0.0658735265982349
2019-01-28,0.05191643488294327,0.036696842550064813,0.0,0.03127775677229093,0.0,0.0,0.0,-0.11989103420529901,-0.046614850747669884,-0.04300275139314794,0.09561673474341184,-0.024274299461887177,-0.030273432064481194,0.0,0.05425063231070204,-0.06564040189459695
2019-01-29,0.051133018251881435,0.03678341767660104,0.0,0.02825893489720444,0.0,-0.02886147247986767,0.0,-0.08731389834581924,-0.04312240467736192,-0.04000327001456379,0.11617537082568691,0.0,-0.03304969613376121,0.0,0.05229461850948193,-0.06388075231620499
2019-01-30,0.04830912581790563,0.03499964293909464,0.0,0.03025640769912233,0.0,0.0,0.0,0.0,-0.041861948575834584,-0.03747886112279602,0.1135651764561226,0.0,-0.03422436675749201,0.0,0.04787430894617395,-0.06569086750994865
2019-01-31,0.04754451763507748,0.03449594479669186,-0.0046041995379335334,0.029021830055965165,0.0,0.0,0.0,0.0,-0.04363214930489672,-0.03938641907383861,0.11566649202566803,0.0,-0.03264792364693268,0.0,0.045538405994286324,-0.07012808603138171
2019-02-01,0.05236766290601174,0.039891790230555495,-0.00554769484627676,0.030542286728952178,0.0,0.0,0.0,0.0,-0.07219415260828271,0.0,0.12834943471179616,0.0,-0.056155282103513476,0.0,0.060309327646057974,-0.0680401070657382
2019-02-04,0.04811229899892151,0.03620690182399531,-0.006908514896555275,0.027657349425832714,0.0,0.0,0.0,0.0,-0.06258549349301519,0.0,0.11888506514530481,0.0,-0.05629957165228962,0.0,0.11888506514530481,0.0
2019-02-05,0.0397037570514143,0.030038576612486302,0.0,0.02637744790771629,0.0,0.0,0.0,0.0,-0.035532283563826275,-0.030576397271502017,0.0961197815716169,0.0,-0.030011100736288605,0.0,0.0,0.0
2019-02-06,0.04178530548926582,0.03125117620967506,0.0,0.027187310255140394,0.0,0.0,0.0,0.0,-0.03491718640916771,-0.032729480368387756,0.07651845621341789,0.023705335740663355,-0.0325771251765258,0.0,0.0,0.0
2019-02-07,0.0403920722089398,0.0298445164295414,-0.005257690290948464,0.027379806600139063,0.0,0.0,0.0,0.0,-0.03628783527487076,-0.034512010667984955,0.07873280068747854,0.024141284842090167,-0.032074239586713,0.0,0.0,0.0
2019-02-08,0.042095321389034254,0.03191235026926502,-0.005976377217656646,0.02928648534805502,0.0,0.0,0.0,0.0,-0.0379729077595272,-0.037894305784025535,0.10927053422401095,0.0,-0.033403320680458225,-0.10927053422401095,0.0,0.0
2019-02-11,0.042097289124351366,0.03200081150610373,-0.005624817630824159,0.029556742707607008,0.0,0.0,0.0,0.0,-0.03962926388158635,-0.038149164055728886,0.10927966096888626,0.0,-0.03150123303157104,-0.10927966096888626,0.0,0.0
2019-02-12,0.044101111977896304,0.0332409288099583,0.0,0.032206384054528164,0.0,0.0,0.0,0.0,-0.03776382933062217,-0.03781489088292148,0.10954842484238277,0.0,-0.03396970462883913,-0.10954842484238277,0.0,0.0
2019-02-13,0.05913388172367488,0.0454865737925321,0.0,0.0450878543795344,0.0,0.0,0.0,0.0,0.0,0.0,0.14970830989574135,0.0,-0.14970830989574135,-0.14970830989574138,0.0,0.0
2019-02-14,0.058664084624925124,0.04415017661880316,-0.007454316681221191,0.043681002500055355,0.0,0.0,0.0,0.0,0.0,0.0,0.15394958042500484,0.0,-0.15394958042500484,-0.15394958042500484,0.0,0.0
2019-02-15,0.0688692358026974,0.053250361661750525,0.0,0.050406529808292355,0.0,0.0,0.17252612727274028,0.0,0.0,0.0,0.17252612727274028,0.0,-0.17252612727274028,-0.10786990733096767,-0.06465621994177256,0.0
2019-02-18,0.06349454266482159,0.04909459675341382,0.0,0.046536515382709746,0.0,0.0,0.0,0.0,0.0,0.0,0.15912565480094515,0.0,-0.15912565480094515,-0.15912565480094515,0.0,0.0
2019-02-19,0.06453552599874307,0.04907912869262219,0.0,0.04596573963177934,0.0,0.0,0.0,0.0,0.0,0.0,0.12123331758105763,0.03834707674208701,-0.1595803943231446,-0.1595803943231446,0.0,0.0
2019-02-20,0.0703938762456931,0.05270656237687457,0.0,0.04805724779958748,0.0,0.0,0.0,0.0,0.0,0.0,0.12949820783312768,0.04165947858902749,-0.17115768642215515,-0.09693115455662417,0.074226531865531,0.0
2019-02-21,0.06977174384130903,0.05007107449418978,0.0,0.05037120471842132,0.0,0.0,0.0,0.0,0.0,0.0,0.12616981630768864,0.0440442067462315,-0.17021402305392014,-0.09498675228987907,0.07522727076404105,0.0
2019-02-22,0.06446261057076184,0.046784082247955175,0.0,0.04669869108787687,0.07065646926395736,0.0,0.08728891464263654,0.0,0.0,0.0,0.11537614464731144,0.042569239259282465,-0.1579453839065939,-0.1579453839065939,0.0,0.0
2019-02-25,0.06750175767330652,0.04865403962756828,0.0,0.05044319575523684,0.07744694616400986,0.0,0.08915204689210177,0.0,0.0,0.0,0.12086689335347847,0.045732099702633144,-0.16659899305611162,-0.09308124932288335,0.07351774373322828,0.0
2019-02-26,0.0718907229816202,0.05118702257189217,0.0,0.043942362001845946,0.07187697606358269,0.0,0.09514313149177564,0.0,0.0,0.0,0.12131023340373334,0.04570987415162501,-0.16702010755535834,-0.09055856497183745,0.07646154258352089,0.0
2019-02-27,0.10138463217362322,0.04701076494634201,0.0,0.0,0.06866013725275862,0.0,0.0797352598672066,0.0,0.0,0.0,0.10254564357980647,0.04584975354015875,-0.14839539711996522,0.0,0.14839539711996522,0.0
2019-02-28,0.09175720761669227,0.05737690958732758,0.0,0.0,0.0,0.0,0.14913411720401984,0.0,0.0,0.0,0.10212446707758309,0.04700965012643675,-0.14913411720401984,0.0,0.14913411720401984,0.0
2019-03-01,0.09895312439871438,0.0629177226994118,0.0,0.0,0.050625651180597385,0.0,0.11124519591752881,0.0,0.0,0.0,0.0,0.16187084709812619,-0.16187084709812619,-0.05234527905025673,0.05396904902455459,0.05555651902331485
2019-03-04,0.07635391922583881,0.05063647862667947,0.0,0.05068971564783922,0.0,0.0,0.17768011350035748,0.0,0.0,0.0,0.0,0.17768011350035748,-0.17768011350035745,-0.04884396562813207,0.05444517776319144,0.07439097010903399
2019-03-05,0.06649957906063836,0.04476765333938189,0.0,0.06854714179943863,0.0,0.0,0.17981437419945887,0.0,0.0,0.0,0.0,0.17981437419945887,-0.17981437419945887,-0.05633512709954559,0.05440369442632955,0.0690755526735837
2019-03-06,0.08265579283946438,0.040904871438925836,0.0,0.05666640446955799,0.0,0.0,0.18022706874794822,0.0,0.0,0.0,0.0,0.18022706874794822,-0.18022706874794825,-0.06280761535542854,0.05018747371267459,0.06723197967984505
2019-03-07,0.072474958160347,0.05072186026019798,0.0,0.05861915993355015,0.0,0.0,0.18181597835409513,0.0,0.0,0.0,0.0,0.18181597835409513,-0.18181597835409513,-0.06242624293741151,0.05743579638418194,0.06195393903250166
2019-03-08,0.07876936856964117,0.054424905423975906,0.0,0.050204637878201445,0.0,0.0,0.18339891187181848,0.0,0.0,0.0,0.0,0.18339891187181853,-0.18339891187181853,-0.07513743738844511,0.050380311086927254,0.05788116339644615
2019-03-11,0.07076175844309539,0.04740568897154333,0.0,0.05339326086845594,0.0,0.0,0.17156070828309467,0.0,0.0,0.0,0.0,0.17156070828309467,-0.17156070828309467,-0.10914225313241097,0.0624184551506837,0.0
2019-03-12,0.07359602022800937,0.05187986565650109,0.0,0.04641025449332316,0.0,0.0,0.17188614037783362,0.0,0.0,0.0,0.0,0.17188614037783362,-0.17188614037783362,-0.09137943511336104,0.08050670526447258,0.0
2019-03-13,0.07947428966111984,0.05389989417256541,0.0,0.044062658951400824,0.04752842306254007,0.0,0.129908419722546,0.0,0.0,0.0,0.11435529541669961,0.06308154736838645,-0.1774368427850861,-0.1022853129384594,0.07515152984662671,0.0
2019-03-14,0.0679324394617325,0.04390621662054619,0.00818766840049687,0.03745010099778395,0.03880588898670468,0.0,0.11867053649385485,0.0,0.0,0.0,0.0,0.15747642548055954,-0.15747642548055954,0.0,0.15747642548055954,0.0
2019-03-15,0.07287222230594222,0.047919164974950024,0.009562111779828613,0.043789985918228545,0.03790490236262162,0.026085270121856383,0.1101533124944714,0.0,0.0,0.0,0.0,0.17414348497894938,-0.17414348497894938,-0.05487410531215439,0.05844711173719221,0.06082226792960277
2019-03-18,0.07301395078529577,0.049279702495152095,0.010130883084317512,0.048324514992446534,0.02827742647852425,0.018472231414871094,0.07608768851321412,0.05791170495060246,0.0,0.0,0.0,0.18074905135721192,-0.18074905135721192,-0.06273487963899375,0.06053290353855762,0.057481268179660525
2019-03-19,0.07036930935689335,0.04670277888619014,0.009794668607260401,0.05277104694570867,0.02742038761404016,0.02043084910736431,0.07367943310799029,0.058107133966657835,0.0,0.0,0.11350737318126944,0.06613043061478314,-0.1796378037960526,-0.08735394448964025,0.09228385930641236,0.0
2019-03-20,0.06640963188250125,0.04451477365022622,0.007290534517365011,0.05590151249219706,0.028969330774763352,0.024247367742002545,0.06616322675835316,0.05473652726717045,0.0,0.0,0.0,0.17411645254228952,-0.17411645254228952,-0.08645388699267265,0.08766256554961688,0.0
2019-03-21,0.07144053376462754,0.04452917881191944,0.0,0.060284455919863124,0.03285710762599051,0.02758694665276102,0.061462803882290494,0.05434731033536809,0.0,0.0,0.11266264618543094,0.06359152231097917,-0.17625416849641012,0.0,0.17625416849641012,0.0
2019-03-22,0.07002660723865269,0.045114915205775416,0.0,0.059354085857065565,0.04472986404579824,0.03984228643364887,0.08992345782204651,0.0,0.0,0.0,0.12719904700836207,0.047296561293131555,-0.17449560830149363,0.0,0.17449560830149363,0.0
2019-03-25,0.08089680542975831,0.052789895606129664,0.0,0.06873226654354155,0.060450608670217246,0.05126414108970053,0.09070421781951174,0.0,0.0,0.0,0.1479136510489852,0.054505316530444305,-0.2024189675794295,-0.07181408017729198,0.05759121649545539,-0.07301367090668218
2019-03-26,0.08059260136690638,0.05328920642972579,0.0,0.06048511862826494,0.06193450714773458,0.049269183697611546,0.08316323557955095,0.0,0.0,0.0,0.1406731766038379,0.05369374982105921,-0.1943669264248971,0.0,0.08023081599086075,-0.11413611043403635
2019-03-27,0.08033395781413041,0.05317765298780113,0.0,0.06416427595359223,0.05800280025792522,0.04522394275907714,0.09444914373852141,0.0,0.0,0.0,0.13496426574043693,0.06271162101508683,-0.19767588675552378,-0.11396383565124528,0.08371205110427853,0.0
2019-03-28,0.08157596342238121,0.055484777177302394,0.0,0.06467137738521066,0.04432919109331485,0.03298294971668624,0.07080179530010197,0.0536181818747912,0.0,0.0,0.0,0.20173211798489427,-0.20173211798489427,-0.13098235672298958,0.07074976126190469,0.0
2019-03-29,0.07713664466096033,0.05310751251004673,0.0,0.06692070496988185,0.04144736687592912,0.030682239538341788,0.0712404963567434,0.0537947593698746,0.0,0.0,0.0,0.1971648621408889,-0.1971648621408889,-0.1971648621408889,0.0,0.0
2019-04-01,0.0782633359040676,0.054347038570243505,0.0,0.0689159298131475,0.04600654380456915,0.03329501026176082,0.06869709871846565,0.05352765150266294,0.0,0.0,0.0,0.20152630428745857,-0.20152630428745857,-0.20152630428745857,0.0,0.0
2019-04-02,0.07800044660076887,0.05760503934736654,0.0,0.0716892663909148,0.05160500962532053,0.03767788833254712,0.0666037264890079,0.05140812789217465,0.0,0.12414290221578608,0.0,0.2072947523390502,-0.08315185012326413,-0.10403661121506107,0.0,0.10325814112398911
2019-04-03,0.07309755312527615,0.051254234596703835,0.010177937019708656,0.06295929234351266,0.04801771449554595,0.03628078115708657,0.06370383569309694,0.04948668573947187,0.0,0.11290976888105374,0.0,0.19748901708520133,-0.0845792482041476,-0.13073786906468138,0.06675114802052,0.0
2019-04-04,0.0727279730493039,0.0514572044369061,0.011921650418592085,0.06204197698111832,0.049571864817074714,0.036249002225240516,0.06366308087080282,0.04866485697280233,0.0,0.11036801708601007,0.0,0.19814880488592038,-0.08778078779991032,-0.12336750921197205,0.07478129567394834,0.0
2019-04-05,0.07848294642842056,0.057610457154836286,0.011914684993909679,0.05743706157577441,0.05096578923481416,0.037071194670821254,0.06469155372760044,0.0527166125197051,0.0,0.1196767748497419,0.0,0.20544515015294096,-0.08576837530319906,-0.10222862872719343,0.0,0.10321652142574753
2019-04-08,0.07469597480280368,0.05412470706048901,0.011947021667898038,0.05882073218582803,0.051247997538967124,0.03773550337002039,0.05982180334440812,0.05078313146362311,0.07010222855600642,0.08201708373562878,0.0,0.19958843571701876,-0.04746912342538354,-0.0963467745523354,0.0,0.10324166116468333
2019-04-09,0.07290158974257933,0.05328802566199938,0.01113613650023991,0.057989420766305755,0.04749416204834582,0.03672505263576995,0.05973590076556436,0.05136005722144428,0.0,0.12042028309069612,0.0,0.1953151726711244,-0.0748948895804283,-0.1953151726711244,0.0,0.0
2019-04-10,0.07906561541464668,0.057766524474762555,0.011696563284096287,0.06731391561210404,0.05159639973083718,0.04066160102342328,0.06619999988043745,0.05738461815091166,0.0,0.11934934909188949,0.13711752970266314,0.07872508908294643,-0.09649326969372007,-0.21584261878560956,0.0,0.0
2019-04-11,0.08104074887598567,0.05897871703580786,0.01381464401462545,0.06301029967113408,0.05157131924486923,0.040172871131260286,0.0661679461493789,0.05893227307204463,0.0,0.10818456857136452,0.0,0.21684440959755305,-0.10865984102618854,-0.13292762575623743,0.08391678384131565,0.0
2019-04-12,0.0911626714322757,0.06685095729649584,0.027927946532945242,0.03875159737947297,0.05697405053825123,0.04252925420653159,0.06766172885423333,0.05752813904217367,0.0,0.11398830587899877,0.0,0.22469317264118982,-0.11070486676219103,-0.10558220544337626,0.0,0.11911096719781353
2019-04-15,0.08719498203777709,0.06416875569542863,0.026008683730399634,0.036402938628298055,0.0567945766585795,0.04118446660741908,0.06326145265078494,0.05253486417511987,0.0,0.10429771640901109,0.0,0.2137753600919034,-0.10947764368289234,0.0,0.0,0.2137753600919034
2019-04-16,0.09841124751513772,0.043764083446631324,0.03266866621161632,0.047074679140914226,0.05690524645455503,0.04051467303685726,0.06751030662101293,0.05698845020187434,0.0,0.10962103334690705,0.0,0.2219186763142996,-0.11229764296739252,0.0,0.07473330233218854,0.147185373982111
2019-04-17,0.12468757902010832,0.056087970262129874,0.04009138644122187,0.0,0.05734692810456104,0.04307290918887739,0.06587247127191981,0.05457462715810186,0.0,0.09426676201321615,0.0,0.2208669357234601,-0.12660017371024396,0.0,0.0,0.2208669357234601
2019-04-18,0.10484638613870939,0.04944234163336367,0.03253625495401418,0.044372706994478185,0.05813572646938968,0.04276447167595254,0.07270247108486651,0.057595020490356676,0.0,0.09722466752041134,0.0,0.23119768972056542,-0.13397302220015406,0.0,0.0,0.23119768972056542
2019-04-19,0.10989865407414558,0.051824836314264267,0.03410409037206921,0.04651090949256065,0.06093713219791908,0.04482517759993589,0.07620580941646243,0.06037037103872228,0.0,0.10190966514729154,0.0,0.2423384902530397,-0.14042882510574814,-0.10446078613333344,0.0,0.13787770411970626
2019-04-22,0.099731102886175,0.046120972091526984,0.03330942410815904,0.04542714944283396,0.0551011667173973,0.041315276709260565,0.07151661879795071,0.056655586304086375,0.07196740254318858,0.06931547751392725,0.0,0.22458864852869498,-0.08330576847157914,0.0,0.0,0.22458864852869498
2019-04-23,0.12330348348431987,0.054844617796769884,0.04196312597167828,0.0,0.059214773396785575,0.044445459211779476,0.06389017653836954,0.05256081810583344,0.0736550726876796,0.07106089509612024,0.0,0.0,-0.0753952594689682,0.0,0.0,0.22011122725276805
2019-04-24,0.11105672276906217,0.08210421996663675,0.03425727908121215,0.0,0.05961503865639627,0.04535153258048672,0.06728637659333914,0.05516527398668896,0.07499740270834793,0.06907451577443509,0.0,0.22741822181691107,-0.08334630333412808,0.0,0.0,0.22741822181691107
2019-04-25,0.1184041345515097,0.08889345077116906,0.038901197907095425,0.0,0.06509817185097697,0.05132344279237163,0.07147904103976539,0.05829812754666017,0.08390861817451323,0.07197589134154712,0.0,0.0,-0.09031427371371387,-0.1149215104181873,0.0,0.13127727281158685
2019-04-26,0.09149000563997291,0.0672389111986347,0.028400094716815236,0.06084405582122797,0.06853031517038327,0.05443216256802856,0.06859296925599623,0.05641762038224275,0.07563179667300167,0.06978819778702108,0.0,0.24797306737665084,-0.10255307291662806,-0.13118709919511695,0.0,0.11678596818153389
2019-04-29,0.10479781346637206,0.045695658802513875,0.03723557651195452,0.05786188519405072,0.06842405310839964,0.055766144156582015,0.06562205459627486,0.05577868211363466,0.07775984063348039,0.07374104063504096,0.0,0.0,-0.0940900527063698,-0.24559093397489115,0.0,0.0
2019-04-30,0.1217903071069145,0.08799180596168389,0.04069146230196234,0.0,0.07070365028545526,0.05410073114353108,0.07118461954034232,0.0544845744012321,0.07883461456030343,0.07398866534387909,0.0,0.0,-0.09765029546637828,-0.12779455903511952,0.0,0.12267901633544127
2019-05-01,0.09184750273669963,0.07090309157109212,0.03091771240470455,0.05320177287545507,0.06795968123713671,0.05496829306749642,0.07424180887090644,0.04970029641241187,0.0,0.10185665685654427,0.0,0.0,-0.14501342273140713,0.0,0.0,0.0
2019-05-02,0.17244032642346066,0.0,0.06795364938697128,0.0,0.06737040128533503,0.05420494222395286,0.07059714323521063,0.0482214890659334,0.0,0.0,0.0,0.0,-0.24039397581043193,0.0,0.0,0.0
2019-05-03,0.1274779357571324,0.10126860204328066,0.04524191739905167,0.0,0.07757622874121413,0.06343324034926712,0.08129786312463497,0.0516811229843485,0.0,0.0,0.0,0.0,-0.2739884551994647,-0.2739884551994647,0.0,0.0
2019-05-06,0.13495407287362862,0.10724413490520843,0.03999171772670169,0.0,0.08078735314468961,0.06510370386766956,0.07948263203618217,0.05681623645699738,0.0,0.0,0.0,0.0,-0.2821899255055387,0.0,0.10632842814723184,-0.17586149735830683
2019-05-07,0.1418510815864961,0.1111325065091648,0.021255764987454146,0.0,0.09173230085213586,0.07323475165663902,0.10927230057434013,0.0,0.0,0.0,0.0,0.0,-0.27423935308311503,0.0,0.07379420290850858,-0.20044515017460648
2019-05-08,0.12084949813341433,0.0951871531941487,0.0,0.08396334867243695,0.09996602340487604,0.07952586257483107,0.1205081140202929,0.0,0.0,0.0,0.0,0.0,-0.3,0.0,0.0,-0.3
2019-05-09,0.12309984896155764,0.09668689648627059,0.0,0.08021325455217176,0.16594460899823535,0.13405539100176464,0.0,0.0,0.0,0.0,0.0,0.0,-0.3,0.0,0.0,-0.3
2019-05-10,0.12296275695923636,0.09648032983783378,0.0,0.08055691320292985,0.16982838329015568,0.1301716167098443,0.0,0.0,0.0,0.0,0.0,0.0,-0.3,0.0,0.0,-0.3
2019-05-13,0.11907995447769341,0.09200224349512258,0.0,0.07146899699756966,0.0,0.0,0.0,-0.2825511949703856,0.0,0.0,0.1959570011427001,-0.08659419382768556,-0.2825511949703856,0.0,0.0,-0.2825511949703856
2019-05-14,0.11912764571764725,0.09056272518191383,0.0,0.06879312485082298,0.0,0.0,0.0,0.0,0.0,0.0,0.18810912667975072,-0.09037436907063333,-0.27848349575038406,0.0,0.0,-0.27848349575038406
2019-05-15,0.1043659721957694,0.0785730051015948,0.0,0.06879037377005805,0.0,0.0,0.0,0.0,0.0,0.09983167879065398,0.18578009876832202,-0.06594925229910022,-0.15189767227676826,0.0,0.0,-0.2517293510674223
2019-05-16,0.10773457550044854,0.08134961669973056,0.0,0.06363240897533111,0.06323640586633471,0.048254630741037585,0.08597900992821707,0.05524655463992093,0.08110859988526711,0.07361781577287184,0.0,0.0,-0.09799018551737128,0.0,0.0,-0.25271660117551026
2019-05-17,0.10154179723668154,0.07842616998406457,0.0,0.06288456587132452,0.0,0.0,0.1457353378390903,0.09711719525298028,0.07677123197480765,0.07333647563935981,0.0,-0.24285253309207058,-0.09274482547790312,0.0,0.0,-0.24285253309207058
2019-05-20,0.11129701710988148,0.08782265451928868,0.0,0.04393704934318078,0.0,0.0,0.0,0.0,0.08641978589951134,0.08871877436652313,0.0,-0.24305672097235095,-0.0679181607063165,0.0,-0.07133806882672512,-0.17171865214562584
2019-05-21,0.12015168386626632,0.09663863565332718,0.0,0.047411353422039955,0.0,0.0,0.0,0.0,0.0,0.10954925686293975,0.0,-0.26420167294163344,-0.1546524160786937,0.0,-0.0735756900708274,-0.190625982870806
2019-05-22,0.11869973810401187,0.09594530232314986,0.0,0.08048489085444269,0.0,0.0,0.0,0.2951299312816044,0.0,0.0,0.0,-0.2951299312816044,-0.2951299312816044,0.0,-0.08218868606254807,-0.2129412452190563
2019-05-23,0.09449889418183503,0.07456562261620069,0.0,0.06858991882634266,0.0,0.0,0.0,0.0,-0.07937704044955872,-0.06023184998703007,0.0,-0.23765443562437835,-0.09804554518778959,0.0,-0.07636088052954203,-0.16129355509483634
2019-05-24,0.11478830363274652,0.09157802967444853,0.0,0.08587637828163239,0.0,0.0,0.0,0.0,0.0,0.0,0.0,-0.2922427115888274,-0.2922427115888274,0.0,-0.07968216933252095,-0.2125605422563065
2019-05-27,0.1148544571798632,0.09163080692883067,0.0,0.0859258696222749,0.0,0.0,0.0,0.0,0.0,0.0,0.0,-0.2924111337309688,-0.2924111337309688,0.0,-0.07245811957437057,-0.2199530141565982
2019-05-28,0.11738416849450437,0.09250670684512395,0.0,0.0847832707791212,0.0,0.0,0.0,0.0,0.0,0.0,0.0,-0.29467414611874954,-0.29467414611874954,0.0,-0.08606215427389007,-0.20861199184485943
2019-05-29,0.11640996183670771,0.0923525147577455,0.0,0.08403104692504405,0.0,0.0,0.0,0.0,0.0,0.0,0.0,-0.2927935235194972,-0.2927935235194972,0.0,-0.08794871854369046,-0.20484480497580673
2019-05-30,0.09658701684872233,0.07713901677107339,0.0,0.07303458675956967,0.0,0.0,0.0,0.0,-0.0677210179442395,-0.0609760738944572,0.0,-0.24676062037936541,-0.11806352854066868,-0.06434230824788476,-0.057064219220207234,-0.1253540929112734
2019-05-31,0.08715051056272013,0.06669774503755287,-0.01107540597619014,0.06705144151811755,-0.13107412504272792,-0.1009009780518528,0.0,0.0,-0.06696114470817215,-0.06174740179597818,0.15527277781477986,-0.07670232527980088,-0.10326655659043041,-0.06157614608486967,-0.05333821701269823,-0.11706073999701282
2019-06-03,0.08113876642243388,0.06177755907883696,-0.011428839906830277,0.06253208420683302,-0.11624164938382887,-0.10063560023110528,0.0,0.0,-0.06826713140006535,-0.053617580025390466,0.15202784532752223,-0.06484940428741193,-0.09499253818947838,0.0,-0.0594060042123807,-0.15747124540255347
2019-06-04,0.08878826174888584,0.06552514389304,0.0,0.06878752870777033,0.0,0.0,0.0,0.0,-0.06871252738053335,-0.056389787050970946,0.15805132842932051,-0.06504960592037563,-0.09799861991819185,0.0,-0.05841392520779171,-0.16468700914190443
2019-06-05,0.087990148643412,0.06422037017249523,0.0,0.07213812262337115,0.0,0.0,0.0,0.0,-0.06960070711648973,-0.05947689372568289,0.15497445604966606,-0.0693741853896123,-0.09527104059710577,0.0,-0.06208711591377528,-0.16226152552550305
2019-06-06,0.08010507429730516,0.059259099661348506,-0.009292910560364675,0.06935062501212282,0.0,0.0,0.0,0.0,-0.06640547248129364,-0.05679190890983357,0.15536151166001727,-0.06264619787112388,-0.09481032814001397,0.0,-0.0582889070471231,-0.1597188024840181
2019-06-07,0.09050667470561102,0.06700179884812504,0.0,0.07539799988105177,0.10769861970516587,0.0,0.0,0.12520785372962195,-0.06563555002091649,-0.05701020831185663,0.1652714229647215,-0.06763505047006628,-0.1102607151020147,0.07775641875165358,0.0,-0.15515005468313425
2019-06-10,0.09492552857392879,0.068692529635138,0.0,0.0791290830215058,0.10366008215416449,0.0,0.0,0.13908705907640811,-0.071168958443587,-0.06064202188804778,0.17207298774548788,-0.0706741534850847,-0.1109361608989378,0.0695092618534853,-0.05127160717438528,-0.12196627220270202
2019-06-11,0.0945635252381908,0.0693088777717582,0.0,0.07790465897361142,0.07455848186226706,0.0,0.05795652166099531,0.10926205846029803,-0.07304661488260361,-0.06172342720565586,0.17104446554370256,-0.07073259643985783,-0.10700701989530088,0.06592868462651082,-0.05169298739925789,-0.12415538995779173
2019-06-12,0.09843570384510589,0.07094338106316798,0.0,0.06997050651814682,0.07946880071433995,0.0,0.053662428255895386,0.10621836245618535,-0.0736357548626581,-0.063727355275749,0.17067199613716194,-0.06867759528925879,-0.10198648128801358,0.06638925301856512,-0.05358538293706449,-0.11937495547079109
2019-06-13,0.0979990840624446,0.07082704294005253,0.0,0.06884614236912365,0.07984229815148014,0.0,0.058182117338699824,0.09964785388144082,-0.06863247103428748,-0.06109206451079617,0.17356422433658703,-0.06410804503503378,-0.10794773382653715,0.055737373334062645,-0.060029795600354756,-0.12190510043720336
2019-06-14,0.09225986180059725,0.0673733098981361,0.0,0.06713275898739053,0.07672674303734668,0.0,0.052728984962345425,0.09731020268643176,-0.06618940959821161,-0.06005695281609893,0.1598931925842812,-0.06687273810184267,-0.10051956827181331,0.0,-0.07653636459131997,-0.15022956609480387
2019-06-17,0.09120286059800663,0.06705158579950268,0.0,0.06859790693274921,0.07647816910963441,0.0,0.05602805462900297,0.09434612959162109,-0.06918189844852123,-0.062122802546344204,0.16376896382024883,-0.06308338951000969,-0.09554765233539311,0.0,-0.08571547125478333,-0.1411368820754752
2019-06-18,0.0873231717026902,0.06650912259068537,0.0,0.06807660974424659,0.05937632194472264,0.035274235345258906,0.05977570616433683,0.06748264058330376,-0.06469333512951714,-0.0517962556458449,0.17488972926326904,-0.047019174774353155,-0.1054193132622601,0.0,-0.08972431842455199,-0.13218458561307014
2019-06-19,0.08791323508549674,0.0658921655379453,0.0,0.06842437985973768,0.06354091430731136,0.039074050372091565,0.05812236907930174,0.06149244672447503,-0.0662828965238651,-0.05154601679440025,0.17299774728538966,-0.049232033197790064,-0.10440086716491435,0.0,-0.08236421114246341,-0.13986556934071634
2019-06-20,0.09855541127745472,0.07088188367500871,0.0,0.07890278541536887,0.06802622808128928,0.0410651585888513,0.06476920262884947,0.07447949106884223,-0.07323218017492425,0.0,0.24834008036783228,0.0,-0.17510790019290803,0.0,-0.07293499221992035,-0.17540508814791192
2019-06-21,0.11657872407117784,0.08068574174677465,0.0,0.09057547013047862,0.0813160031521454,0.05002549665513999,0.07518810126274593,0.08131033487839978,0.0,0.0,0.2878399359484311,0.0,-0.2878399359484311,0.0887815420594498,0.0,-0.19905839388898128
2019-06-24,0.11565221410898337,0.07963233461093396,0.0,0.08678492399614082,0.07860061521582667,0.04939305684074581,0.07080374570507998,0.08327205495440576,0.0,0.0,0.2820694727160582,0.0,-0.2820694727160582,0.13306657407621855,0.0,-0.14900289863983962
2019-06-25,0.11667696841825208,0.08146795810640999,0.0,0.08352603630519954,0.07333332370695267,0.04451152171382269,0.07402653431889321,0.08979958309019301,0.0,0.0,0.2816709628298616,0.0,-0.2816709628298616,0.1338805825604657,0.0,-0.14779038026939592
2019-06-26,0.10323992282537638,0.07258983846879827,0.0,0.06747286277152574,0.06510972628836488,0.04102869869459365,0.06365291584139221,0.07351128324134965,0.0,0.0868093880640225,0.2433026240657004,0.0,-0.15649323600167792,0.1121791100487698,0.0,-0.1311235140169306
2019-06-27,0.10491483130521194,0.07323826637321913,0.0,0.06480466825403744,0.0651646732848156,0.04059276838268397,0.06231693130731081,0.07488339295765815,0.0,0.0846246754465759,0.24295776593246854,0.0,-0.15833309048589264,0.11771142205805415,0.0,-0.12524634387441438
2019-06-28,0.12173415129848207,0.08446166913813992,0.0,0.07750862634288759,0.07499578203905481,0.045829747031930775,0.07554954674925192,0.0873293709592721,0.0,0.0,0.2837044467795096,0.0,-0.2837044467795096,0.13700657348383732,0.0,-0.14669787329567233
2019-07-01,0.10014503893122581,0.06842654142273837,0.0,0.07269418532180184,0.06131330608407565,0.03882065234642418,0.06442694788416088,0.07670485936110527,0.0,0.08854078733961765,0.24126576567576602,0.0,-0.1527249783361484,0.1325187550817278,0.0,-0.10874701059403821
2019-07-02,0.11134921754118915,0.07722234218102943,0.0,0.09124697886328148,0.07062691126608858,0.045612945518946,0.07417079078635917,0.08940789101410633,0.0,0.0,0.27981853858550004,0.0,-0.27981853858550004,0.11023245281513117,0.0,-0.16958608577036888
2019-07-03,0.09630866044190962,0.06876776797583015,0.015832761903278456,0.08551639818010479,0.06594830196003283,0.04235019453376768,0.07193501930385592,0.08619207270346665,0.0,0.0,0.2664255885011231,0.0,-0.2664255885011231,0.0,-0.10040790133846293,-0.16601768716266013
2019-07-04,0.09686621302175775,0.06916588011101502,0.016178313590216355,0.08414810861970426,0.06693606353654058,0.042984507983467056,0.07086244118985116,0.08557550263283466,0.0,0.0,0.26635851534269345,0.0,-0.26635851534269345,0.0,-0.10344475011812089,-0.16291376522457254
2019-07-05,0.09555434808776192,0.06331843886476969,0.017256645888300084,0.08316142396229241,0.067588682556129,0.04419528909062062,0.07008369131419014,0.0774231938421844,0.0,0.0,0.25929085680312414,0.0,-0.25929085680312414,0.0,-0.09776033597931832,-0.16153052082380584
2019-07-08,0.09583567617720029,0.06532812153462865,0.01378612725221355,0.08385965966576342,0.06575652657183341,0.041972882522269106,0.07144457446946605,0.07963560106623732,0.0,0.0,0.2588095846298059,0.0,-0.2588095846298059,0.0,-0.11760775791725023,-0.1412018267125557
2019-07-09,0.09859178753108422,0.06735165285436574,0.0,0.09054761047186441,0.0660328049927819,0.042249905763799625,0.0710615947231943,0.07714674537753854,0.0,0.0,0.19678733162888387,-0.05970371922843049,-0.25649105085731433,0.0,-0.12220852619620545,-0.13428252466110893
2019-07-10,0.09171439474166136,0.05938926832934347,0.0,0.0789871978935433,0.06076510171613174,0.039048678808734735,0.06097906256596571,0.06929801787371595,0.0,0.10022189094723781,0.23009086096454814,0.0,-0.12986897001731035,0.0,-0.12208270570978991,-0.10800815525475824
2019-07-11,0.0950553749851859,0.0582056855573559,0.0,0.07660602681983605,0.0618021838864576,0.0385161420794878,0.061864290885285673,0.06768447051114676,0.0,0.09091912932957387,0.22986708736237788,0.0,-0.138947958032804,0.0,-0.11041965886826606,-0.11944742849411177
2019-07-12,0.10066501703573091,0.06368424497353996,0.016611733420594813,0.07578418390636334,0.07022668660072465,0.04452171980683933,0.06814028986708597,0.0738564830615791,0.0,0.25674517933622903,0.25674517933622903,0.0,0.0,0.0,-0.1207822042112412,-0.1359629751249878
2019-07-15,0.0902313306005662,0.05863837907144628,0.0,0.08102332837128916,0.05964831682174554,0.03847894607311489,0.0603729783951906,0.07139279675325057,0.0,0.09346006174257722,0.2298930380433016,0.0,-0.13643297630072437,0.0,-0.0947617171493842,-0.13513132089391744
2019-07-16,0.10437774834056945,0.06776164004491815,0.0,0.09425884255188512,0.06669282162959833,0.043003270526585195,0.07228060973341413,0.08442152904777506,0.0,0.0,0.2663982309373727,0.0,-0.2663982309373727,0.0,-0.11752146797241594,-0.14887676296495675
2019-07-17,0.09132953350946005,0.06050635849833864,0.0,0.0790737178601072,0.05885700917759489,0.038030077103313555,0.06225939690267159,0.07176312668432584,-0.07956386779856187,0.0,0.23090960986790587,0.0,-0.15134574206934398,0.0,-0.10725594219903299,-0.12365366766887284
2019-07-18,0.08210241687565001,0.052947708730208445,0.0,0.07030854051063679,0.05505903799777228,0.034253004085768965,0.053990795471188825,0.062055828561765204,-0.06578089302020775,-0.04610010708826827,0.20535866611649525,0.0,-0.09347766600801923,0.0,-0.09164095063210362,-0.11371771548439162
2019-07-19,0.08331284839059235,0.054099885740147804,-0.012895840790113116,0.0763974748592116,0.0578507488195865,0.03539659932716276,0.061513512394605036,0.07194518923871056,-0.0895144202925842,0.0,0.22670604978006484,0.0,-0.13719162948748065,0.0,-0.08681263675110573,-0.13989341302895913
2019-07-22,0.07092950226977149,0.04912126242185845,-0.011516904573570031,0.07125727966937354,0.05006024072094012,0.032809203243614214,0.05355344902421187,0.06640205594580728,-0.06600200816599779,-0.050590817895582986,0.20282494893457348,0.0,-0.0862321228729927,0.0,-0.0897279381452313,-0.11309701078934216
2019-07-23,0.07497980519766027,0.05063607922938089,0.0,0.07940068297171925,0.051411833661736434,0.03315281812980507,0.05512658342328948,0.06532533218392944,-0.06700077661381962,-0.05081809549130629,0.20501656739876042,0.0,-0.08719769529363448,0.0,-0.0964279536545868,-0.10858861374417364
2019-07-24,0.07461852755107694,0.05239479532189991,0.0,0.0771020855618513,0.05341990624206641,0.03476310874154295,0.05537170828181117,0.06056068516940759,-0.06403415232841106,-0.051232688377324836,0.20411540843482814,0.0,-0.08884856772909225,0.0,-0.10182348644320491,-0.10229192199162326
2019-07-25,0.07480725309602963,0.051560356151078506,0.0,0.0775991498018854,0.05313814431688857,0.03336452550691676,0.054269717621200614,0.06319437160398758,-0.06334156829718188,-0.05094763980797407,0.20396675904899356,0.0,-0.08967755094383761,0.0,-0.0993733232408067,-0.10459343580818688
2019-07-26,0.06570736769539473,0.04605236666472958,-0.011448921240283075,0.07004875305136549,0.04918867429359682,0.031061259325226607,0.05042941660705599,0.06257805842589349,-0.05832179369436265,-0.04672010497156266,0.13885075205729291,-0.054406656594479984,-0.08821550998584757,0.0,-0.1932574086517729,0.0
2019-07-29,0.07520685579914536,0.05337428316346757,-0.014689481355018045,0.08231462612382459,0.05543894124257086,0.035270612671179674,0.05449747107491245,0.08037822145279262,-0.08543622362207184,0.0,0.22558524644145556,0.0,-0.1401490228193837,-0.09559518130094875,-0.12999006514050682,0.0
2019-07-30,0.08231928906594961,0.05924322309981535,-0.022969144835066457,0.088795271503336,0.06687878029515168,0.04432424560080566,0.052314659069452006,0.08980924353875806,0.0,0.0,0.25332692850416744,0.0,-0.25332692850416744,-0.09644427616306564,-0.1568826523411018,0.0
2019-07-31,0.07573702102412533,0.0580468553035514,-0.021411824528437925,0.08322462766308025,0.058695832767959595,0.03799611703028306,0.05313027655909259,0.0885981021618596,0.0,0.0,0.23842032851919487,0.0,-0.23842032851919487,0.0,-0.23842032851919487,0.0
2019-08-01,0.06882671252382529,0.046497717102159386,-0.015351900884281,0.06403787656272249,0.04311881343209713,0.029410921663183164,0.045777354472460986,0.0764071175052469,-0.06452968108238705,-0.050099781765682284,0.19471420707298817,0.0,-0.08008474422491886,-0.07852755823329267,-0.11618664883969552,0.0
2019-08-02,0.06658841810215635,0.04560924518364573,-0.01681510240802467,0.06196652471296059,0.0,0.0,0.0,0.0,-0.05928189702246127,-0.04410001020482361,0.12326347491080068,-0.06771581549598663,-0.08759738317950246,-0.048201713032089887,-0.07613251131490005,-0.06664506605979738
2019-08-05,0.06449817942726624,0.04128443706872476,-0.014941088445730904,0.05632473125655523,0.0,0.0,0.0,0.0,-0.05949553068936312,-0.04126546476834178,0.11323552146478993,-0.06381291473348723,-0.07628744074057221,0.0,-0.08740079332659027,-0.08964764287168686
2019-08-06,0.06963119742080748,0.045027608460099046,-0.017454885121264765,0.06068552641314948,0.0,0.0,-0.08459736381440727,-0.1082018536009135,-0.06604483575567452,-0.04754512367067303,0.1260873477513228,-0.06671186966399796,-0.07920925798897321,0.04109477026029514,-0.07247856817160539,-0.07922587898342019
2019-08-07,0.06341729657739438,0.0406791921808737,-0.0156165747022064,0.054515468766199254,0.0,0.0,0.0,0.0,-0.06108080314869092,-0.047256583038386424,0.118010537297969,-0.05621799492870474,-0.06589114603959638,0.0,-0.0866072087894383,-0.08762132343723544
2019-08-08,0.06543147157335932,0.042065226675975585,-0.014756697447049385,0.053740916521910084,0.10712199814604015,0.06887231407225423,0.0,0.0,-0.06310909185568868,-0.045430716519047946,0.1224957171337867,-0.053498595084507695,-0.06745450384355772,0.0,-0.08630037948523393,-0.08969393273306044
2019-08-09,0.0622282619115361,0.040291193448220686,-0.01506039767066708,0.05465592482955489,0.0,0.0,0.0,0.0,-0.06162574342870708,-0.03814629841670894,0.11698163226071967,-0.05525414559925906,-0.07246373601456271,0.0,-0.08620199525937305,-0.08603378260060571
2019-08-12,0.06346466061861356,0.03956334848251627,-0.016037051951726854,0.05293179802534716,0.0,0.0,0.0,0.0,-0.06114171566456736,-0.03553623157196168,0.11856283811723477,-0.0534340209609691,-0.07531891184167482,0.0,-0.08667795367327057,-0.08531890540493328
2019-08-13,0.06919914901894593,0.04467228565186335,-0.017418518657337442,0.06135831585178049,0.0,0.19264826917992722,0.0,0.0,-0.07871480842036652,0.0,0.14608312035749893,-0.0465651488224283,-0.1139334607595607,0.0,-0.0939724882811384,-0.09867578089878885
2019-08-14,0.06334965327263087,0.03942345559240775,-0.016432078176414195,0.05520379634111985,0.0,0.0,-0.06766135107282772,-0.10674763230974495,-0.061937657258465784,-0.036533441238394866,0.12449678538740044,-0.049912197995172256,-0.07593788488571206,0.0,-0.09472975472920657,-0.07967922865336613
2019-08-15,0.06374782644860735,0.039407286542914206,-0.01603859095301902,0.05438821784914965,0.0,0.0,-0.06312433094153944,-0.11045759085215083,-0.06671896164971981,-0.03999161181213006,0.12511764393175448,-0.04846427786193577,-0.06687134833184036,0.0,-0.0899700916196154,-0.08361183017407484
2019-08-16,0.06798920825105939,0.042026165028605886,-0.015009812020608377,0.05534971258634231,0.0,0.0,0.0,-0.18037489788661595,-0.06764780849181305,-0.03894593664168979,0.13116188600585665,-0.04921301188075932,-0.07378115275311313,-0.036328518551535426,-0.07459215875814877,-0.06945422057693175
2019-08-19,0.07816068094157541,0.04829165086228135,-0.017536310678715014,0.06341250385693219,0.0,0.0,0.0,-0.20740114633950393,-0.0975099648842451,0.0,0.14379799179828248,-0.06360315454122141,-0.10989118145525882,-0.052575600172643414,-0.08039058224462975,-0.07443496392223077
2019-08-20,0.07905644537067334,0.048369163074536835,-0.017484444916845913,0.06254846399734942,0.0,0.0,0.0,-0.20745851735940554,-0.09833947443513859,0.0,0.1391488194689633,-0.06830969789044222,-0.10911904292426694,-0.05105560459271575,-0.08301862000264677,-0.073384292764043
2019-08-21,0.06771885390784727,0.04200379317709706,-0.014900117443303398,0.053831060478432516,0.0,0.0,0.0,0.0,-0.06436683362749332,-0.038889640547814276,0.12385776565059373,-0.05459605935608649,-0.07519735083137259,-0.04190631955743768,-0.07032657248847413,-0.0662209329607684
2019-08-22,0.06981582721533165,0.04368793156886577,-0.014971366892940001,0.05345640169520477,0.0,0.0,0.0,-0.18193152737234217,-0.06528651264549291,-0.03750487648447156,0.1166869493797608,-0.06524457799258136,-0.07914013824237769,-0.04379994206893048,-0.0734281729931409,-0.0647034123102708
2019-08-23,0.07107524689352523,0.04333280151441862,-0.015684308192891242,0.05231789909623858,0.0,0.0,0.0,-0.18241025569707367,-0.06398715811888492,-0.04074414677564168,0.11526217975880809,-0.06714807593826558,-0.07767895080254705,-0.04914063159825074,-0.06358048511412807,-0.06968913898469484
2019-08-26,0.06777274111861083,0.04130808149306066,-0.014950682771446922,0.05058494529415579,0.0,0.0,0.0,-0.1746164506772742,-0.06589211101786965,-0.04359043673492956,0.11397238678138989,-0.0606440638958843,-0.06513390292447498,0.0,-0.07639442747663146,-0.09822202320064273
2019-08-27,0.06834016344032781,0.04124583452313307,-0.014555838049646153,0.05118804568117981,0.0,0.0,0.0,-0.17532988169428684,-0.06728913410451062,-0.04004985487434613,0.11418686863249178,-0.06114301306179505,-0.06799089271543006,0.0,-0.08427245433260812,-0.09105742736167872
2019-08-28,0.0749510914735791,0.04543157794424678,-0.01662383771824145,0.057117943742319155,0.0,0.0,0.0,-0.19412445087838645,-0.12376278082763074,-0.07036167005075569,0.12867714526289153,-0.0654473056154949,0.0,0.0,-0.08109467816285852,-0.11302977271552792
2019-08-29,0.09183978090240023,0.05637993109171141,-0.019068848437605344,0.07469776868704524,0.0,0.0,0.0,0.0,-0.24198632911876222,0.0,0.1601975223907875,-0.08178880672797478,0.0,-0.06287664652294817,-0.08343713515426306,-0.095672547441551
2019-08-30,0.09053962890582323,0.05692747553466169,-0.019457235906701613,0.07542086138007181,0.0,0.0,0.0,0.0,-0.24234520172725835,0.0,0.15382978374209916,-0.08851541798515916,0.0,-0.07186857547330967,-0.0858467635095743,-0.08462986274437435
2019-09-02,0.08912353308617424,0.05603709459206187,-0.018526943089291672,0.07515334986210935,0.0,0.0,0.23884092062963713,0.0,-0.23884092062963713,0.0,0.1516054244414959,-0.08723549618814119,0.0,-0.08816232523204907,-0.07763831749635938,-0.07304027790122868
2019-09-03,0.07694439379237998,0.04762541416728559,-0.015042956453363912,0.06262053174754587,0.0,0.0,0.0,0.0,-0.12744137630741573,-0.07479191985315964,0.12883462471442583,-0.07339867144614949,0.0,-0.07236988804740091,-0.07227134864922556,-0.05759205946394891
2019-09-04,0.09350043094445616,0.05907794305216285,-0.01584624385826379,0.06695749422824425,0.0,0.0,0.23538211208312704,0.0,-0.23538211208312704,0.0,0.18051675474112247,-0.054865357342004595,0.0,-0.09363713311269685,-0.07769397332482032,-0.06405100564560985
2019-09-05,0.1032780490947583,0.06742162158223448,0.0,0.06036725429000025,0.07180792939398249,0.05936214564266716,0.09989684993034338,0.0,-0.23106692496699302,0.0,0.23106692496699302,0.0,0.0,-0.09002718372864528,-0.06970540806455323,-0.0713343331737945
2019-09-06,0.09173019903802562,0.06110417336887162,0.0,0.06375204172097193,0.06878383988987775,0.055082299216392336,0.09272027502159909,0.0,0.0,0.2165864141278692,0.2165864141278692,0.0,0.0,-0.1350477728221487,0.0,-0.08153864130572049
2019-09-09,0.09662806970848754,0.06291947661418823,0.0,0.06594983195699518,0.067976370104685,0.05181647472143723,0.1057045334535487,0.0,0.0,0.22549737827967092,0.22549737827967092,0.0,0.0,-0.10273187716399255,-0.0654838520037586,-0.057281649111919734
2019-09-10,0.08524707282630786,0.05704651095379955,0.0,0.0629377510910975,0.06192983233674457,0.04556011745311397,0.09774138508134639,0.0,0.0,0.2052313348712049,0.2052313348712049,0.0,0.0,-0.2052313348712049,0.0,0.0
2019-09-11,0.08166077473052066,0.056461732451928946,0.0,0.06918993472688656,0.06408809855408673,0.048170848552446584,0.09505349480280287,0.0,-0.20731244190933618,0.0,0.14235049863854632,-0.06496194327078988,0.0,-0.20731244190933618,0.0,0.0
2019-09-12,0.0,0.08398777589410224,0.0,0.11300883612431584,0.058687749407653436,0.04346144449419157,0.0948474181165731,0.0,-0.1969966120184181,0.0,0.1969966120184181,0.0,0.0,-0.1969966120184181,0.0,0.0
2019-09-13,0.0,0.0,0.1758429875348553,0.0,0.0396868810543608,0.028986996610576497,0.06064075098051173,0.046528358889406304,-0.1758429875348553,0.0,0.1758429875348553,0.0,0.0,-0.1758429875348553,0.0,0.0
2019-09-16,0.0,0.0,0.0,0.14238889046013262,0.045651548134411676,0.03210489222937603,0.06463245009634491,0.0,0.06787523401033771,0.07451365644979491,0.14238889046013262,0.0,0.0,-0.14238889046013262,0.0,0.0
2019-09-17,0.0,0.0,0.0,0.1686478049066768,0.054335554016595254,0.03819296886327239,0.07611928202680913,0.0,0.0,0.1686478049066768,0.11923092441457865,-0.049416880492098164,0.0,-0.1686478049066768,0.0,0.0
2019-09-18,0.0,0.07329827398279928,0.0,0.10369496134412508,0.05649506068504178,0.03880633283044976,0.08169184181143281,0.0,0.0,0.17699323532692435,0.1240934254721362,-0.05289980985478816,0.0,-0.17699323532692435,0.0,0.0
2019-09-19,0.0,0.08153267440875911,0.02537781578038298,0.11237524604667593,0.049196816009428795,0.034443359759629984,0.07564870989274369,0.05999685057401551,0.0,0.0,0.1401983606450709,-0.07908737559074708,0.0,-0.219285736235818,0.0,0.0
2019-09-20,0.08759637379078938,0.05304382901125373,0.01889378949689945,0.07261586532139996,0.052688990073026645,0.03406275582092694,0.0901544394322484,0.05524367229414049,0.0,0.0,0.15326129700696056,-0.07888856061338194,0.0,-0.23214985762034251,0.0,0.0
2019-09-23,0.07625199068117619,0.04541153134791901,0.0,0.06887621881141337,0.058110120444036226,0.0373111097348258,0.09511851066164656,0.0,0.0,0.1905397408405086,0.13068069395644932,-0.0598590468840593,0.0,-0.1905397408405086,0.0,0.0
2019-09-24,0.10974583667481903,0.06435978430256062,0.0,0.09257707305867677,0.09825134553143623,0.0,0.16843134850462024,0.0,0.0,0.0,0.17213386358086166,-0.09454883045519477,0.0,-0.2666826940360565,0.0,0.0
2019-09-25,0.09403590139355009,0.055516671218364406,0.0,0.0977689024504084,0.0797455643723991,0.052716564984049585,0.11485934570587422,0.0,0.0,0.0,0.15313401748932953,-0.09418745757299336,0.0,-0.24732147506232288,0.0,0.0
2019-09-26,0.09714129609474617,0.05754869651309699,0.0,0.09258127739168084,0.05630106850035281,0.03577924945933004,0.08653129167607772,0.06865966036376342,0.0,0.0,0.1437518323439522,-0.10351943765557184,0.0,-0.24727126999952406,0.0,0.0
2019-09-27,0.07979108684614244,0.046239808635748336,0.0,0.07318165815873941,0.04575421253813469,0.0,0.08173994710809923,0.07171839399439625,0.0,-0.19921255364063015,0.11662647632392913,-0.082586077316701,0.0,-0.19921255364063015,0.0,0.0
2019-09-30,0.06708375170726852,0.03854468007239495,0.0,0.05752886308361966,0.036670084744322574,0.0,0.07186260961679516,0.05462460050216535,-0.08226815857543286,-0.08088913628785024,0.0,-0.16315729486328312,0.0,-0.16315729486328312,0.0,0.0
2019-10-01,0.06323525169114977,0.035180950208263104,0.0,0.049348211960977315,0.0,0.0,0.08514995374846784,0.06261446011192236,-0.04744853524681281,-0.04057693843764048,0.0,-0.14776441386039021,-0.059738940175936894,-0.14776441386039021,0.0,0.0
2019-10-02,0.06129731874706431,0.03251558570444768,-0.010044808987102851,0.04141853443512493,0.0,0.0,0.0,-0.14527624787373974,-0.045698521146056936,-0.03994579440039878,0.0818329202360477,-0.06344332763769206,-0.05963193232728401,-0.14527624787373974,0.0,0.0
2019-10-03,0.06835252631095097,0.035287785589080405,-0.009634373594071727,0.04392670044815064,0.0,0.0,0.0,-0.15720138594225372,-0.08359803937199012,-0.07360334657026359,0.08434969837935238,-0.07285168756290132,0.0,-0.15720138594225372,0.0,0.0
2019-10-04,0.07108562279814087,0.036577376906607915,-0.00963584407773457,0.048873669355981406,0.0,0.0,0.0,-0.16617251313846473,-0.08753052267223448,-0.07864199046623027,0.09100751840383926,-0.07516499473462547,0.0,-0.09438142385848866,0.0,-0.07179108927997609
2019-10-07,0.07252010182739366,0.03790368221891032,0.0,0.04861346868623496,0.0,0.0,0.08191804439528216,-0.07711920833725679,-0.0508876589643122,-0.045854718618361656,0.07137468530881583,-0.08766256742372311,-0.06229487514986509,-0.08340592459599702,0.0,-0.0756313281365419
2019-10-08,0.05940726583040259,0.03110806555982459,-0.00967736112734434,0.04201285287943243,0.0,0.0,0.0,-0.14220554539700395,-0.04554027365457415,-0.041479227220541585,0.0,-0.14220554539700395,-0.05518604452188821,-0.14220554539700395,0.0,0.0
2019-10-09,0.06959298657338221,0.0362687006548499,-0.011289420985330137,0.047676551641651514,0.0,0.0,0.08270832416299824,-0.08211933569221551,-0.05124071967227794,-0.04678459472403666,0.09308319036768281,-0.07174446948753092,-0.06680234545889914,-0.07782650385504192,-0.05301654257625228,-0.03398461342391952
2019-10-10,0.08693407664439787,0.029291531746965197,0.0,0.03751814387964204,0.0,0.0,0.1537437522710051,0.0,-0.04610867161373677,-0.04070503151256661,0.1537437522710051,0.0,-0.06693004914470173,-0.0857137416504911,-0.06803001062051399,0.0
2019-10-11,0.0,0.0,0.0,0.0,0.03547503146311183,0.031057935517823636,0.0627055542379243,0.0,0.0,-0.044104633771296246,0.0,0.0,-0.08513388744756355,-0.1292385212188598,0.0,0.0
2019-10-14,0.0673791951023695,0.033737072625030104,0.0,0.04039863490211174,0.042207830705737054,0.03645190128478895,0.06285517063898537,0.0,-0.043459677796158995,-0.03740815175495142,0.0,0.0,-0.06064707307840096,-0.14151490262951139,0.0,0.0
2019-10-15,0.0,0.0,0.0,0.0,0.031134857463939042,0.02581176417348935,0.04523272413948203,0.0,-0.05423765109350295,-0.04794169468340746,0.0,0.0,0.0,0.0,0.0,0.0
2019-10-16,0.0,0.0,0.12208367904820135,0.0,0.028264147481699982,0.02329793842437733,0.043646076283566294,-0.02687551685855774,-0.038724494459971934,-0.0346930866546629,0.0,-0.12208367904820135,-0.048666097933566514,0.0,0.12208367904820135,0.0
2019-10-17,0.0,0.0,0.11823281273047638,0.0,0.028141394536416217,0.022768064974485906,0.0418635492286714,-0.02545980399090285,-0.03772961335172236,-0.0325786713133899,0.0,0.0,-0.04792452806536412,0.0,0.11823281273047638,0.0
2019-10-18,0.0,0.0,0.12837566824428268,0.0,0.02916709126630721,0.020745982150010663,0.04453503903715832,-0.03392755579080649,-0.043115643147851615,-0.03500225377064998,0.0,0.0,-0.050257771325781096,0.06020301450934855,0.06817265373493415,0.0
2019-10-21,0.0,0.0,0.12824129824772854,0.0,0.031155618927647923,0.02427653420759592,0.04060832138677416,-0.03220082372571051,-0.042388723723135326,-0.034894176680949525,0.0,0.0,-0.05095839784364366,0.06936314028633343,0.05887815796139509,0.0
2019-10-22,0.0,0.0,0.12314247537587049,0.0,0.03863580792024885,0.027972346751895763,0.05653432070372586,0.0,-0.04164325576934668,-0.032757530095360705,0.0,0.0,-0.048741689511163096,0.06501447525382692,0.058128000122043576,0.0
2019-10-23,0.0,0.0,0.16814115133580299,0.0,0.05457104242100146,0.03869381715301885,0.07487629176178268,0.0,0.0,0.0,0.0,0.0,-0.168141151335803,0.087213340770912,0.080927810564891,0.0
2019-10-24,0.0,0.0,0.17467141343166392,0.0,0.041632330614742356,0.03259050113479749,0.060345954837923405,0.040102626844200615,0.0,0.0,0.0,0.0,-0.1746714134316639,0.09014789075899811,0.08452352267266577,0.0
2019-10-25,0.0,0.0,0.17185622792276564,0.0,0.05408050540507564,0.04528474119081081,0.07249098132687921,0.0,0.0,0.0,0.0,0.0,-0.17185622792276564,0.08385985350098209,0.08799637442178358,0.0
2019-10-28,0.0,0.0,0.20356280902414242,0.0,0.06279638184092719,0.05489701686862244,0.08586941031459278,0.0,0.0,0.0,0.0,0.0,0.0,0.0928017403175275,0.1107610687066149,0.0
2019-10-29,0.0,0.0,0.17545203858534705,0.0,0.05915035199068379,0.04769357288727327,0.06860811370738999,0.0,0.0,0.0,0.0,0.0,0.17545203858534705,0.09442102637832753,0.08103101220701953,0.0
2019-10-30,0.0,0.0,0.1471805091157186,0.0,0.04990251221197697,0.03994067693152719,0.05733731997221444,0.0,-0.05866351800807142,0.0,0.0,0.0,0.08851699110764716,0.08322396899306977,0.06395654012264883,0.0
2019-10-31,0.13374934371528188,0.0,0.03281383164025083,0.0,0.0537623840124384,0.044363130004015434,0.06843766133907889,0.0,-0.07053609442328726,0.0,0.16656317535553272,0.0,0.09602708093224546,0.0956058266507159,0.0709573487048168,0.0
2019-11-01,0.0,0.0,0.18751731339975794,0.0,0.048266673578698474,0.03885634095771481,0.056994475702966736,0.043399823160377916,0.0,0.0,0.18751731339975794,0.0,0.18751731339975794,0.09795618187959063,0.08956113152016733,0.0
2019-11-04,0.0,0.0,0.18708100805940692,0.0,0.04625546476139447,0.03770072726587316,0.05691719984743407,0.046207616184705216,0.0,0.0,0.18708100805940692,0.0,0.18708100805940692,0.09959789138507011,0.08748311667433682,0.0
2019-11-05,0.0,0.0,0.15575814022307058,0.0,0.03898082912764613,0.03184485039672889,0.045606961381044385,0.039325499317651155,0.0,0.07092917345210212,0.0,0.0,0.08482896677096846,0.07431821779400963,0.08143992242906095,0.0
2019-11-06,0.0,0.0,0.1836967652173565,0.0,0.04491821891671913,0.03666574470805507,0.058326148596721576,0.04378665299586073,0.0,0.0,0.0,0.0,0.1836967652173565,0.0,0.09404332337392207,0.08965344184343445
2019-11-07,0.0,0.0,0.17661432022226006,0.0,0.045505169040733026,0.03629605305482029,0.05289130015554024,0.04192179797116646,0.0,0.0,0.0,0.17661432022226006,0.17661432022226006,0.0,0.17661432022226006,0.0
2019-11-08,0.0,0.0,0.19027467140983462,0.0,0.05124227398362729,0.04102254310146855,0.05688988861329143,0.041119965711447354,0.0,0.0,0.0,0.0,0.19027467140983462,0.0,0.08963779586283982,0.10063687554699477
2019-11-11,0.0,0.0,0.18952349839644575,0.0,0.051381139104252224,0.04103744832284376,0.05924869339119015,0.03785621757815958,0.0,0.0,0.0,0.0,0.18952349839644575,0.0,0.09386131398950792,0.0956621844069378
2019-11-12,0.0,0.0,0.19047350406555844,0.0,0.052091952333467334,0.04113060190501337,0.05612965558313943,0.041121294243938296,0.0,0.0,0.0,0.0,0.19047350406555844,0.0,0.10087671616126466,0.08959678790429378
2019-11-13,0.0,0.0,0.22131141665532653,0.0,0.06119866213879289,0.04785663002260283,0.06218016088593921,0.050075963607991616,0.0,0.0,0.0,0.0,0.0,0.0,0.22131141665532653,0.0
2019-11-14,0.0,0.0,0.1672515003969615,0.0,0.06048987589411409,0.04710431824837983,0.0596573062544676,0.0,0.0,0.0,0.0,0.0,0.1672515003969615,0.0,0.1672515003969615,0.0
2019-11-15,0.0,0.0,0.14132455430971738,0.0,0.04968896607953728,0.038831332734553275,0.052804255495626805,0.0,0.0,0.08426532463259123,0.0,0.0,0.05705922967712615,0.0,0.14132455430971738,0.0
2019-11-18,0.0,0.0,0.2275910255264253,0.0,0.08504807525337015,0.06623233873081959,0.07631061154223558,0.0,0.0,0.0,0.0,0.0,0.0,0.0,0.2275910255264253,0.0
2019-11-19,0.0,0.0,0.2353538731561694,0.0,0.06965911003998203,0.055225415568433904,0.062347132366161566,0.04812221518159193,0.0,0.0,0.0,0.0,0.0,0.0,0.2353538731561694,0.0
2019-11-20,0.0,0.0,0.1673511016581228,0.0,0.06229088313876832,0.04912861842492351,0.055931600094431,0.0,0.0,0.1673511016581228,0.0,0.0,0.0,0.0,0.1673511016581228,0.0
2019-11-21,0.0,0.0,0.08778151782040809,-0.09087369041776515,0.06756120378203043,0.052941807172896246,0.058152197283246575,0.0,0.0,0.17865520823817327,0.0,0.0,0.0,0.0,0.17865520823817324,0.0
2019-11-22,0.0,0.0,0.1525106722225662,0.0,0.04773444242170938,0.03597904738702859,0.039526073716233415,0.02927110869759481,0.0,0.09131516799596544,0.0,0.0,0.06119550422660074,0.0,0.1525106722225662,0.0
2019-11-25,0.0,0.0,0.17799650923382623,0.0,0.05489688634487802,0.0414984796799986,0.045668586217923336,0.03593255699102624,0.0,0.17799650923382623,0.0,0.0,0.0,0.0,0.17799650923382623,0.0
2019-11-26,0.0,0.0,0.16635063658957489,0.0,0.05135228344902098,0.03877958529334959,0.042540764200550626,0.033678003646653666,0.060363312773054734,0.10598732381652014,0.0,0.0,0.0,0.0,0.07344584504663461,0.09290479154294026
2019-11-27,0.0,0.0,0.16879999234722534,0.0,0.05182892150302156,0.039930929080964205,0.04254239759766844,0.03449774416557114,0.06216848143790829,0.10663151090931706,0.0,0.0,0.0,0.0,0.07145826839291132,0.09734172395431404
2019-11-28,0.0,0.0,0.16943150760152012,0.0,0.05331381739125677,0.04107494810907149,0.04300083777469968,0.032041904326492156,0.062401066426914814,0.1070304411746053,0.0,0.0,0.0,0.0,0.07268256129022489,0.09674894631129521
2019-11-29,0.0,0.0,0.1668981872761056,0.0,0.052880512239362215,0.041883354648754104,0.04319363830181849,0.0289406820861708,0.07183973839027756,0.0,0.0,0.0,-0.09505844888582801,0.0,0.07119443006020756,0.095703757215898
2019-12-02,-0.13054453824545825,0.0,0.039144128372922776,0.0,0.06920378119680656,0.05468651103235723,0.04579837438921724,0.0,0.0,0.07504137821758855,0.0,0.0,-0.09464728840079249,0.0,0.06986884328595544,0.09981982333242562
2019-12-03,0.0,0.0,0.0,0.0,0.08531741568369987,0.06968276436189462,0.0,-0.04301304854263848,0.0,0.0,0.0,0.0,-0.19801322858823298,0.0,0.0878942731814201,0.11011895540681285
2019-12-04,0.0,0.0,0.14746330767942042,0.0,0.048924008045893405,0.03883576436910343,0.03685015016946585,-0.022853385094957705,0.0,0.08999263447748923,0.0,0.0,-0.05747067320193119,0.0,0.14746330767942042,0.0
2019-12-05,0.0,0.0,0.06316277354839801,-0.0946325975287119,0.053808401540979295,0.04205343437949679,0.036249443844894286,-0.02568409131173953,0.0,0.09484653390305867,0.0,0.0,-0.06294883717405124,0.0,0.15779537107710992,0.0
2019-12-06,0.0,0.0,0.12999570720595777,0.0,0.05237349715968973,0.04080524296915612,0.03681696707711192,0.0,0.03374272889703105,0.055474812534774064,0.0,0.12999570720595777,-0.04077816577415262,0.0,0.12999570720595777,0.0
2019-12-09,0.0,0.0,0.06113298717583647,-0.07825957354041543,0.056722183558359764,0.04434521308202972,0.03832516407586242,0.0,0.033080347823935125,0.05716100710919271,0.0,0.1393925607162519,-0.049151205783124055,0.0,0.1393925607162519,0.0
2019-12-10,0.0,0.0,0.06602295025674204,-0.09387706424558295,0.06455046231539482,0.05046284996602643,0.044886702220903754,0.0,0.04857226399622755,0.07285303782550702,0.0,0.15990001450232502,-0.038474712680590446,0.0,0.15990001450232502,0.0
2019-12-11,0.0,0.0,0.15615868489101795,0.0,0.062319442313781295,0.04938543445801742,0.04445380811921921,0.0,0.04731446767651013,0.07342076558739796,0.0,0.15615868489101795,-0.03542345162710986,0.0,0.15615868489101795,0.0
2019-12-12,0.0,0.0,0.05353006608142737,-0.12401506404910978,0.07110856892789287,0.056094131115398585,0.05034243008724569,0.0,0.05674509936725028,0.08604302715488335,0.0,0.17754513013053716,-0.03475700360840354,0.08272464769735413,0.09482048243318304,0.0
2019-12-13,0.0,0.0,0.18427233685758712,0.0,0.06037513724138422,0.048193224102465175,0.045632936262482576,0.03007103925125515,0.07613918121402946,0.0732490922317894,0.0,0.18427233685758712,-0.03488406341176828,0.07400189255832898,0.050863995010854285,0.05940644928840385
2019-12-16,-0.07205293096515548,0.0,0.04288125099847481,-0.08470917470111197,0.061393327919820766,0.04967164239623095,0.04736084447172034,0.04121754187697026,0.0868426629069699,0.08082976859939389,0.0,0.1996433566647423,-0.0319709251583785,0.04565413380280541,0.06649378827570476,0.08749543458623213
2019-12-17,-0.08449595396546723,0.0,0.05195217903889171,-0.052679538978410614,0.059031083153230725,0.04801214243666645,0.041797195883746245,0.04028725050912615,0.08359383381608577,0.07708167163810137,0.0,0.18912767198276956,-0.028452166528582384,0.0,0.07995429655952525,0.10917337542324432
2019-12-18,-0.07824404358734571,-0.038731509457006555,0.03806848718643514,-0.04084939002641177,0.06071339799590837,0.05040707164448046,0.04248337499305551,0.0422895856237548,0.08814116344244077,0.07994242790746822,0.0,0.19589343025719916,-0.027809838907290153,0.0,0.07458063232753245,0.12131279792966672
2019-12-19,-0.06673050566581734,-0.03219336467512441,0.03331313929010782,-0.06482683137415654,0.06027834121768135,0.051019665033987464,0.04216714602154793,0.04359868873198937,0.08941552624131359,0.08107778627937168,0.0,0.1970638410052061,-0.02657052848452085,0.0,0.07338797160671277,0.12367586939849332
2019-12-20,-0.09822369583043032,-0.04981315062351068,0.04235169769257267,0.0,0.05770583358127836,0.04864723003744556,0.04230136695701938,0.041734113570770406,0.08860814673385309,0.07570577772227315,0.0,0.19038854414651368,-0.02607461969038744,0.0,0.06889976432040645,0.1214887798261072
2019-12-23,-0.07704872820451822,-0.05672783667361817,0.030091903944874557,-0.033026178449971015,0.05999618649014251,0.05228514109827968,0.04225975434001639,0.0423535653445434,0.08882926108314342,0.07458527352335159,0.0,0.19689464727298198,-0.03348011266648693,0.0,0.0689540707278898,0.12794057654509217
2019-12-24,-0.08206850139007082,-0.042176646793019884,0.03535730925958801,-0.038775242095093684,0.06068691929888967,0.05277536373257146,0.04321663424026026,0.041698782266051,0.08895614204357018,0.07565815651050538,0.0,0.19837769953777243,-0.033763400983696845,0.0,0.05396165999730607,0.14441603954046633
2019-12-25,-0.0863734687135861,-0.04438905573413603,0.03721200452551577,-0.040809227696797,0.06387029903802717,0.05554373664674826,0.04548359653499447,0.043886124450265004,0.0936224059357714,0.0796268641878523,0.0,0.20878375667003493,-0.03553448654641122,0.05692494450781469,0.04113474509276221,0.11072406706945806
2019-12-26,-0.0822364715043359,-0.042904857807870886,0.03518807387883229,-0.03858964700889299,0.06251019322320359,0.05302546300918811,0.04243693061952873,0.04094646334801162,0.09682796568304314,0.07893042277805354,0.0,0.19891905019993208,-0.023160661738835384,0.0,0.07449903132274181,0.12442001887719027
2019-12-27,-0.08585173539717104,-0.04536928153903685,0.03825243734866884,-0.043265818608930265,0.06872972772031574,0.05668884662473616,0.04193410920203395,0.045386589346721094,0.10111504640188557,0.08130856715138264,0.0,0.21273927289380695,-0.030315659340538727,0.05448644790639166,0.05902078533800251,0.09923203964941278
2019-12-30,-0.06702603750161988,-0.05534319580126679,0.030401141998274008,-0.06605628656531279,0.0696772436932058,0.0577294587340555,0.04792794912637211,0.043492010312840036,0.10835502409647517,0.08439132441754765,0.09675177737340108,0.12207488449307238,-0.026080313352450618,0.09112518533874775,0.05088337450878569,0.07681810201893999
2019-12-31,-0.0805004756296412,-0.06440430273584397,0.033853187608468456,-0.07267146748302518,0.08560305510180397,0.06826156653119299,0.0531245273453769,0.044440284478605,0.12987092399049474,0.12155850946648407,0.10547316060226204,0.14595627285471674,0.0,0.16331066510975464,0.0881187683472242,0.0
2020-01-01,-0.08043829405790356,-0.06435455444877537,0.03382703814292357,-0.07261533332936669,0.08553693210724846,0.06820883874961177,0.05308349197779282,0.04440595714431618,0.1297706068418868,0.1214646131370824,0.10539168919664502,0.14584353078232418,0.0,0.1604553953209563,0.0907798246580129,0.0
2020-01-02,-0.07869430117367435,-0.04300674511767555,0.03914667138614458,-0.047506498769608344,0.06955477033150231,0.05467308669374811,0.03981177932559681,0.04431458009625557,0.09667119956769331,0.08682515741232404,0.08255815356614557,0.12579606288095724,-0.02485785946708549,0.13426743977529995,0.07408677667180288,0.0
2020-01-03,0.0,-0.09687389489296004,0.0943413111137848,0.0,0.06445825161148541,0.04855891350035872,0.03616605244850223,0.04203198844639852,0.08760927164325663,0.0784381630462349,0.09298613610786974,0.09822906989887516,-0.02516777131725338,0.11910895452927567,0.07210625147746921,0.0
2020-01-06,0.0,-0.0632881324708093,0.06071169252249351,-0.07418881493756468,0.06793074782673436,0.051819907229701895,0.03692391826241817,0.0415140666120131,0.09084154060198307,0.08059266285608563,0.10521914025964872,0.0929694996712188,-0.02675443647279879,0.12374152702592298,0.07444711290494452,0.0
2020-01-07,0.0,-0.0651923472676752,0.06463434307237173,-0.06942106742653431,0.0665697378888453,0.05155536094299126,0.040862035464385986,0.040260623470358685,0.09170107132940168,0.08200579281111187,0.10685921091662508,0.09238854684995615,-0.025540893626067644,0.12587126563914294,0.0733764921274383,0.0
2020-01-08,-0.06743440251818278,-0.06035951133207137,0.0373237536208205,-0.04231132186889278,0.06899878329050226,0.052296046046573536,0.04520022787441595,0.04093393212847568,0.09072683706429961,0.07870799193676004,0.10605540589160416,0.10137358344836328,-0.03799416033890778,0.12811739599930824,0.07931159334065918,0.0
2020-01-09,-0.0650977342445547,-0.03828158662769393,0.040715544286850286,-0.07456712641229794,0.07292001825718951,0.05508581243392394,0.048305689177615,0.04235047170266835,0.0987580994982186,0.08597339646070687,0.11080877278591862,0.10785321878547814,-0.033930495612471356,0.06032734272970567,0.06975419595379723,0.08858045288789389
2020-01-10,0.0,0.0,0.2335675027124555,0.0,0.07814319218244599,0.05970767377402833,0.05049079168089995,0.04522584507508123,0.12632721082298268,0.1072402918894728,0.1235405373114087,0.11002696540104678,0.0,0.0,0.08841914443789115,0.14514835827456435
2020-01-13,-0.10498925622703104,-0.05875162986729335,0.07289981307058026,0.0,0.07742227017905089,0.0587870324581092,0.05501229396922209,0.0454191025585225,0.0,0.0,0.11596841576867224,0.12067228339623237,-0.23664069916490466,0.0,0.08011281355104904,0.15652788561385564
2020-01-14,0.0,0.0,0.20926160687100592,0.0,0.06880300828882796,0.05192879799478328,0.04717015639619809,0.0413596441911966,0.15001784149883304,0.0,0.09591368740855924,0.11334791946244668,-0.05924376537217289,0.07334317983934992,0.0,0.135918427031656
2020-01-15,0.0,0.0,0.20825828281963019,0.0,0.0684846571373373,0.05143213799226891,0.046360858882497746,0.04198062880752624,0.0,0.0,0.09928282501041835,0.10897545780921182,-0.20825828281963019,0.0,0.0,0.20825828281963019
2020-01-16,0.0,0.0,0.2174752449897864,0.0,0.07388184605044848,0.05571531269333661,0.04575165176110932,0.04212643448489199,0.14378166930329792,0.0,0.10245505090416311,0.11502019408562332,-0.07369357568648847,0.08308216047063186,0.04556466414905397,0.08882842037010064
2020-01-17,0.0,0.0,0.21738815905757136,0.0,0.07352272028153452,0.056316638337939186,0.04719839826515403,0.040350402172943625,0.13725679974872956,0.0,0.1104915710794592,0.10689658797811219,-0.08013135930884183,0.05585433230274204,0.05502590760567671,0.10650791914915264
2020-01-20,0.0,0.0,0.1960480169005211,0.0,0.06780660138992688,0.051938228520094366,0.040228929219392896,0.036074257771106955,0.12378283855710846,0.0,0.09964504731195704,0.09640296958856405,-0.07226517834341264,0.0,0.0,0.1960480169005211
2020-01-21,0.0,0.0,0.0,0.0,0.0681008610115523,0.05324008222372134,0.03981433751028137,0.03403105677811841,0.11340011914093302,0.0,0.1102756999537546,0.08491063756991883,-0.0817862183827404,0.0,0.0,0.19518633752367343
2020-01-22,0.0,0.0,0.0,0.0,0.0781769469378181,0.06298464665760525,0.0419672831467614,0.03610297762862467,0.0,0.0,0.1326028604776429,0.08662899389316654,-0.21923185437080944,0.0,0.06335829956667106,0.15587355480413836
2020-01-23,0.0,0.0,0.0,0.23323692198293589,0.08829439259648479,0.07239120319145033,0.040399345610791906,0.032151980584208865,0.0,0.0,0.23323692198293589,0.0,-0.23323692198293589,0.0,0.10018229582740348,0.13305462615553237
2020-01-24,0.0,0.0,0.0,0.19870680611508418,0.06821276800286458,0.060355080889611154,0.03923811662179846,0.03090084060081001,-0.07027584256290414,-0.07162794051792319,0.19870680611508415,0.0,-0.056803023034256855,0.0,0.08921411308158819,0.109492693033496
2020-01-27,0.08196750132987585,0.04338755091332582,0.0,0.06483789926002319,0.09819877970113812,0.09199417180208674,0.0,0.0,-0.07385108949891682,-0.0699324350322589,0.11889490152206386,-0.07129804998116102,-0.04640942697204916,0.0,0.19019295150322488,0.0
2020-01-28,0.0,0.0,0.0,0.1701798145533374,0.08916663505031783,0.08101317950301955,0.0,0.0,-0.06720995563986222,-0.06300032770785133,0.09813199739770372,-0.07204781715563367,-0.03996953120562382,0.0,0.1701798145533374,0.0
2020-01-29,0.08800515194406237,0.047618872957510286,0.0,0.07646353914845917,0.0885753229746299,0.0824750014381611,0.04103723963724085,0.0,-0.08032954603576759,-0.07876264646436394,0.11648594701741766,-0.09560161703261419,-0.05299537154990032,-0.11741779635580148,0.0,0.09466976769423037
2020-01-30,0.09313207180324995,0.04872123900916322,0.0,0.05604060632331505,0.10399997969566892,0.09389393744005928,0.0,0.0,-0.07627383341322927,-0.07329767956545775,0.11154073025087424,-0.08635318688485395,-0.04832240415704115,-0.1978939171357282,0.0,0.0
2020-01-31,0.09575593044139243,0.049857637742231224,0.0,0.06263003537523901,0.07297522112412232,0.08074334124531543,0.0,-0.054525041189424896,-0.07434026793814863,-0.07832634712257472,0.11556448869750076,-0.09267911486136189,-0.055576988498139274,-0.10313020567017112,0.10511339788869149,0.0
2020-02-03,0.08312981407509529,0.046806053055658374,0.0,0.06387346691187909,0.07452812674542166,0.07869946311287915,0.0,-0.04058174418433197,-0.07639708187381546,-0.07357112639724783,0.10233931092672871,-0.09147002311590405,-0.043841125771569435,0.0,0.19380933404263276,0.0
2020-02-04,0.0,0.0,0.0,0.0,0.061822624655768287,0.05823622240562789,0.03166947478089154,0.0,-0.06143753502229704,-0.06018997478263258,0.0,-0.1517283218422877,-0.030100812037358104,0.0,0.1517283218422877,0.0
2020-02-05,0.0,0.0,0.1710533286721991,0.0,0.059667814831819835,0.05312885154222695,0.03762033436412173,0.020636327934030623,-0.06649661294502313,-0.06527191441498595,0.0,-0.1710533286721991,-0.03928480131219006,0.0,0.04490072845003453,0.12615260022216457
2020-02-06,0.0,0.0,0.17088008804382882,0.0,0.05939409226381281,0.05231346561422011,0.038262768841274296,0.020909761324521638,-0.06717487410423287,-0.06296228695072552,0.0,-0.17088008804382882,-0.0407429269888704,0.0,0.039015447313959596,0.1318646407298692
2020-02-07,0.0,0.0,0.158039373877921,0.0,0.06142989437295993,0.05699379866865178,0.03961568083630927,0.0,-0.06171677284067209,-0.05894243366127816,0.0,-0.158039373877921,-0.03738016737597074,0.0,0.0,0.158039373877921
2020-02-10,0.09403353051444521,0.05137046957923382,0.05031905231815491,0.0,0.07918833946371992,0.07220729421235432,0.04432741873575972,0.0,-0.07594377101417472,-0.07340570933836287,0.09418008391928911,-0.10154296849254485,-0.04637357205929634,-0.07862756042836236,0.0,0.1170954919834716
2020-02-11,0.0,0.0,0.17360071611580377,0.0,0.06018806950365366,0.05347729277041707,0.03731295721884851,0.02262239662288453,-0.06597486112350774,-0.06592640375386614,0.0,-0.17360071611580377,-0.0416994512384299,-0.07869493113398025,0.0,0.09490578498182355
2020-02-12,0.0,0.0,0.17198351297186057,0.0,0.05731938687324533,0.050727264729928515,0.03837549876595001,0.025561362602736695,-0.06466471671287403,-0.06616805798321307,0.0,-0.17198351297186057,-0.04115073827577347,-0.076150602076174,0.0,0.09583291089568659
2020-02-13,0.0,0.0,0.1759278585201238,0.0,0.07008267646817821,0.061175634616409194,0.04466954743553639,0.0,-0.06385764772921664,-0.06755337969596023,0.10357167185287722,-0.07235618666724658,-0.044516831094946925,-0.09080788925965587,0.0,0.08511996926046791
2020-02-14,0.0,0.0,0.17628660353112466,0.0,0.07007031602925817,0.06137115606760822,0.044845131434258265,0.0,-0.05993232884697662,-0.06737717971231034,0.10132418977587071,-0.07496241375525393,-0.0489770949718377,-0.09810941991125857,0.0,0.07817718361986606
2020-02-17,0.0,0.0,0.17636453061368954,0.0,0.07033591120476258,0.06160377786654343,0.044424841542383506,0.0,-0.059958821793376485,-0.06740696363769809,0.10136897989800323,-0.07499555071568631,-0.048998745182614975,-0.09780319391048486,0.0,0.07856133670320466
2020-02-18,0.0,0.0,0.17410163264461856,0.0,0.06757702604890571,0.06290557720264175,0.04361902939307109,0.0,-0.06411151830266011,-0.07604776803426516,0.10830172098965474,-0.06579991165496385,-0.03394234630769329,-0.09707270837328635,0.0,0.07702892427133223
2020-02-19,0.0,0.0,0.17477598671065395,0.0,0.06576269028159148,0.062440933819441366,0.04657236260962109,0.0,-0.06084583983274255,-0.07580336212931267,0.10809260081436661,-0.06668338589628735,-0.03812678474859874,-0.10067052485279541,0.0,0.07410546185785852
2020-02-20,0.0,0.0,0.17482857834466736,0.0,0.0690516642939132,0.06369743897296672,0.04207947507778746,0.0,-0.061622936865308856,-0.07478516687483548,0.10997094797760436,-0.064857630367063,-0.038420474604523025,-0.08784838845685483,0.0,0.08698018988781255
2020-02-21,0.0900307979058838,0.05143562066792301,0.05044873585976317,0.0,0.07462628718808444,0.06825915570184574,0.04902971154363979,0.0,-0.07081728394948653,-0.07738577941585237,0.1329595631345481,-0.05895559129902187,-0.0437120910682311,-0.09516952066070691,0.0,0.09674563377286308
2020-02-24,0.11689183967020961,0.06417065798998338,0.0,0.0,0.0,0.07371994528092317,0.0,-0.10734255237926983,-0.06693194714707955,-0.0725712737244093,0.12652102706755142,-0.054541470592641576,-0.0415592767887042,-0.08220992453098758,0.0,0.09885257312920541
2020-02-25,0.09241003898773169,0.04961920218499297,0.0,0.04614016456040404,0.0,0.0,0.0,-0.1881694057331287,-0.07150998313578512,-0.07722695358529331,0.12551474495789863,-0.06265466077523006,-0.03943246901205029,-0.07786195235908568,0.0,0.11030745337404303
2020-02-26,0.08681677038017085,0.04603868596958079,0.0,0.0418706685802731,0.0,0.0,0.0,-0.17472612493002473,-0.06635894308282965,-0.0694539536844869,0.11185828625149044,-0.06286783867853431,-0.03891322816270819,0.0,0.0,0.17472612493002473
2020-02-27,0.07907671985002042,0.04215729997715747,-0.012585243247700766,0.04009370003034462,-0.054358311504616126,0.0,-0.05216262303157342,-0.06739202856903373,-0.06342272660117637,-0.07101729503404593,0.11026329156184013,-0.06364967154338315,-0.039472941470001015,0.0,0.0,0.1739129631052233
2020-02-28,0.07844084093359228,0.03878216088610137,-0.013705085044258462,0.03282734494281325,-0.0517656410150048,0.0,-0.050845762229224906,-0.06114402856253564,-0.060493602760661874,-0.06567964428938881,0.0,-0.16375543180676536,-0.037582184756714675,0.0,0.0,0.16375543180676536
2020-03-02,0.0820946689042375,0.04236410202519883,-0.014981684252394897,0.030047212683016758,-0.027219745464455974,0.0,-0.06598870973870678,-0.0762792126616852,-0.0641800507032603,-0.06558167160672428,0.0,-0.16948766786484795,-0.03972594555486335,0.09857103036332256,0.0,-0.07091663750152541
2020-03-03,0.0743770801412626,0.03848005969899945,-0.013706935164672212,0.03735951881129726,-0.04469700374003115,0.0,-0.05578669447002059,-0.0634398956061798,-0.0655259952277684,-0.06415347800018119,0.10155637976434656,-0.062367214051884994,-0.03424412058828197,0.16392359381623153,0.0,0.0
2020-03-04,0.07848250796125497,0.040473488286463334,-0.014454812276917407,0.038526205443873564,0.0,0.0,-0.0809181781338126,-0.09101883583469669,-0.06691793892100657,-0.06883437836652229,0.17193701396850927,0.0,-0.036184696680980385,0.11953101963325681,0.0,-0.05240599433525246
2020-03-05,0.07454318477772122,0.03921035206013512,-0.014820183194198287,0.040461512263269564,-0.0403480273544767,0.0,-0.06102435322873925,-0.06766285171210826,-0.06457753502627894,-0.06550286599046094,0.10559746176108468,-0.06343777053423953,-0.03895483127858431,0.12286275264403794,0.0,-0.04617247965128625
2020-03-06,0.07077003544061926,0.03242917841099965,-0.013560196507800637,0.04028992711905115,-0.04101765628014368,0.0,-0.055525959947849556,-0.06050572125047745,-0.05898264886900606,-0.05875124746509988,0.09200974743422262,-0.06503959004424807,-0.03931544114436474,0.10297860922034673,0.0,-0.05407072825812393
2020-03-09,0.05714109670518776,0.024297519920637767,-0.009471228110288771,0.03401557614253622,-0.030968958456765477,-0.023702182174083913,-0.03365559790333934,-0.03659868234446176,-0.042586913858272714,-0.04188196097606314,0.06675251899685407,-0.05817290188179645,-0.04045654604431465,0.0615026514532874,0.025933746774941948,-0.03748902265042116
2020-03-10,0.05427651514813075,0.0228900551637809,-0.01087101837567434,0.038854863087262784,-0.03131983995890086,-0.012738740022326115,-0.03958205302474747,-0.043251818768874344,-0.06490183691306516,-0.061990614861783595,0.06659410873203057,-0.06029834304281818,0.0,0.06316236520916493,0.02486562120188057,-0.03886446536380327
2020-03-11,0.0501527244007592,0.021896414437625192,-0.00983614141956005,0.031184635455558902,-0.026284898702030365,-0.02004721075101524,-0.031785920927668784,-0.03495188533278895,-0.04298058659988507,-0.04113428462734879,0.05293653531938213,-0.060133380394121236,-0.028955044486269475,0.07355169592041672,0.0,-0.039518219793086645
2020-03-12,0.04516495016318901,0.01921992636974393,-0.007046831098779308,0.02803279366868546,-0.024374751705197966,-0.022253002313467527,-0.02476207092147314,-0.028074676360259076,-0.036349512883699836,-0.03526656814504443,0.0,-0.09946450130039772,-0.02784842027165345,0.0632648134140674,0.0,-0.03619968788633034
2020-03-13,0.04882372335201019,0.022163148673244797,-0.008316838125369604,0.021880068601309487,-0.023008894940848353,-0.018535682005528308,-0.028165263953588336,-0.031473937851969086,-0.03703895030225204,-0.03611407804147734,0.0,-0.10118377875193409,-0.028030750408204706,0.047281573876144456,-0.02325494181130477,-0.03064726306448487
2020-03-16,0.058024107045099645,0.026257719697423482,-0.00910355202234757,0.0,-0.02002699443081377,-0.01865153344788527,-0.025703829303066906,-0.029003021583104745,-0.0322904990464699,-0.03203169017167821,-0.03522818473266355,-0.05815719403220715,-0.02906318954672258,0.04559092747353717,-0.0276206451008541,-0.020173806190479423
2020-03-17,0.055111810283623795,0.022754518334550024,-0.01093342240676267,0.0,-0.01876315862098203,-0.016783820149232288,-0.02502401151566907,-0.028228760739053105,-0.02937867234177704,-0.02903580137667232,0.0,-0.0887997510249365,-0.030385277306487136,0.04286160676883121,-0.026248689318783224,-0.019689454937322055
2020-03-18,0.03536752876104747,0.012013825271771809,-0.009643770933400717,-0.02712330321514996,-0.017945445328585545,-0.01658369281529322,-0.023152570130525428,-0.026466719906965766,-0.027168362153009374,-0.023580573189920895,-0.03520679183659149,-0.04894163634477845,-0.03339949283843969,0.0,-0.05648359358724354,-0.027664834594126414
2020-03-19,0.0407250340263985,0.015673795716512427,-0.009559329135998823,-0.010056576318492902,-0.016383709847997047,-0.014914458751228139,-0.02069983547969795,-0.02401673111847951,-0.024577718632930307,-0.019677900388395366,-0.032459099539403825,-0.043555635657998824,-0.03175911617607699,0.0,-0.07601473519740265,0.0
2020-03-20,0.04910832916488709,0.020502888440418823,-0.01033417872397766,0.0,-0.0172991634406362,-0.01626408858264027,-0.021105081348929383,-0.02527706295707771,-0.025571846525591593,-0.02029289075834904,-0.03368523765184802,-0.04626015867743556,-0.03408065904534294,-0.03292939809348324,-0.02649771815957438,0.020518280076225952
2020-03-23,0.04097085823241522,0.017184577516627404,-0.008245610656635906,0.013776185538812914,-0.01735346755961827,-0.016229325398381955,-0.021377594195775694,-0.02521684479071554,-0.025798780573594842,-0.020247854056954603,0.0,-0.08017723194449146,-0.03413059731394202,-0.033398788497320094,-0.028691308039168063,0.018087135408003295
2020-03-24,0.04220801268730166,0.01859636929944867,-0.008275176092417668,0.009596156761375735,-0.01762245788196379,-0.01595020628103257,-0.020955736893495325,-0.024147313784052046,-0.025862141762549664,-0.020164981114548643,0.025033343966823888,-0.05364237087371984,-0.03264859196344542,-0.028704311854341375,-0.029279426443578668,0.02069197654262369
2020-03-25,0.04656164635836643,0.01994857082036123,-0.009138676341846069,0.0,-0.017237868330606036,-0.015939838607227023,-0.019975064622202,-0.022496121960538674,-0.024856429237904428,-0.01932833844222656,0.01983458834648252,-0.0558143051740912,-0.03146412584044274,-0.023226636253727402,-0.028376433085477284,0.02404582418136904
2020-03-26,0.04025096611991229,0.016857560778747588,-0.00728218309232343,0.0095799020716616,-0.01643012695306938,-0.0141971173665556,-0.020407147020922244,-0.022936220722097694,-0.024254701999556802,-0.018828727841982074,0.023911458513939797,-0.050059153548705125,-0.03088718222110604,0.0,-0.03959904665536894,0.034371565407275984
2020-03-27,0.04117298176119748,0.016925528693626537,-0.007362315158472958,0.01147883173819809,-0.017010740128614248,-0.015592365557872733,-0.02095000193014097,-0.023386549734867115,-0.0253846738783972,-0.01970480923436167,0.01921599127799192,-0.057723666073503155,-0.03185017423873619,0.02443449700165262,-0.03058464739110754,0.0219205129587349
2020-03-30,0.039159443009377785,0.016360260888542106,-0.006983637931853528,0.013863222777222888,-0.01680025932374635,-0.014135195777567128,-0.021439212125086624,-0.023991897380596205,-0.026930836297815626,-0.0211720402447592,0.022582268246722628,-0.05378429636027367,-0.02826368806442148,0.04097361048811805,-0.01920614354704313,-0.016186810571835138
2020-03-31,0.03638519324968181,0.014352291468094833,-0.006549755867332582,0.010157154666104475,-0.015210137890731591,-0.013363957150215284,-0.018507345358319962,-0.02036295485194685,-0.022799591678446276,-0.017775764487324038,0.0,-0.06744439525121369,-0.026869039085443386,0.0,-0.06744439525121369,0.0
2020-04-01,0.03625941503033247,0.015208133786756103,-0.006617129439617029,0.008610331235894456,-0.014901981456963014,-0.013817802040455743,-0.018103774407199957,-0.01987145158798133,-0.02121037510627711,-0.017333015841444074,0.0,-0.06669500949260006,-0.02815161854487886,0.0,-0.06669500949260006,0.0
2020-04-02,0.03607479616132219,0.015707343783762238,-0.006815613369649281,0.010635821672049338,-0.01533892027160237,-0.013957619978015902,-0.0190446886748063,-0.02089234606235848,-0.020047559552423183,-0.016648067723020948,0.018150168713610765,-0.05108340627317229,-0.03253794771133892,-0.03583631202292998,-0.03339726296385308,0.0
2020-04-03,0.03433716827073359,0.015239755822271592,-0.006621050787264902,0.01050551357227213,-0.014771416149735258,-0.013706308629592023,-0.01818383911524936,-0.020041924557965565,-0.019329916541106735,-0.016734294365893063,0.0,-0.06670348845254222,-0.030639277545542413,-0.04362533878581325,-0.023078149666728956,0.0
2020-04-06,0.037075144811266704,0.016128439279794748,-0.00796043026334553,0.00902124874391983,-0.01540325171635702,-0.012383871434383716,-0.0198150390051332,-0.022583100942452885,-0.02307936552648947,-0.020175924338932616,0.02439265425078218,-0.045792608847544644,-0.02692997323290473,-0.032686299586711924,-0.019572023110078045,0.017926940401536858
2020-04-07,0.04119093957433804,0.01750252467209796,-0.009287259941431997,0.0,-0.015237033908658762,-0.011936332398327826,-0.01905769546562628,-0.021749662415255114,-0.03548680207712246,-0.03249392211074553,0.022878386370497283,-0.04510233781737071,0.0,-0.03138156186796143,-0.01904751279879771,0.017551649521108853
2020-04-08,0.035392777051178805,0.014336735728900171,-0.007517018310066177,0.011888563813734083,-0.01774565460785418,0.0,-0.023793987515189272,-0.02759545278083579,-0.03637507112926757,-0.03276002377461167,0.024168674301500458,-0.044966420602378786,0.0,-0.038897642974439914,-0.03023745192943933,0.0
2020-04-09,0.03469197410457544,0.013285350404246233,-0.006510313078858972,0.0163632950047904,-0.017519163084196838,0.0,-0.025263861400499275,-0.028067908107774944,-0.022427265689485047,-0.020229146815202624,0.03196653498493158,-0.038884397607539485,-0.02819452008778339,-0.03169441168467918,-0.020153311153006934,0.019003209754784933
2020-04-10,0.033077657077547305,0.012667144956987434,-0.006207369544345613,0.015601863969909233,-0.016703946193372177,0.0,-0.02408826149072285,-0.026761827864694564,-0.021383660711483964,-0.01928782661106565,0.030479040454764166,-0.03707499509402544,-0.02688254822623998,-0.03979228454593634,-0.027761751002853254,0.0
2020-04-13,0.03327940945788276,0.012602125393759588,-0.006163394971468475,0.015491336426919798,-0.01571665021232011,0.0,-0.02454753722733119,-0.027272078810379324,-0.02077321389072231,-0.01945933217806796,0.033070615381360975,-0.03446565086866966,-0.027303720181240356,-0.041346146318714694,-0.026190119931315935,0.0
2020-04-14,0.037086801711851025,0.013435218784829362,-0.005834433006031902,0.014143389292312401,-0.017571998659863156,0.0,-0.024427381490637688,-0.028500462644523824,-0.021041233180201863,-0.018985899738792365,0.03610351991317764,-0.03439632288184704,-0.030472709876030443,-0.03541859742316544,-0.01699202262963221,-0.01808922274222702
2020-04-15,0.03187434082181934,0.012309312461920604,-0.005434577332919761,0.013761935854074167,-0.014370179826301371,0.0,-0.022690021920389575,-0.026319964724042928,-0.018187901474388046,-0.01641961049983271,0.031014408468581358,-0.032365758002152516,-0.028772654496513114,0.0,0.0,-0.06338016647073387
2020-04-16,0.033788926326264,0.013810608996891677,-0.0051711029724735265,0.014307367320850755,-0.016172007041170663,0.0,-0.02377146399268779,-0.027134534582621498,-0.020870694678782626,-0.019121609966979522,0.033319359276659806,-0.03375864633982015,-0.027085700970717805,-0.04051737491832207,0.0,-0.026560630698157884
2020-04-17,0.03361084513129056,0.013657805783614998,-0.005015682147799639,0.014448839540147303,0.0,0.011268560305131074,-0.025986650966860758,-0.029477961330860676,-0.023168304719117253,-0.021794674190222782,0.03522858743921432,-0.03150458516363818,-0.021770193693512473,-0.04458058338659553,0.0,-0.022152589216256974
2020-04-20,0.018052547942449513,0.007353733022996904,-0.0026432393131567166,0.007791298294048298,-0.00871901474366623,0.0,-0.012720825891744905,-0.014400977937240296,-0.030202037972242992,-0.005638780600408436,0.018560763840951733,-0.017280054731699697,0.0,-0.01799089571693578,0.0,-0.017849922855715652
2020-04-21,0.0177019172510435,0.007258830792434006,-0.0027453100457067513,0.008426200670641364,-0.00889323619610383,0.0,-0.012874259708981452,-0.01436476285474034,-0.03120545459144639,-0.004926804168379235,0.016650153014432408,-0.019482105745393215,0.0,-0.01408492914794018,-0.008713698782528222,-0.01333363082935722
2020-04-22,0.017444334546258215,0.007193343694321852,-0.002881027483351426,0.008357565783516053,-0.008440000415920263,0.0,-0.013276753807732685,-0.014159517283794599,-0.03109045181916638,-0.004785819688281168,0.019212994923565832,-0.01666327658388172,0.0,-0.01372749821225045,-0.009960151846377751,-0.012188621448819343
2020-04-23,0.017937016027954975,0.007402750366884422,-0.0027746239446038686,0.007672220924619491,-0.009016307963484443,0.0,-0.013067967944542257,-0.013702335356036061,-0.031101378677501793,-0.004685232586560963,0.018436960953662367,-0.01734965031040039,0.0,-0.01716190305738713,-0.009450005725436219,-0.00917470248123941
2020-04-24,0.017778551282220823,0.007515185199386952,-0.0029224130136338523,0.007560835289151178,0.0,0.0,-0.017517440280932148,-0.01825954450346066,-0.01915533916865187,-0.0028665687776416424,0.018548447291809055,-0.017228537492583747,-0.013755076838099296,-0.01887933166270638,-0.008120533197889164,-0.00877711992379726
2020-04-27,0.016831423550302694,0.007163023244053826,-0.0029455853852885508,0.008068198826944163,0.0,0.0,-0.016847540785599788,-0.018160690220989442,-0.03029055190882186,-0.004717679097767372,0.018764546693844274,-0.016243684312744956,0.0,-0.018251107275111113,-0.009237118647400011,-0.0075200050840781105
2020-04-28,0.015863378306261326,0.0068501166133484144,-0.0024955281297727567,0.007463074836318566,0.0,0.0,-0.01578408638623974,-0.01688801149946133,-0.02817762100513454,-0.004494476880566522,0.018179008709348243,-0.014493089176352827,0.0,-0.02189991688192253,-0.010772181003778539,0.0
2020-04-29,0.017276047778885865,0.0073574918777801505,-0.0024912174733190567,0.008351112353731092,0.0,0.009534435296023953,-0.013349569211904042,-0.012591864975788172,-0.030421991586779277,-0.005053877896936892,0.019821031317265002,-0.015654838166451166,0.0,-0.016997732770502868,-0.008644468229318813,-0.009833668483894484
2020-04-30,0.01615425874622642,0.006764404057825701,-0.002368408319981486,0.007931030561339923,0.0,0.006142187613373896,-0.013161822791880164,-0.013914091280119466,-0.02844166228787164,-0.004776439397501889,0.017140352740751576,-0.01607774894462195,0.0,-0.019703078343178797,0.0,-0.01351502334219473
2020-05-01,0.013404428243427927,0.0055104020640404745,-0.0020638700591481766,0.006586891091619459,0.0,0.0,-0.012858579308113913,-0.014707012150122125,-0.023715998241762678,-0.0038495932164733567,0.014134848266833398,-0.013430743191402635,0.0,0.0,0.0,0.0
2020-05-04,0.014218565176477486,0.005694298879493302,-0.0023666760716010366,0.007634602080152811,0.0,0.0,-0.014932805843746896,-0.014981336363977742,-0.025759244550670423,-0.004154897657054209,0.015150329667212787,-0.014763812540511847,0.0,0.0,0.0,-0.029914142207724634
2020-05-05,0.014486168317587386,0.005742544394546174,-0.0022491065634662314,0.008141776851238057,0.0,0.0,-0.01487246331686081,-0.01574713280997704,-0.014524043188591011,-0.00233758799308724,0.015943781384007167,-0.014675814742830688,0.013757964945159601,0.0,0.0,-0.03061959612683785
2020-05-06,0.014870822295666428,0.005609307004768018,-0.0023363094963686033,0.008338652939975454,-0.006079562216249934,0.0,-0.014955410333144051,-0.010120119187384518,-0.026984028183398647,-0.004171063553379853,0.031155091736778506,0.0,0.0,-0.013656788099863993,0.0,-0.017498303636914514
2020-05-07,0.01650929577666556,0.006463746426429062,-0.0021534508084862835,0.008151400058452078,0.0,0.006834650274200213,-0.015694487042278653,-0.010748755753554117,-0.02888934580655759,-0.004388547263475392,0.03327789307003298,0.0,0.0,-0.012653150708936358,-0.007967965820826027,-0.012656776540270595
2020-05-08,0.016207265125001872,0.006145096970137325,-0.0023346357224307735,0.008575334163581182,0.0,0.008994283192784091,-0.012379263974479984,-0.011888784813887077,-0.029191931245528827,-0.004070400735622327,0.03326233198115115,0.0,0.0,-0.009914482263475442,-0.008928828641623802,-0.014419021076051912
2020-05-11,0.016016672093115015,0.003856163389528305,-0.0025358833878105095,0.008716895510176455,0.0,0.008441182412700097,-0.011798217803242316,-0.010886214164687873,-0.028464518764472778,-0.0026610956161575035,0.031125614380630284,0.0,0.0,-0.015065388612851265,0.0,-0.016060225767779022
2020-05-12,0.03250051680480963,0.012674586481177658,-0.004875540909313283,0.015795109659470383,-0.012151719033212565,0.012260670702431234,-0.022323900498157665,-0.01910946362096949,-0.02431066104131607,0.0,0.06584575385477096,0.0,-0.04153509281345488,-0.03859250532899414,-0.027253248525776826,0.0
2020-05-13,0.03569121003713628,0.014261366146598394,-0.005446963762403369,0.016437272240716755,-0.01583855646189042,0.0,-0.033358883818789056,-0.02263937190617531,-0.027964133064111288,0.0,0.07183681218685478,0.0,-0.043872679122743494,-0.024291951609269325,-0.027434613274863115,-0.02011024730272234
2020-05-14,0.03597937335933727,0.014581375207727067,-0.0056473910997286185,0.015438740044165745,-0.013148252026830889,0.0,-0.03361682927003091,-0.024881798414096906,-0.022994719061301114,0.0,0.0716468797109587,0.0,-0.048652160649657585,-0.02757801503370301,-0.02516107028439569,-0.018907794392859993
2020-05-15,0.034291383992632145,0.01344290646290651,-0.005328594349430011,0.014677446019255407,-0.013182428255526594,0.0,-0.03249244852331064,-0.02206545404538685,-0.01805322380660281,0.0,0.06774033082422407,0.0,-0.04968710701762127,-0.035927750182200055,-0.03181258064202401,0.0
2020-05-18,0.053175430095193696,0.0,-0.008459779354158474,0.02267913117061086,0.0,0.023446372325572198,-0.033403832757716335,-0.027464135536674494,0.0,0.0,0.08431434061996303,0.0,0.0,0.0,-0.050196020453314186,-0.03411832016664884
2020-05-19,0.017658322770049546,0.0037663527610491067,-0.002728537934707934,0.007506268402128266,0.0,0.0078958081419538,-0.012645900173811403,-0.011117773552169651,0.0,-0.005298359851769129,0.03165948186793485,0.0,0.0,0.0,-0.017505904113989088,-0.01415357775394576
2020-05-20,0.041675161967591336,0.015034984315920367,-0.0062574892194702655,0.0194991834112721,0.0,0.027465591157425744,-0.02979053421697074,-0.025210693539857585,0.0,0.0,0.08246681891425407,0.0,0.0,0.0,-0.08246681891425407,0.0
2020-05-21,0.042643399497172295,0.015411018135083537,-0.0065151832639148925,0.020545095742529215,0.0,0.02596125622492248,-0.03196122047435698,-0.02719221993942047,0.0,0.0,0.08511469663869993,0.0,-0.08511469663869993,0.0336503676040485,-0.029219032545107954,-0.02224529648954348
2020-05-22,0.04021956638800761,0.014572028121070758,-0.006626266596537675,0.019588795663554766,0.0,0.028161618462150883,-0.027506518967390023,-0.025338519339629925,0.0,0.0,0.08100665676917082,0.0,-0.08100665676917082,0.03950523621534131,-0.041501420553829514,0.0
2020-05-25,0.03756041609175549,0.013608586284793443,-0.006127211853470083,0.01829366604208039,0.0,0.027331811986238776,-0.023666170361697568,-0.024591897924163057,0.0,0.0,0.07558988027209941,0.0,-0.07558988027209941,0.0,-0.07558988027209941,0.0
2020-05-26,0.05219758142175589,0.0,-0.005158521134073302,0.021699455029415088,0.0,0.03061749197439079,-0.024309888311532784,-0.024128177299320694,0.0,0.0,0.07905555758524428,0.0,0.0,0.0,-0.07905555758524428,0.0
2020-05-27,0.046799274191126554,0.0,-0.003891583931805618,0.01984098885104846,0.0,0.07053184697398063,0.0,0.0,0.0,0.0,0.07053184697398063,0.0,-0.07053184697398063,0.0,0.0,0.0
2020-05-28,0.06631081588772131,0.0,-0.0064383226820764845,0.027317315389315415,0.0,0.10006645395911319,0.0,0.0,0.0,0.0,0.10006645395911319,0.0,0.0,0.059263325142519675,-0.04080312881659352,0.0
2020-05-29,0.04811925615781393,0.015084771335553696,-0.005498335192445941,0.0224096345858519,0.0,0.055993475431586906,0.0,-0.03511852184007856,0.0,0.0,0.09111199727166545,0.0,0.0,0.09111199727166545,0.0,0.0
2020-06-01,0.06092638551396244,0.0,-0.007337426726792128,0.025173506721155776,0.0,0.09343731896191035,0.0,0.0,0.0,0.0,0.09343731896191035,0.0,0.0,0.09343731896191035,0.0,0.0
2020-06-02,0.05537387032871658,0.0,-0.005018862441608896,0.022318371099870688,0.027910730402708674,0.05480037346748749,0.0,0.0,0.0,0.0,0.08271110387019616,0.0,0.0,0.08271110387019616,0.0,0.0
2020-06-03,0.0,0.0,0.0,0.0,0.03132283784574641,0.05861820076330011,0.0,0.0,0.0,0.0,0.08994103860904652,0.0,0.0,0.048239304275029773,0.0,0.04170173433401674
2020-06-04,0.0,0.0,0.0,0.0,0.03285808821275622,0.058016234018752215,0.0,0.0,0.0,0.0,0.09087432223150843,0.0,0.0,0.04551679523836937,0.0,0.04535752699313906
2020-06-05,0.0,0.0,0.0,0.0,0.03753566951448738,0.05481797002163099,0.0,0.0,0.0,0.0,0.0,0.09235363953611837,0.0,0.0482325224027004,0.0,0.044121117133417966
2020-06-08,0.0,0.0,0.0,0.0,0.04246941351645951,0.05520865812715041,0.0,0.0,0.0,0.0,0.03506613752917901,0.06261193411443092,0.0,0.049632101751225274,0.0,0.048045969892384646
2020-06-09,0.0,0.0,0.0,0.0,0.03703741593215845,0.05524082860030238,0.0,0.0,0.0,0.0,0.04323925967402107,0.04903898485843975,-0.09227824453246082,0.04518918988408108,0.012332552008446808,0.034756502639932935
2020-06-10,0.12247044906762239,0.0,0.0,0.0,0.04790103338025853,0.07456941568736387,0.0,0.0,0.0,0.0,0.05436793516437666,0.06810251390324572,0.0,0.09474071383058072,0.02772973523704167,0.0
2020-06-11,0.09682428165999513,0.029037951899620208,0.0,0.027246549310541043,0.0,0.15310878287015636,0.0,0.0,0.0,0.0,0.08369642515252011,0.06941235771763626,0.0,0.10866811626557765,0.044440666604578724,0.0
2020-06-12,0.1011519586810422,0.0,0.0,0.02823160751929413,0.0449279227375051,0.08445564346283124,0.0,0.0,0.0,0.0,0.06817312050889643,0.06121044569143991,0.0,0.12938356620033634,0.0,0.0
2020-06-15,0.0789244819885969,0.0,0.0,0.02569572060999296,0.039419458349926904,0.06520074424866296,0.0,0.0,0.0,0.0,0.05516710779518266,0.049453094803407205,-0.1046202025985899,0.10462020259858987,0.0,0.0
2020-06-16,0.0,0.0,0.0,0.10398608826742704,0.0400907060758078,0.06389538219161922,0.0,0.0,0.0,0.0,0.05251548369355656,0.05147060457387049,-0.10398608826742704,0.08365292395055515,0.020333164316871898,0.0
2020-06-17,0.07932220903363307,0.0,0.0,0.04078638964726975,0.04530118115118179,0.07480741752972105,0.0,0.0,0.0,0.0,0.06349189116380402,0.05661670751709881,-0.12010859868090283,0.08242947564393575,0.0,-0.03767912303696709
2020-06-18,0.11937639365819473,0.0,0.0,0.0,0.04614181842583645,0.07323457523235828,0.0,0.0,0.0,0.0,0.06490106619414124,0.05447532746405351,-0.11937639365819473,0.07694483405841539,0.0,-0.04243155959977935
2020-06-19,0.12029742906772492,0.0,0.0,0.0,0.045128047927203686,0.07516938114052123,0.0,0.0,0.0,0.0,0.06592866254343831,0.054368766524286606,-0.12029742906772492,0.07782865069628632,0.0,-0.04246877837143861
2020-06-22,0.0,0.0,0.0,0.0,0.055862211376973676,0.0900709883635737,0.0,0.0,0.0,0.0,0.07546950231484204,0.07046369742570534,0.0,0.0866812274091721,0.0,-0.059251972331375274
2020-06-23,0.0,0.0,0.0,0.0,0.0416836695776739,0.07012103053689567,0.0,0.0,0.0,0.0,0.053721498977071465,0.05808320113749812,-0.11180470011456957,0.0692766310219811,0.0,-0.042528069092588466
2020-06-24,0.0,0.0,0.0,0.0,0.036577811969366804,0.07577734930265514,0.0,0.0,0.0,0.0,0.056584029605237784,0.05577113166678416,-0.11235516127202193,0.06829349530695512,0.0,-0.044061665965066804
2020-06-25,0.0,0.0,0.0,0.12097834248234535,0.03841259488302098,0.08256574759932436,0.0,0.0,0.0,0.0,0.05577557183737876,0.06520277064496659,-0.12097834248234535,0.09261686787166122,-0.028361474610684126,0.0
2020-06-26,0.12023251264382534,0.0,0.0,0.0,0.0,0.12023251264382534,0.0,0.0,0.0,0.0,0.05790369974379624,0.062328812900029104,-0.12023251264382534,0.12023251264382534,0.0,0.0
2020-06-29,0.12268986926879817,0.0,0.0,0.0909570244250768,0.0,0.21364689369387496,0.0,0.0,0.0,0.0,0.09846708563881706,0.11517980805505791,0.0,0.1597902558050184,-0.05385663788885658,0.0
2020-06-30,0.17385955188432453,0.0,0.0,0.0,0.05734731326271226,0.11651223862161228,0.0,0.0,0.0,0.0,0.08666270294269819,0.08719684894162635,0.0,0.12978734496116373,-0.04407220692316082,0.0
2020-07-01,0.18593319369851766,0.0,0.0,0.0,0.062204231020768996,0.12372896267774865,0.0,0.0,0.0,0.0,0.08607221843713324,0.09986097526138439,0.0,0.14018086045764505,-0.04575233324087259,0.0
2020-07-02,0.17573784891300945,0.0,0.0,0.0,0.057310603754461224,0.11842724515854822,0.0,0.0,0.0,0.0,0.08117454491372508,0.09456330399928439,0.0,0.1757378489130095,0.0,0.0
2020-07-03,0.17587903049594777,0.0,0.0,0.0,0.05735664507001875,0.118522385425929,0.0,0.0,0.0,0.0,0.08123975767703193,0.09463927281891586,0.0,0.17587903049594777,0.0,0.0
2020-07-06,0.17678567140063026,0.0,0.0,0.0,0.06277793852078646,0.11400773287984378,0.0,0.0,0.0,0.0,0.07583434933375342,0.10095132206687686,0.0,0.17678567140063026,0.0,0.0
2020-07-07,0.14515349044372466,0.060567771593564725,0.0,0.0,0.0637764356409548,0.1419448263963346,0.0,0.0,0.0,0.0,0.09601843800924202,0.10970282402804739,0.0,0.13525028351502605,0.0,-0.07047097852226337
2020-07-08,0.1340956320733116,0.056467181236192925,0.0,0.0,0.06076886071446379,0.12979395259504078,0.0,0.0,0.0,0.0,0.08909830924921147,0.10146450406029307,0.0,0.19056281330950456,0.0,0.0
2020-07-09,0.09955580611938611,0.04650997878071855,0.0,0.07205716134638426,0.0,0.14526252050295355,0.0,-0.07286042574353538,0.0,0.0,0.09493134437732705,0.1231916018691619,0.0,0.1523923080520441,0.0,-0.06573063819444483
2020-07-10,0.08659177174854175,0.04442101293917533,0.0,0.060250745854925146,0.0443685051569656,0.10255398624979323,0.0,-0.04434103913588344,0.0,0.0,0.07486990053213761,0.11639363001050464,0.0,0.19126353054264225,0.0,0.0
2020-07-13,0.09027742164711623,0.04409513390852446,0.0,0.0,0.044383192456323224,0.08998936309931746,0.0,0.0,0.0,0.0,0.05242234846604914,0.08195020708959155,-0.13437255555564068,0.13437255555564068,0.0,0.0
2020-07-14,0.102741450150163,0.05286338908297578,0.0,0.05631855587872862,0.0732639236947965,0.13865947141707086,0.0,0.0,0.0,0.0,0.08593284497411514,0.12599055013775226,0.0,0.2119233951118674,0.0,0.0
2020-07-15,0.12799698578997407,0.061115622567706474,0.0,0.0,0.05748710555284614,0.09554590353923621,0.03607959926559818,0.0,0.0,0.0,0.08430329202928454,0.10480931632839603,0.0,0.13310008174584073,0.0,-0.05601252661183979
2020-07-16,0.13001478270657435,0.06442212137535562,0.0,0.0,0.05738545224531426,0.09861508190575792,0.03843636993085782,0.0,0.0,0.0,0.0741821584974169,0.1202547455845131,0.0,0.132734800210292,0.0,-0.06170210387163798
2020-07-17,0.1239486174332136,0.06237355803743631,0.0,0.0,0.052906934155959574,0.09477425707743213,0.03864098423725821,0.0,0.0,0.0,0.08132629101223972,0.1049958844584102,0.0,0.18632217547064991,0.0,0.0
2020-07-20,0.09160961645500129,0.04698150014481607,0.0,0.0,0.04101370515904576,0.07185487102106777,0.02572254041970382,0.0,0.0,0.0,0.060915517841545835,0.07767559875827153,-0.13859111659981735,0.13859111659981735,0.0,0.0
2020-07-21,0.12419979181852953,0.06118166505049358,0.0,0.0,0.058318875150856306,0.09118688355986958,0.03587569815829723,0.0,0.0,0.0,0.08667302728734362,0.09870842958167948,0.0,0.18538145686902308,0.0,0.0
2020-07-22,0.1274737101628199,0.06717844846489557,0.0,0.0,0.0624404264350551,0.09537756888995604,0.036834163302704344,0.0,0.0,0.0,0.09351356292061855,0.1011385957070969,0.0,0.14135112309760198,0.05330103553011345,0.0
2020-07-23,0.1254273590128724,0.06900112301386091,0.0,0.0,0.06064168515311695,0.08902032812511182,0.04476646874850459,0.0,0.0,0.0,0.09498149619193556,0.09944698583479777,0.0,0.1413401450964981,0.053088336930235215,0.0
2020-07-24,0.09751717460182462,0.05319623655403253,0.0,0.0,0.045933506803813084,0.06635869611760147,0.0,-0.03842120823444259,0.0,0.0,0.07730323959562388,0.07341017156023324,0.15071341115585712,0.10933140313736849,0.041382008018488646,0.0
2020-07-27,0.08928919113585773,0.046981566336021616,-0.010662829529892724,0.0,0.043445317868830616,0.06633193448064424,0.0,-0.03715633465229717,0.0,0.14693358700177203,0.07774946228061629,0.06918412472115575,0.0,0.07939192782683621,0.032456501323564924,-0.03508515785137092
2020-07-28,0.08877682400062577,0.04798050242956921,-0.01162022643548006,0.0,0.043490825268470715,0.06512881208217619,0.0,-0.039757915515028115,0.0,0.0,0.07826290886381655,0.07011464400185846,0.148377552865675,0.07413471472858264,0.03301614349592456,-0.04122669464116779
2020-07-29,0.08885468108084504,0.04672422049026932,-0.013251883381972392,0.0,0.044353890832526416,0.06477990332345548,0.0,-0.03969699079710486,0.0,0.0,0.078872760348435,0.06995802460465174,0.14883078495308674,0.07045697298633218,0.03377192101802484,-0.04460189094872971
2020-07-30,0.10277943907527436,0.05644446663986395,-0.01576781963049144,0.0,0.04177090468316601,0.06398088787237886,-0.027521402860672745,-0.04171852992941212,0.0,0.0,0.09148136888977385,0.08351035645585589,0.0,0.08112204067652452,0.041262856528019747,-0.05260682814108547
2020-07-31,0.1001454129501731,0.05693651224997408,-0.01738433113473009,0.0,0.04485232266315737,0.0643957366247081,-0.026551990151032948,-0.03866620689597883,0.0,0.0,0.09628001714999292,0.07818623918488433,0.0,0.0761605467771363,0.04200533425203765,-0.05630037530570332
2020-08-03,0.0,0.0,-0.12715613306268006,0.0,0.04163384079310106,0.058544375390844186,0.0,-0.02697791687873481,0.0,0.0,0.06947374509054784,0.05768238797213222,0.12715613306268006,0.06100934028479211,0.0355346777032309,-0.030612115074657064
2020-08-04,0.0837287371494013,0.04908746066815602,-0.012257708970498594,0.0,0.04717565012876874,0.06402167942862931,0.0,-0.03387657723065787,0.0,0.0,0.08103390895893625,0.06403999782911968,0.14507390678805593,0.07065229795709553,0.04203565365092487,-0.032385955180035515
2020-08-05,0.08326431449657778,0.04908665332301075,-0.012967434678181738,0.0,0.04966016293251223,0.06530385773230594,0.0,-0.0303543818329521,0.0,0.0,0.08138609991831604,0.06393230257945422,0.14531840249777025,0.06742115460389211,0.03983208286281363,-0.0380651650310645
2020-08-06,0.0840636079886167,0.04835333974295987,-0.014737619620939153,0.0,0.049113640820040855,0.06408025981683768,0.0,-0.03396066671563718,0.0,0.0,0.08265726119313442,0.0644973061593813,0.14715456735251572,0.06672922573119802,0.03909274681865222,-0.04133259480266548
2020-08-07,0.0,0.0,-0.12868417951699324,0.0,0.044669505200908906,0.054032007520166986,0.0,-0.029982666795917327,0.0,0.0,0.07822748577219985,0.0504566937447934,0.12868417951699324,0.05786440754181484,0.03412903952857037,-0.03669073244660802
2020-08-10,0.0,0.0,-0.1283743795328386,0.0,0.04576239914323723,0.051688341496328644,0.0,-0.030923638893272733,0.0,0.0,0.07693073457738707,0.05144364495545151,0.1283743795328386,0.058286303871244866,0.03515396832014425,-0.03493410734144947
2020-08-11,0.0,0.0,-0.1281788617055481,0.0,0.04796950095124796,0.05038420407350563,0.0,-0.029825156680794496,0.0,0.0,0.06521733695716732,0.06296152474838078,0.1281788617055481,0.05935922986818615,0.03683991666253816,-0.03197971517482377
2020-08-12,0.0,0.0,0.0,-0.13704169900816243,0.05359901942579987,0.05672258981382562,0.026720089768536927,0.0,0.0,0.06689682483650114,0.06826820045115946,0.06877349855700297,0.07014487417166129,0.0667861271101967,0.04190001621669789,-0.02835555568126786
2020-08-13,0.0,0.0,-0.020116163918111496,-0.09984800713756137,0.04739132483215811,0.05089501079459637,0.021677835428918386,0.0,0.0,0.056388109806229096,0.06519577734736855,0.05476839370830431,0.06357606124944375,0.0734077253563941,0.04655644569927875,0.0
2020-08-14,0.0,0.0,-0.0226902303636812,-0.10567373270467467,0.04750689567729828,0.05091776716753865,0.0,-0.029939300223518928,0.0,0.0,0.06375385720038645,0.06461010586796942,0.12836396306835587,0.07856327235407953,0.04980069071427633,0.0
2020-08-17,0.0,0.0,-0.12147725595509215,0.0,0.043914392029994316,0.05020472007120312,0.0,-0.027358143853894727,0.0,0.05521627065854325,0.06438571577696765,0.05709154017812452,0.0662609852965489,0.05563541236010024,0.03588004842526844,-0.02996179516972347
2020-08-18,0.0,0.0,-0.12146781392006384,0.0,0.04319287146753008,0.04913831098452096,0.0,-0.029136631468012812,0.0,0.05329170585117701,0.0632875455167065,0.058180268403357334,0.06817610806888683,0.05373936294613321,0.0342535189348621,-0.03347493203906852
2020-08-19,0.0,0.0,-0.0221651306194788,-0.10772491258801736,0.0458422150336525,0.05284345698561273,0.0,-0.03120437118823092,0.0,0.055673300739131376,0.06161181156873967,0.0682782316387565,0.07421674246836478,0.05437697867805176,0.037043427588930734,-0.03846963694051366
2020-08-20,0.0,0.0,-0.02203082407545718,-0.1083956203989301,0.044910901623784416,0.05381844280708144,0.0,-0.0316971000435214,0.0,0.05685511835434282,0.05813318887895417,0.07229325559543309,0.07357132612004441,0.05894574331408791,0.0378935068393471,-0.03358719432095226
2020-08-21,0.0,0.0,-0.025216095352554917,-0.10560649933263765,0.046524585727980204,0.05364592470473918,0.0,-0.0306520842524732,0.0,0.0577344048996026,0.057389440788115545,0.07343315389707704,0.07308818978558998,0.05602514202504871,0.03858404782725491,-0.03621340483288894
2020-08-24,0.0,0.0,-0.02309211625177399,-0.10857650832810303,0.05205236574322457,0.0558434304938095,0.0,-0.023772828342842955,0.0,0.060430852895811724,0.057473856808104844,0.0741947677717722,0.0712377716840653,0.05829843832636431,0.037208360355711276,-0.036161825897801446
2020-08-25,0.0,0.0,-0.019100221639239866,-0.11376533473751009,0.051363532787712614,0.055331708212632516,0.0,-0.026170315376404817,0.0,0.06370881619950922,0.05085229426049629,0.08201326211625366,0.06915674017724072,0.0610283705297534,0.040719510380619,-0.03111767546637754
2020-08-26,0.0,0.0,-0.01674172156235763,-0.10967028649902166,0.04407697731524393,0.04491066175457837,0.01733496047663002,-0.02008940851492696,0.0,0.062372827673387275,0.053287920897779076,0.07312408716360021,0.064039180387992,0.07357163207899975,0.05284037598237955,0.0
2020-08-27,0.0,-0.04403396669811392,-0.008919520677509028,-0.08802678635432153,0.05725043634448754,0.05686611328253668,0.0,-0.026863724102920244,0.0,0.0683940226951791,0.05699086620195454,0.08398940752798993,0.07258625103476536,0.06377468337857194,0.04616900168325867,-0.031036588668113832
2020-08-28,0.0,-0.05968755626586177,0.0,-0.08099283236868865,0.05662516900447928,0.05758026306321079,0.0,-0.026474956566860348,0.0,0.066428956561535,0.0652538986983958,0.07542648993615461,0.07425143207301539,0.08377275322967408,0.05690763540487635,0.0
2020-08-31,0.0,-0.05383006043731349,-0.012365628268830729,-0.07804631248096104,0.058852562762291054,0.05880303220388246,0.0,-0.02658640622093172,0.0,0.06875385484905396,0.06459855569857435,0.07964344548853089,0.07548814633805127,0.06337933794708571,0.04514559016809856,-0.03571707307192094
2020-09-01,0.0,-0.04703538252888,-0.014011364558150396,-0.07591217698860893,0.052774370431880976,0.054166431897196346,0.0,-0.03001812174656202,0.0,0.0695146071911099,0.06333996152979414,0.07361896254584517,0.0674443168845294,0.08102120911910585,0.05593771495653349,0.0
2020-09-02,0.0,0.0,-0.02718670982846293,-0.10173660262839686,0.052078236842725854,0.05056643312211003,0.0,-0.02627864249202388,0.0,0.06321019843705458,0.04535975310182299,0.0835635593550368,0.0657131140198052,0.07462042199807825,0.05430289045878154,0.0
2020-09-03,0.0,0.0,-0.1339594701472269,0.0,0.048368969694391785,0.04727988698149801,0.0,-0.03831061347133713,0.0,0.0,0.052675201895656276,0.08128426825157063,0.1339594701472269,0.05888417335609331,0.04548660405467228,-0.02958869273646129
2020-09-04,0.0,-0.06451109522162159,-0.015910906695405663,-0.06731893672133468,0.05846179618050621,0.04778480008331467,0.0,-0.04149434237454104,0.0,0.0,0.05135338745522033,0.0963875511831416,0.14774093863836193,0.08587191971642116,0.06186901892194076,0.0
2020-09-07,0.0,-0.06232248904753029,-0.01249903329918913,-0.07270743490600474,0.05397646455142607,0.04411863364290636,0.02344784759857213,-0.025986011459819533,0.0,0.0,0.05127970468096506,0.09624925257175906,0.14752895725272414,0.08400015444361049,0.06352880280911363,0.0
2020-09-08,0.0,-0.05753019828467216,-0.015179374412128546,-0.07227235763592094,0.0815346492556818,0.06344728107703985,0.0,0.0,0.0,0.0,0.05569878279087359,0.08928314754184807,0.14498193033272164,0.08442718940502407,0.060554740927697547,0.0
2020-09-09,0.0,-0.05720611038169868,-0.01410736496490441,-0.07387034240618087,0.06018349787457207,0.04515548721804248,0.039844832660169416,0.0,0.0,0.0,0.06095151562584994,0.08423230212693403,0.14518381775278397,0.09163721216112501,0.05354660559165896,0.0
2020-09-10,0.0,-0.0697398762254484,0.0,-0.09055441094158082,0.06826228042753547,0.04977120229188854,0.04226080444760519,0.0,0.0,0.0,0.0777022399604725,0.08259204720655672,0.1602942871670292,0.07596017377741722,0.04586694818210976,-0.038467165207502214
2020-09-11,0.0,0.0,-0.1273892461174563,0.0,0.058211986552064936,0.025976590287006857,0.04320066927838449,0.0,0.0,0.0,0.06004904573532758,0.06734020038212873,0.1273892461174563,0.07861132478596441,0.0,-0.04877792133149189
2020-09-14,0.0,0.0,0.0,0.0,0.05505770091392668,0.03862193958658672,0.03687626375574509,0.0,0.0,0.0,0.06231637819977123,0.06823952605648725,0.1305559042562585,0.07467748264294845,0.0,-0.05587842161331004
2020-09-15,0.0,0.0,-0.1278071097405931,0.0,0.05211483867438146,0.037761626026370086,0.03793064503984156,0.0,0.0,0.0,0.060875380432395466,0.06693172930819762,0.1278071097405931,0.07373292212989123,0.0,-0.05407418761070185
2020-09-16,0.0,0.0,0.0,0.0,0.05757515365493189,0.038477547144216744,0.044780977939704654,0.0,0.0,0.0,0.06700484011257957,0.07382883862627371,0.1408336787388533,0.06440434855732763,0.02291065393141041,-0.05351867625011526
2020-09-17,0.0,0.0,-0.17884324812120347,0.0,0.08135219244715731,0.030882258415339505,0.06660879725870665,0.0,0.0,0.0,0.08130906512832597,0.09753418299287751,0.0,0.07757726407298123,0.031078169954156777,-0.07018781409406548
2020-09-18,0.0,0.0,-0.19848623556417838,0.0,0.19848623556417838,0.0,0.0,0.0,0.0,0.0,0.09370034140716715,0.10478589415701127,0.0,0.08410606439497847,0.032377777313745186,-0.0820023938554547
2020-09-21,0.0,0.0,-0.18757389534445054,0.0,0.0,0.0,0.0,0.0,0.0,0.0,0.0,0.18757389534445054,0.0,0.0967458248732666,0.0,-0.09082807047118392
2020-09-22,0.0,-0.15612350251913484,-0.05517373017235999,0.0,0.0,0.0,0.0,0.0,0.0,0.0,0.0,0.21129723269149486,0.0,0.08902795742048054,0.0,-0.12226927527101432
2020-09-23,0.0,-0.09208258948040894,-0.03160200748555388,0.0,0.0,0.0,0.0,0.0,0.0,0.0,0.0,0.12368459696596282,0.12368459696596282,0.051070044167090406,0.0,-0.07261455279887241
2020-09-24,0.0,-0.08704658915440096,-0.037308550016615885,0.0,0.0,0.0,0.0,0.0,0.0,0.0,0.0,0.12435513917101684,0.12435513917101684,0.04754203011654043,0.0,-0.07681310905447644
2020-09-25,0.0,-0.0888098770087654,-0.035507580206694186,0.0,0.0,0.0,0.0,0.0,0.0,0.0,0.0,0.1243174572154596,0.1243174572154596,0.05258255246154987,0.0,-0.07173490475390973
2020-09-28,0.0,-0.13899996502150602,-0.04389828963628634,0.0,0.0,0.18289825465779233,0.0,0.0,0.0,0.0,0.0,0.18289825465779233,0.0,0.06954273929535539,0.0,-0.11335551536243696
2020-09-29,0.0,0.0,-0.10161098025109275,0.0,0.0,0.10161098025109275,0.0,0.0,0.0,0.0,0.0,0.10161098025109275,0.10161098025109275,0.03965306777737705,0.0,-0.06195791247371569
2020-09-30,0.0,-0.09331920814051065,-0.026056901446757777,0.0,0.07265792151985866,0.04671818806740977,0.0,0.0,0.0,0.0,0.0,0.11937610958726844,0.11937610958726844,0.04920030895525197,0.0,-0.07017580063201646
2020-10-01,0.0,-0.060198751389704416,-0.016664428656472566,-0.05342583416847707,0.07874632186582389,0.05154269234883015,0.0,0.0,0.0,0.0,0.0,0.0,0.13028901421465405,0.050758948854564084,0.0,-0.07953006536008997
2020-10-02,0.0,-0.05934582647688398,-0.013437673634401235,-0.05336856361410387,0.0,0.0,0.0,0.0,0.0,0.0,0.0,0.1261520637253891,0.1261520637253891,0.05051131800096464,0.0,-0.07564074572442443
2020-10-05,-0.03574846833534526,-0.04924188841441693,-0.007066257519491637,-0.047576094016418616,0.08715564853496688,0.05247705975070559,0.0,0.0,0.0,0.0,0.0,0.13963270828567245,0.13963270828567245,0.053855249456230055,0.0,-0.0857774588294424
2020-10-06,0.0,-0.04518076635758963,-0.008515629594014572,-0.07120540626169067,0.0,0.0,0.0,0.0,0.0,0.0,0.0,0.12490180221329487,0.12490180221329487,0.05385258752060988,0.0,-0.071049214692685
2020-10-07,-0.035394887398653964,-0.048134711495921,-0.00574270446110237,-0.049453373785146804,0.08649707611397016,0.05222860102685397,0.0,0.0,0.0,0.0,0.0,0.13872567714082415,0.13872567714082415,0.0581149400854762,0.0,-0.08061073705534795
2020-10-08,-0.02816885252205601,-0.04064046756084573,-0.0051274948781869925,-0.044109127295741936,0.07428673201765625,0.04375921023917441,0.0,0.0,0.04393603350119859,0.04498983242147895,0.0,0.11804594225683065,0.02912007633415312,0.11804594225683065,0.0,0.0
2020-10-09,-0.032375185567071196,-0.04691001046766993,-0.00608766203298611,-0.04597437582112015,0.061569738198164525,0.037831300666164636,0.031946195024518224,0.0,0.0,0.0,0.0,0.1313472338888474,0.1313472338888474,0.1313472338888474,0.0,0.0
2020-10-12,0.0,-0.05790991987985735,-0.007222650436927582,-0.06336421456343934,0.059357329889828496,0.03863630541280962,0.030503149577586142,0.0,0.0,0.0,0.0,0.12849678488022426,0.12849678488022426,0.0684337360969111,0.0,-0.06006304878331315
2020-10-13,0.0,-0.10382885328258849,-0.023523046018910542,0.0,0.057248564582686526,0.03898063819781419,0.03112269652099832,0.0,0.0,0.0,0.0,0.127351899301499,0.127351899301499,0.049697831594720174,0.03119114496032796,-0.04646292274645088
2020-10-14,0.0,-0.08627870164143414,-0.02072051534309843,0.0,0.06392340458118116,0.04307581240335137,0.0,0.0,0.0407014339352793,0.04033802552203744,0.0,0.10699921698453256,0.025959757527215813,0.04133238384609063,0.0,-0.06566683313844193
2020-10-15,0.0,-0.09393596738209806,-0.016327125681997515,0.0,0.04948589106338997,0.03351487210962178,0.0,-0.027262329891083823,0.04020728600928786,0.041419907431928214,0.0,0.11026309306409558,0.028635899622879518,0.039746424625150836,0.0,-0.07051666843894473
2020-10-16,0.0,-0.10090461147767903,-0.013953647046662456,0.0,0.06960990552055527,0.045248353003786226,0.0,0.0,0.0,0.0,0.0,0.11485825852434149,0.11485825852434149,0.041530515448793805,0.0,-0.0733277430755477
2020-10-19,-0.04273355184236625,-0.061367197551058066,-0.007439662202877618,0.0,0.06652784483472977,0.04501256676157215,0.0,0.0,0.0,0.06529322841480344,0.0,0.11154041159630193,0.04624718318149848,0.0,0.0,-0.11154041159630193
2020-10-20,-0.0492630490317274,-0.06989228370802954,0.0,0.0,0.07207529982938685,0.047080032910370086,0.0,0.0,0.044354959734230856,0.043721632986916115,0.0,0.11915533273975693,0.031078740018609972,0.04879053111573547,0.0,-0.07036480162402144
2020-10-21,-0.03888800967469466,-0.053919884492540975,0.0,-0.05108943208488103,0.08608813446428934,0.05780919178782735,0.0,0.0,0.0,0.0,0.0,0.14389732625211668,0.14389732625211668,0.08201604586413315,0.0,-0.06188128038798352
2020-10-22,-0.03884228668188545,-0.05165014014578665,0.0,-0.049472950234999764,0.08456020150614398,0.05540517555652791,0.0,0.0,0.0,0.07890015108966407,0.0,0.13996537706267187,0.0610652259730078,0.056147168756439915,0.03267660217044833,-0.05114160613578361
2020-10-23,-0.04103382018329874,-0.05649893931990087,0.0,-0.05480545205436581,0.09304889706217703,0.059289314495388365,0.0,0.0,0.0,0.0,0.0,0.1523382115575654,0.1523382115575654,0.06306272932359777,0.03585075405961546,-0.0534247281743522
2020-10-26,-0.04077305585579016,-0.05755476226134493,0.0,-0.06077232175877871,0.0,0.0,0.0,-0.15910013987591382,0.0,0.0,0.0,0.15910013987591382,0.15910013987591382,0.06502177723307223,0.0310033502967033,-0.06307501234613827
2020-10-27,0.0,-0.116559929865712,-0.014936744142454316,0.0,0.0,0.037425329545819216,-0.04410786189845842,-0.049963482563888675,0.0,0.0,0.0,0.1314966740081663,0.1314966740081663,0.053313327187139305,0.026810173868599123,-0.05137317295242788
2020-10-28,0.0,-0.10772336004697738,-0.013958543532101197,0.0,0.0,0.0,-0.05961824133727457,-0.062063662241804034,0.0,0.0,0.0,0.1216819035790786,0.1216819035790786,0.0,0.03813892080014617,-0.08354298277893243
2020-10-29,-0.049280473906919024,-0.06667090007837827,-0.008867093433424691,0.0,0.0,0.0,-0.06325829611754363,-0.06156017130117838,0.0,0.0,0.0,0.124818467418722,0.124818467418722,0.0,0.0,-0.124818467418722
2020-10-30,-0.03894103161830218,-0.048945327580886835,-0.0057171636410364626,-0.04407409284745092,0.0,0.0,-0.06870906011044702,-0.06896855557722936,0.0,0.0,-0.05718246737770609,0.0804951483099703,0.1376776156876764,0.0,0.0,-0.1376776156876764
2020-11-02,-0.056870023222383576,-0.07250009365010512,0.0,0.0,0.0,0.0,-0.06120955745877379,-0.06816055941371492,0.0,0.0,0.0,0.1293701168724887,0.1293701168724887,0.0,0.0,-0.1293701168724887
2020-11-03,-0.04065931413806854,-0.05291943798926509,0.0,-0.04441349161202056,0.0,0.0,0.0,0.0,0.0,0.0,0.0,0.13799224373935418,0.13799224373935418,0.0,0.0,-0.13799224373935418
2020-11-04,0.0,-0.11535196680123291,0.0,0.0,0.06942518278531465,0.04592678401591827,0.0,0.0,0.0,0.0,0.0,0.11535196680123291,0.11535196680123291,0.0,0.033996711864434474,-0.08135525493679843
2020-11-05,0.0,-0.06324033481697015,0.0,-0.053654341535932674,0.06815718757733455,0.04873748877556829,0.0,0.0,0.0,0.0,0.0,0.11689467635290282,0.11689467635290282,0.0,0.0,-0.11689467635290282
2020-11-06,0.0,-0.07108721831610618,0.0,-0.06635607622254841,0.0795925586267742,0.057850735911880384,0.0,0.0,0.0,0.0,0.0,0.1374432945386546,0.1374432945386546,0.044588355054025905,0.024727952927209834,-0.06812698655741883
2020-11-09,-0.0480800054041961,-0.034119952508967974,0.005091888132523306,-0.035415375732919044,0.03987695381836817,0.022557399741701054,0.028720504467460543,0.03155236375107664,0.04168038003466961,0.042437338889777215,-0.04728474454715699,0.07542247723144942,0.03858950285415957,0.04036814354508192,0.02148329019404315,-0.06085578803948134
2020-11-10,-0.04725126315127829,-0.03319817657915623,0.005641027149920557,-0.03412232115410088,0.037880188076748804,0.01677810467491858,0.03035899717552987,0.035195498107258694,0.04235140843486496,0.040910082728475614,0.0,0.12021278803445595,0.03695129687111539,0.04635454903681836,0.02902334339432284,-0.04483489560331476
2020-11-11,-0.04715415922327566,-0.03282234018351368,0.005751641602724415,-0.03643382841137373,0.036891167229192,0.018904870433849454,0.030037070105183594,0.03632886165266244,0.04217763873160714,0.040294431488509565,-0.04539023133639564,0.07677173808449188,0.039689899200770797,0.045313486797216994,0.03227524229060767,-0.04457324033306283
2020-11-12,-0.0316085779864723,-0.035514235352593335,0.006711466270957819,-0.04051881589447492,0.03462340725590712,0.01809157883250035,0.027047401345245643,0.03459070807084527,0.038710153985099874,0.03723550125934462,0.0,0.11435309550449839,0.038407440260053896,0.06663969426444118,0.047713401240057206,0.0
2020-11-13,-0.046899481716991966,-0.03149203830937562,0.00621959573829015,-0.03603557428647209,0.03677887553467674,0.01908700164070071,0.029053387716299336,0.035727425159453034,0.03902989117481728,0.03817836902765744,0.0,0.12064669005112982,0.043438429848655084,0.04622188220248348,0.02806575481517681,-0.04635905303346953
2020-11-16,-0.04609723148063024,-0.031084897717604424,0.006462684993064983,-0.03608061923032524,0.0367882677245871,0.01882024262675552,0.028083590951518543,0.036033332118763715,0.04517415479289104,0.04212712775191818,0.0,0.11972543342162487,0.032424150876815674,0.04555162189729875,0.028364931255853817,-0.045808880268472296
2020-11-17,0.0,-0.04727734020478827,0.010414325483340535,-0.05511588226670648,0.034389802461195336,0.01751464657623465,0.027809423874590764,0.03309367504281453,0.0420161656940106,0.03940988437411147,0.0,0.11280754795483527,0.0313814978867132,0.04212421948325752,0.025640105653864913,-0.04504322281771284
2020-11-18,-0.04577070872835887,-0.030558628549539963,0.006838549343379033,-0.036866822152881944,0.03415114473103115,0.017424152442457666,0.03035366768286336,0.03810574391780764,0.04533744194300468,0.041387759971400595,0.0,0.12003470877415982,0.03330950685975452,0.042779870826667225,0.027046608589054714,-0.05020822935843788
2020-11-19,0.0,-0.057017598743296115,0.012539523878832748,-0.06841232629762856,0.04084545620158735,0.021766771594854573,0.03277977858923055,0.04257744253408496,0.07304888585547163,0.06492056306428579,-0.056383914797189634,0.08158553412256779,0.0,0.04573207749651057,0.03098904124706901,-0.061248330176177875
2020-11-20,0.0,-0.055389866432529467,0.013096802290371738,-0.06777944352685804,0.03843062680158882,0.0209681477937226,0.03441456597050965,0.04245277168393818,0.07262178144074222,0.06364433080901702,0.0,0.13626611224975926,0.0,0.04572094935980179,0.029050633843068805,-0.06149452904688866
2020-11-23,-0.04773753456336943,-0.031181246773048208,0.007231261559924205,-0.036320287923302434,0.035724029367894455,0.01856667823016611,0.030575815679130345,0.037603807542453356,0.050552041834414085,0.04296236725140541,-0.050525635639294804,0.07194469518034946,0.028955921733824788,0.039313127766057006,0.025777047496889003,-0.057380155556698266
2020-11-24,-0.04739192692584444,-0.03187013997557091,0.007723313593632761,-0.034568580942053194,0.034782758808939954,0.01842570124400304,0.030512870292942345,0.037832631091215964,0.05143033389638765,0.04217204098900229,-0.05542084355797401,0.06613311787912729,0.02795158655171134,0.041060203635646775,0.02975899261846183,-0.05073476518299269
2020-11-25,-0.047781494254216565,-0.032060397787248826,0.0073971125935890746,-0.03452895679607308,0.03478677106976979,0.018932945714758512,0.0307579190607888,0.03729032558581044,0.05136718585445142,0.04075606190094135,-0.05661071374460482,0.06515724768652273,0.029644713675734787,0.04363957242798485,0.02812560121061528,-0.050002787792527426
2020-11-26,-0.04910549098637762,-0.03294877230471915,0.0073826351821072965,-0.032448540661390156,0.03470150200714763,0.01888653742551155,0.03073370520173595,0.037563694500199085,0.05141674321713372,0.040795382002043454,-0.056665329889641354,0.06522010924495288,0.02967331391541707,0.04457322106160701,0.027340881652142324,-0.049971336420844906
2020-11-27,0.0,-0.05012480536348732,0.012621488259139382,-0.05272089091009332,0.033087040987002526,0.019434031414259898,0.02878179637257123,0.03416431575888634,0.048026119116696624,0.04049369450381523,-0.06371123737436503,0.051755947158354965,0.02694737091220814,0.04032426048430085,0.024896141203894478,-0.050246782844524676
2020-11-30,-0.04811285629975174,-0.032065368931803756,0.007308589451385701,-0.03573919173063921,0.03759566120541443,0.02212087584397798,0.028417664074184588,0.03509180529000343,0.05016457038566192,0.04394110991206425,-0.06800156520537182,0.05522444120820859,0.029120326115854214,0.044827635473215804,0.02423765055459388,-0.05416072038577071
2020-12-01,-0.04750314636185689,-0.03232969452087547,0.006893040537118711,-0.036934327502558095,0.03683318694770265,0.023398114770036758,0.028072461398471815,0.035356445806197935,0.051265739455063554,0.042843436925189125,-0.04974906972606244,0.07391113919634673,0.0295510325421565,0.04504207779190539,0.02319819683288269,-0.055419934297621064
2020-12-02,-0.059772476575883,-0.041851922837907486,0.008641533568386458,-0.0426575282088814,0.04504109027057114,0.029727242198629145,0.03386073520179897,0.04429439352005907,0.0833321818402492,0.06959127935080914,-0.059700596318260864,0.09322286487279748,0.0,0.05851896329159244,0.03354096586140319,-0.0608635320380627
2020-12-03,-0.05741998640609093,-0.04059834380975965,0.009318720218024924,-0.04649557442401098,0.04506333443300661,0.030942588678382007,0.033134919357498745,0.04469178238899913,0.08391198465577565,0.06992064020211082,-0.05356544662184496,0.10026717823604152,0.0,0.0615049390106696,0.031978224539419,-0.06034946130779789
2020-12-04,-0.05806952354163007,-0.0409303635318865,0.009238528455099461,-0.04680828513226576,0.045286271206828814,0.029515939305249768,0.035476652259576136,0.044767837889227065,0.08446111110757346,0.07058558955330833,-0.05562054465888714,0.09942615600199466,0.0,0.05737834331516631,0.03765002550572602,-0.060018331839989475
2020-12-07,-0.06049051745772361,-0.043560734358964535,0.009579237913474772,-0.040919464733181525,0.04478870422106747,0.03083697294960162,0.0333484834725087,0.04557579382016665,0.08439034945841331,0.07015960500493114,-0.04931466716425541,0.10523528729908906,0.0,0.0613302853555405,0.0411520418303195,-0.05206762727748446
2020-12-08,-0.07983278995789589,-0.05570365418118055,0.012027461299637183,0.0,0.044580862655339996,0.02903317150961232,0.030627928737942976,0.043321942535818316,0.08116869381360897,0.06639521162510463,0.0,0.14756390543871362,0.0,0.056054053109283075,0.03689792693034685,-0.054611925399083695
2020-12-09,-0.07981347084090684,-0.05638568569686845,0.01189438932056472,0.0,0.04672190616037506,0.029381571634145825,0.028851659838683402,0.04313840822513574,0.0814432697663653,0.0666502760919747,-0.05261716915607977,0.09547637670226024,0.0,0.053492550333388594,0.036646838276367694,-0.057954157248583736
2020-12-10,-0.08097838316537151,-0.05587448881848012,0.01192975470081518,0.0,0.0462669667563141,0.031414811113329236,0.028455180479715576,0.04264566833530786,0.08196908910800246,0.06681353757666433,-0.05432047239396308,0.09446215429070372,0.0,0.053328109054843816,0.037907846105553124,-0.05754667152426987
2020-12-11,0.0,-0.11586960190663616,0.02410986826548266,0.0,0.044241411321579834,0.028314298201848838,0.027183854556164556,0.040239906092525576,0.0769698804662344,0.0630095897058844,-0.04958095700402655,0.09039851316809226,0.0,0.05421570457537554,0.033201874092922974,-0.0525618915038203
2020-12-14,0.0,-0.11710884807143632,0.02560282389008928,0.0,0.04227179206268766,0.02848316855777671,0.029546918371546174,0.04240979296951504,0.07837607506754386,0.06433559689398173,-0.05611180918089731,0.08659986278062828,0.0,0.05390147159156507,0.03526634497698223,-0.053543855392978276
2020-12-15,-0.06765268877792908,-0.04883789676532133,0.010509377565073438,0.0,0.03940190592131232,0.026595677490414544,0.02651708792510318,0.0344852917714938,0.060354840706496375,0.049819139695712535,-0.044671025828886296,0.08232893727943758,0.016825982706114948,0.05118094729373168,0.03186339595606581,-0.04395561985852636
2020-12-16,-0.05279617187488756,-0.039257448458041175,0.007961236816295505,-0.03280898399142698,0.03972744323906617,0.028108262101492795,0.027106062065678692,0.03788207373441355,0.06049715945439442,0.04992931551144531,-0.04442488611548834,0.08839895502516286,0.022397366174811494,0.05041570867728857,0.03452600261978404,-0.047882129843578605
2020-12-17,-0.06775254748003094,-0.05053253231071728,0.010524915631699529,0.0,0.03950561098572493,0.027871608305102307,0.027224308419088256,0.03420846771253225,0.05898528698090109,0.04843036514205367,0.0,0.12880999542244775,0.021394343299493,0.0502971673206648,0.03442645663100439,-0.044086371470778575
2020-12-18,-0.0679249217481676,-0.05125702611243982,0.009809441170299778,0.0,0.039548824038535886,0.02713777277413673,0.027005288934547685,0.03529950328368689,0.057275496524696275,0.047027617422955845,0.0,0.12899138903090718,0.024688275083255037,0.049914712606918155,0.033557428503737184,-0.04551924792025184
2020-12-21,0.0,-0.10243349662279658,0.0183687308418292,0.0,0.03970490087350633,0.02635737209453351,0.023035401652642416,0.03170455284394355,0.05205931548351047,0.04319220446083192,0.0,0.1208022274646258,0.02555070752028341,0.04918903789630914,0.028476493889398508,-0.04313669567891814
2020-12-22,-0.10862755885190108,0.0,0.01403010835340743,0.0,0.0405241597240079,0.028275544225211693,0.023984114718501152,0.029873848537587764,0.05238985123633875,0.044236777176733626,0.0,0.1226576672053085,0.026031038792236144,0.04915286444560537,0.029741341614266184,-0.04376346114543696
2020-12-23,-0.060057484087482106,-0.037325467754842884,0.00785977863631809,-0.03506278937603538,0.04480364508390786,0.02980218864989198,0.02857648620281326,0.03712319991806534,0.06207884578700218,0.05195516918593303,0.0,0.14030551985467846,0.026271504881743273,0.055128346370430854,0.033427746143991244,-0.05174942734025639
2020-12-24,-0.13081258150414868,0.0,0.01732658758822866,0.0,0.04783274904360196,0.031835861804876076,0.03041063362772337,0.03805992461617595,0.08002280509445006,0.0681163639979273,0.0,0.14813916909237734,0.0,0.05673384512037304,0.03605018387079002,-0.05535514010121426
2020-12-25,-0.13081553218720093,0.0,0.017326978416601302,0.0,0.04783382798631774,0.03183657991269721,0.030411319587286448,0.03806078311750085,0.080024610134394,0.06811790046940824,0.0,0.14814251060380224,0.0,0.057567120329731866,0.03799836338089842,-0.05257702689317196
2020-12-28,-0.13345695536650978,0.0,0.01739729540202601,0.0,0.04870530854474438,0.032298799945108675,0.03147972339023701,0.03837041888844569,0.0807333561149162,0.07012089465361958,0.0,0.15085425076853576,0.0,0.05696678256505463,0.03815978347096504,-0.0557276847325161
2020-12-29,-0.13698131179189635,0.0,0.016920865603676602,0.0,0.048223132544402365,0.03249156383375759,0.030824960467589875,0.042362520549823104,0.08263059808283191,0.07127157931274104,0.0,0.15390217739557294,0.0,0.061761606374814114,0.036289511780983746,-0.05585105923977508
2020-12-30,-0.1387398992543681,0.0,0.017897717084624624,0.0,0.05009355646308533,0.032391929456107325,0.03182090620613438,0.04233122421366571,0.08484936635535563,0.07178824998363714,0.0,0.15663761633899276,0.0,0.06219954012530435,0.037444408122421835,-0.056993668091266554
2020-12-31,-0.13857580814942158,0.0,0.018921440491924683,0.0,0.053144492865061004,0.032239817488130575,0.033276962119740836,0.038835976168413854,0.08479137766774575,0.07270587097360055,0.0,0.1574972486413463,0.0,0.05953448375488238,0.03750698073614604,-0.060455784150317854
2021-01-01,-0.13833654591965674,0.0,0.018888771109707696,0.0,0.05305273464237825,0.03218415286150899,0.0332195067798594,0.038768922745617794,0.08464497856420422,0.07258033846516024,0.0,0.15722531702936446,0.0,0.05002501152998443,0.04166078689512835,-0.06553951860425165
2021-01-04,-0.13994742600669288,0.0,0.017626530870059175,0.0,0.049278501607506096,0.02925687249589734,0.033308353455158854,0.04573022931818976,0.08475930100256997,0.07281465587418208,0.0,0.15757395687675207,0.0,0.054551010926832656,0.0414652857958868,-0.06155766015403265
2021-01-05,-0.09405336748708817,-0.058277179783180935,0.011009648869912951,0.0,0.052507393529814,0.031153949264217776,0.033330150851586235,0.046348702494564055,0.08887668820211153,0.07446350793807052,0.0,0.16334019614018205,0.0,0.056634762873443996,0.03843527572319982,-0.06827015754353823
2021-01-06,-0.09335597875497442,-0.0566181063960926,0.01149166321769843,0.0,0.05209876030321901,0.02529104326843668,0.03522114985445807,0.0488547949426517,0.08810821997990508,0.07335752838886037,0.0,0.16146574836876545,0.0,0.05588431795973815,0.039099116148665444,-0.06648231426036184
2021-01-07,-0.06737058057087633,-0.040610743905259816,0.00823239978408503,-0.02849880026058011,0.0470619921589731,0.025583324070858598,0.03043194579892515,0.04163526249204445,0.06658317017019273,0.05612579549233044,0.0,0.14471252452080127,0.02200355885827813,0.052121541871083504,0.03563733181415061,-0.05695365083556717
2021-01-08,-0.0673626425214545,-0.04067131946091135,0.00751679746595339,-0.02889880495171182,0.04617389950932739,0.02656747964890646,0.03025839757695934,0.04144978766483785,0.0679599311111676,0.05683394908206638,-0.06299979077548826,0.08144977362454275,0.019655684206797055,0.05537544528836339,0.039251231705884626,-0.04982288740578302
2021-01-11,-0.06323511447103487,-0.03782161022122054,0.006804025310774107,-0.03030740918519453,0.04546645810462633,0.02455947288403214,0.028718704654076575,0.039423523545489024,0.058356976734026,0.049717044955212016,-0.054366346684734515,0.08380181250348955,0.030094137498986047,0.07654806441851399,0.0616200947697101,0.0
2021-01-12,-0.061977316738650035,-0.03747215996961653,0.0069876518101876705,-0.0321318182326792,0.04594265257996641,0.02270651238673451,0.030324958939189302,0.039594822845243204,0.05954823234605951,0.050860945962480045,-0.05401943444688862,0.08454951230424482,0.02815976844259388,0.07552882565355061,0.06304012109758284,0.0
2021-01-13,-0.06619734105857127,-0.038681675408444395,0.007414575530915493,-0.03307981915315898,0.04786213598941635,0.025252197437150195,0.031207365070190066,0.04105171265433354,0.06247383336296683,0.05390945268358532,-0.05059384382975727,0.09477956732133283,0.02899012510453798,0.05175528805765889,0.04420544567445272,-0.04941267741897853
2021-01-14,-0.0759060523680259,-0.04537917093909079,0.008694694664689867,-0.037143691151384266,0.054697235536248376,0.02757910312173281,0.03755657953141608,0.047290690933793574,0.08944864298010444,0.07767496614308637,-0.05686335711504384,0.11026025200814696,0.0,0.056146042258676004,0.05356787785548529,-0.05740968900902954
2021-01-15,-0.064904146710955,-0.03922839559960263,0.007528214364338209,-0.033791185354524286,0.04657659151643616,0.022726337602294738,0.03298580046779703,0.04316321244289219,0.060736546194024785,0.053480381869526555,-0.07134407884028246,0.07410786318913766,0.031235013965868804,0.04507058348780667,0.048144068666363546,-0.05223728987524989
2021-01-18,-0.0689892221428198,-0.041697435918537466,0.00819029799267119,-0.020187408973883023,0.044472302393301306,0.02169958181213943,0.03194685905133387,0.040945621771136864,0.05806927781515674,0.05113177068912312,-0.06821097665659466,0.07085338837131681,0.029863316523631632,0.0,0.0655673100212877,-0.07349705500662378
2021-01-19,-0.08951343280497091,-0.05421977962254236,0.01018560162842213,0.0,0.05002898656801376,0.025309816525473726,0.033392407739011205,0.04518760322343668,0.08232291462027935,0.07159589943565602,-0.07273755815337755,0.08118125590255783,0.0,0.0,0.07556925537049848,-0.0783495586854369
2021-01-20,-0.07137377832717651,-0.04335520371983492,0.008292063394729692,-0.03818906249030904,0.052364838736975755,0.031061174033383588,0.033840225643326775,0.04394386951836402,0.08641710131090288,0.07479300662114725,0.0,0.16121010793205015,0.0,0.07297890204998916,0.08823120588206099,0.0
2021-01-21,-0.0744152099020287,-0.04582983923050999,0.008840415273876183,-0.04123956611951919,0.05454924343427663,0.03400991162875799,0.03543904048664574,0.0463268349762537,0.09133774260435223,0.0789872879215818,0.0,0.17032503052593406,0.0,0.04846991524660027,0.06390342137490004,-0.05795169390443374
2021-01-22,-0.0743127402742851,-0.04607230254730563,0.008528094160142718,-0.04168992729149085,0.054284951510681315,0.034209399459504124,0.036675724025833495,0.04543298927720536,0.09207020802775709,0.0785328562454672,-0.06764979180710479,0.1029532724661195,0.0,0.051608929439412594,0.06020335832461476,-0.058790776509196944
2021-01-25,-0.08372595161860624,-0.053253214283695394,0.005766481778611322,-0.027726778137097216,0.05565669119377568,0.03654535975699376,0.03406570844718229,0.04420466642005847,0.09209748572170624,0.07837494009630393,-0.06344884015504071,0.10702358566296945,0.0,0.05730817466677527,0.061775941245660417,-0.05138830990557449
2021-01-26,-0.08631246893237272,-0.05483484324067347,0.0060943648484828045,0.0,0.04973465684364647,0.030684107203482015,0.030518698175855345,0.03630421479854519,0.06699959119095872,0.05685898193588208,-0.057292921741377324,0.08994875528015168,0.023383103894688187,0.04760953979042985,0.051593068125141195,-0.04803906910595794
2021-01-27,-0.09730028154655003,-0.06270723060296499,0.0,0.0,0.06479431489353109,0.04037946517756792,0.0,0.054833732078416006,0.0713534497099779,0.06057324235042033,-0.07995647299899167,0.08005103915052335,0.028080820089116776,0.051221099550653425,0.05660059144988941,-0.05218582114897217
2021-01-28,-0.07580753285769662,-0.048201968018878785,0.0,-0.026881724149677454,0.054739138960424524,0.03319763713222245,0.0384354212438518,0.0245190276897541,0.06779127964157934,0.05727239746859333,-0.07564978510777218,0.07524143991848072,0.025827547916080208,0.0,0.15089122502625288,0.0
2021-01-29,-0.08284058453532407,-0.05274144049358546,0.0,-0.0491788307195718,0.0,0.18476085574848133,0.0,0.0,0.10154167705916133,0.08321917868932002,-0.09015262660046401,0.09460822914801731,0.0,0.0,0.18476085574848133,0.0
2021-02-01,-0.06581397138224133,-0.04230126664005613,0.0,-0.04114625267135537,0.06981899766188845,0.04230539091645878,0.0,0.03713710211530562,0.06779717199539692,0.05651747069242585,0.0,0.14926149069365283,0.02494684800583004,0.0,0.14926149069365283,0.0
2021-02-02,-0.05903761808628676,-0.04009513430305664,0.004138512300467673,-0.03898194304102072,0.04969372751018004,0.033295251880841314,0.035602347985240874,0.02366188035456957,0.06709516019813115,0.0554419769000464,-0.07213275905267533,0.07012044867815646,0.019716070632654226,0.0,0.14225320773083178,0.0
2021-02-03,-0.0602261100003377,-0.04099992579263049,0.0040376759414761645,-0.03821411137415589,0.05181515962879542,0.03356483120434951,0.03628324290659106,0.021814589368864226,0.06901895864767578,0.05675082033597618,-0.0744311002398232,0.06904672286877701,0.017708044124948245,0.0,0.14347782310860022,0.0
2021-02-04,-0.0551529554978259,-0.03858379721934687,0.00635157778057549,-0.04309770315625011,0.06056990056132193,0.040251319422239015,0.04236481367043745,0.0,0.06721574780132589,0.055923359973385864,-0.0792434312748474,0.06394260237915096,0.020046925879286616,0.0,0.14318603365399837,0.0
2021-02-05,-0.05810969191228776,-0.046042281118230804,0.008685571796501866,-0.04549598484865364,0.06083534504528947,0.039887622611300286,0.05761056201908428,0.0,0.07609252235997421,0.0644803369340593,-0.08768180252982795,0.07065172714584611,0.01776067038164052,0.0,0.15833352967567405,0.0
2021-02-08,-0.05917812639631102,-0.046190216453637724,0.009533220091212949,-0.04510538664132486,0.06118691259141103,0.04066711104650627,0.058152925944569236,0.0,0.07720656295152188,0.06513636768011732,-0.08512053063342336,0.07488641894906319,0.017664018950847328,0.0,0.16000694958248654,0.0
2021-02-09,-0.060096804323957184,-0.04782973895532592,0.009816022068160369,-0.04287669204311659,0.060866298615734914,0.0411647260804681,0.05858823269435708,0.0,0.07737529681725863,0.06550373900684102,-0.08205169938491626,0.07856755800564384,0.017740221566460445,0.0,0.16061925739056007,0.0
2021-02-10,-0.057278371238075956,-0.04873296484663239,0.009725695098229781,-0.04568651687255956,0.06240761228138361,0.0459319231636516,0.05308401261046249,0.0,0.07724628497632713,0.06500171304477237,-0.07568606104381162,0.08573748701168608,0.019175550034398203,0.0,0.16142354805549772,0.0
2021-02-11,-0.05773318498039618,-0.04954640358587987,0.009622192311593917,-0.04540121475921729,0.06202260953667352,0.04627120829600572,0.05400917780440803,0.0,0.07797998733353131,0.06627304748096388,-0.07937213149139455,0.0829308641456927,0.018049960822592078,0.0,0.16230299563708725,0.0
2021-02-12,-0.05930448270644356,-0.049877325928313676,0.00966528249398564,-0.04674150306780265,0.06370378660239527,0.045260501880313594,0.05662430571383668,0.0,0.07892034833458351,0.06742972682576016,-0.08007594692495754,0.08551264727158799,0.01923851903620187,0.0,0.16558859419654554,0.0
2021-02-15,-0.05810088199755816,-0.04886505194656788,0.010751063392381601,-0.04878046083632459,0.0466015054004908,0.03310960988816718,0.04522135135361852,0.04156499153055571,0.07935351743022885,0.06779982749567735,-0.08051545873964663,0.0859819994331856,0.01934411324692604,0.0,0.16649745817283224,0.0
2021-02-16,-0.060891590510222464,-0.04708243462264271,0.010325561210187314,-0.046509861027503326,0.047013777220373545,0.0327639072786905,0.04422237931751101,0.04080938355398076,0.07706834488527274,0.06550065050283767,-0.08165746000894585,0.08315198736160997,0.022240451982445397,0.0,0.16480944737055583,0.0
2021-02-17,-0.06633225897756334,-0.050070372931571794,0.010785457926319904,-0.04620386397625885,0.05159678741331994,0.033083914610357576,0.04570336438420856,0.04300788740382784,0.08103011635929767,0.06863636104862327,-0.08828792484952185,0.08510402896219205,0.023725476403793005,0.0,0.0703384228684846,0.10305353094322932
2021-02-18,-0.06496004440289632,-0.050186951242039514,0.010285082408965291,-0.0471611106275594,0.051725503750511666,0.031526405962195136,0.04806540223582573,0.04127587673292802,0.08068282728432004,0.06777439477283406,-0.08809119779724091,0.08450199088421965,0.024135966624306456,0.0,0.07242711283269529,0.10016607584876526
2021-02-19,-0.06536281492636606,-0.049104258280328134,0.010476844763241745,-0.04606658664296808,0.04983482330653168,0.02903394561651863,0.05042639156172701,0.04171534412812667,0.08013515566315517,0.06603268020487012,-0.08612749731700745,0.08488300729589655,0.024842668744878702,0.0,0.07168383583573833,0.09932666877716569
2021-02-22,-0.06532191970303601,-0.04839268861138058,0.01135381474536882,-0.04524393695271785,0.06461196283636768,0.0,0.06866020532250897,0.03704019185362657,0.08127054378755551,0.06677510616125952,-0.08135013429656177,0.08896222571594148,0.022266710063688237,0.0,0.0777529654969826,0.09255939451552064
2021-02-23,-0.0655776917172181,-0.04881859077964278,0.011726193916562502,-0.046236490842525096,0.058724226665914474,0.0,0.06031547110180909,0.05331926948822489,0.08322398094741944,0.06868243668591248,-0.08179035615451179,0.09056861110143666,0.020452549622616504,0.0,0.0996150105328141,0.07274395672313437
2021-02-24,-0.06632794577965921,-0.048327341777406586,0.011748222336941117,-0.04561810690405592,0.05277757165791872,0.021568857064164705,0.051136210104408567,0.04653897797157083,0.08396075578486638,0.07009442513192965,-0.08271213594091652,0.08930948085714632,0.017966435881266812,0.0,0.09001901103025042,0.0820026057678124
2021-02-25,-0.06962506498666443,-0.04593712084949837,0.011454869966571357,-0.043730931020294204,0.0501930764341381,0.0,0.06220811959418157,0.058346790794708676,0.08441071955288304,0.07100937165642882,-0.08239736673932073,0.0883506200837076,0.01532789561371646,0.0,0.06730256935474521,0.10344541746828315
2021-02-26,-0.06897129235727231,-0.043470642895612914,0.011107104390981308,-0.04416377219361531,0.05939952267533775,0.0,0.06949864211780564,0.038814647044338485,0.08581558460648314,0.06700769862850933,-0.08972220801726855,0.0779906038202133,0.014889528602489384,0.0,0.061995500371805776,0.10571731146567608
2021-03-01,-0.06691087493024407,-0.04525937214434794,0.0118873010884665,-0.04215472014674699,0.04980991240670124,0.020657323555984937,0.05887120464791553,0.03687382769920382,0.08033951384873077,0.07050855941557264,-0.08927373812664909,0.07693853018315645,0.015364195045502104,0.0,0.059135374211751315,0.10707689409805421
2021-03-02,-0.06763398368845508,-0.04641367114048016,0.012421442019501978,-0.04006897089221972,0.05402129846273702,0.0,0.06777197474115379,0.044744794536766115,0.07880078853471814,0.06959484256579783,-0.08857414428283196,0.07796392345782498,0.018142436640140938,0.0,0.05897718520942064,0.10756088253123629
2021-03-03,-0.0828648519163368,-0.05618519936504885,0.014899263712303738,-0.04797903755852682,0.05453321057581099,0.0,0.0744848426232155,0.07291029935318974,0.10777485031766289,0.09415350223455336,-0.11277971731449662,0.08914863523771957,0.0,0.0,0.0750368009538386,0.12689155159837762
2021-03-04,-0.08248205087777793,-0.054608917960604665,0.014202639651981331,-0.04610284044562887,0.0,0.0,0.09983447761649762,0.0975619713194952,0.10535448920193191,0.09204195973406092,-0.12062494050346222,0.07677150843253062,0.0,0.0,0.07253851637480513,0.1248579325611877
2021-03-05,-0.08177643692690004,-0.054490081898704815,0.01418041234332834,-0.04586859756701989,0.05075666931145552,0.0,0.0726518311833727,0.07290702824112487,0.10439043510607181,0.09192509362988124,-0.11854070435779009,0.07777482437816301,0.0,0.0,0.06928985903327671,0.12702566970267634
2021-03-08,-0.0812105144319763,-0.0541682345048844,0.013854519042691343,-0.04428040958813289,0.0,0.0,0.09686445090074512,0.09664922666693981,0.10244065762804404,0.09107301993964088,-0.11604375413440708,0.0774699234332778,0.0,0.0,0.06802461527880987,0.12548906228887505
2021-03-09,-0.08061291008755442,-0.05218282159888368,0.013822825514139998,-0.04542543309157425,0.05340658400152606,0.0,0.07035461669681206,0.06828278959381422,0.10173764972297546,0.09030634056917689,-0.11850142507769676,0.07354256521445558,0.0,0.0,0.06674701077106275,0.1252969795210896
2021-03-10,-0.08039634950684567,-0.05310851756305349,0.014125648998927038,-0.04594414250686489,0.05589395399236772,0.0,0.07065216858071297,0.0670285360026104,0.10237424694225027,0.09120041163344084,-0.11877137963529291,0.07480327894039819,0.0,0.0,0.07031322539853814,0.12326143317715295
2021-03-11,-0.07938457860636401,-0.0533211131711245,0.01392670762677206,-0.04680522153810896,0.05623644193964954,0.0,0.07108786655779348,0.06611331244492652,0.10252576143091997,0.09091185951144956,-0.11595716374619237,0.07748045719617716,0.0,0.0,0.07077602338778517,0.12266159755458435
2021-03-12,-0.08041525755273268,-0.05067531929134505,0.013855593445847945,-0.04779292273708113,0.05832460600507014,0.0,0.06873442606650164,0.06568006095543501,0.10195833386928188,0.09078075915772493,-0.11506629961196797,0.07767279341503883,0.0,0.0,0.07116957061444677,0.12156952241256003
2021-03-15,-0.08166439520203618,-0.051253591983275136,0.01396828182212329,-0.04627461750059966,0.060067549657955695,0.0,0.06855588175652655,0.06453745509355205,0.10197218577903483,0.09118870072899941,-0.1146976895997815,0.07846319690825278,0.0,0.0,0.06721058359373178,0.12595030291430254
2021-03-16,-0.08198087501240617,-0.05157207028678745,0.014004199391656126,-0.04524568972823838,0.058791182040121535,0.0,0.06946597920645582,0.06454567317251074,0.10172816106757035,0.09107467335151777,-0.11720297920312296,0.07559985521596514,0.0,0.0,0.06202949472400686,0.13077333969508126
2021-03-17,-0.08163262054929879,-0.05219258122112154,0.014309838701848614,-0.044958031357293045,0.059817489593582476,0.0,0.0696760438167032,0.06359953841927632,0.10145330477221653,0.09163976705734547,-0.11687816210922145,0.07621490972034053,0.0,0.0,0.060398285849518035,0.13269478598004397
2021-03-18,-0.07781301237166782,-0.04824687522670794,0.013674479388990622,-0.045878628729069684,0.05188669809166534,0.0,0.06985311617382363,0.0638731814509471,0.09594086798987321,0.08967212772656287,-0.11035910306718942,0.07525389264924667,0.0,0.0,0.0664581250086246,0.11915487070781149
2021-03-19,-0.07965568610560486,-0.04936275915099526,0.013996129379022353,-0.04546278068935372,0.05227467507909372,0.0,0.07350690744402104,0.06269577280186148,0.09758100829547188,0.09089634702950439,-0.11209525918804276,0.07638209613693347,0.0,0.0,0.0644242252966129,0.12405313002836332
2021-03-22,-0.07843013882378895,-0.04829614705637841,0.01379628608832667,-0.049570322321694116,0.0532022281158536,0.0,0.07296519877495324,0.06392546739938136,0.09861068713601916,0.09148220715416903,-0.11887664042086539,0.07121625386932277,0.0,0.0,0.058548435490978844,0.13154445879920937
2021-03-23,-0.0794873141214018,-0.047799046815241476,0.01369665122175449,-0.04488924731799694,0.05139512606881749,0.0,0.07287506614566827,0.06160206726190893,0.09397359100929965,0.09189866846709505,-0.12361017422294017,0.0622620852534545,0.0,0.0,0.05771298040784374,0.12815927906855093
2021-03-24,-0.07837477199539715,-0.04641692514974474,0.01398194887387885,-0.04419414890929021,0.04695814429714277,0.0,0.07382789379332529,0.062181756837842904,0.09445276006918674,0.0885150348591242,-0.12288067726916194,0.06008711765914904,0.0,-0.05762123568589141,0.0,0.12534655924241953
2021-03-25,-0.07925537411950533,-0.04747706817164779,0.013818981081365993,-0.040313509299365925,0.049431595069627104,0.0,0.07237333940486199,0.05905999819739594,0.09329868381328826,0.08756624885859676,-0.12606304005106178,0.05480189262082325,0.0,-0.059623215139230794,0.0,0.12124171753265424
2021-03-26,-0.07706477442333806,-0.04634070119385849,0.013709213705917494,-0.0420077515301426,0.05166461294343544,0.0,0.06922017174511676,0.05823765616470446,0.09279099224368627,0.08633144860957036,-0.11942459220575544,0.059697848647501224,0.0,-0.06256595918555409,0.0,0.11655648166770255
2021-03-29,-0.0765342869994667,-0.04682273761476761,0.013094589071367343,-0.0430118103091567,0.050176833804262314,0.0,0.0689644489658418,0.06032214122465423,0.09271988592626101,0.08674353806849733,-0.11940630178207616,0.06005712221268219,0.0,-0.0625961853478849,0.0,0.11686723864687343
2021-03-30,-0.07549497206141506,-0.045175083722687,0.013154768503797912,-0.04454409127982576,0.04519233815118566,0.0,0.07074729217806912,0.06242928523847093,0.09272336032216641,0.08564555524555928,-0.12505605855658167,0.053312857011144014,0.0,-0.06267320380477927,0.0,0.11569571176294646
2021-03-31,-0.07637453433997045,-0.045726752726478255,0.014045687362201964,-0.04688492239599807,0.04721156088489857,0.0,0.070048022552841,0.06577231338690918,0.11787264116745483,0.06515925565719388,-0.12776469065386892,0.05526720617077984,0.0,-0.06591536546886838,0.0,0.11711653135578035
2021-04-01,-0.07580054364584267,-0.04206990023556956,0.014399406128527574,-0.044918643253667345,0.044263683282486074,0.01582370757518031,0.06166957800562965,0.05543152440031115,0.09354365367018459,0.08364483959342257,-0.12104058391568101,0.05614790934792618,0.0,-0.0634788564733636,0.0,0.1137096367902436
2021-04-02,-0.07584554889418081,-0.04209487850375334,0.014407955524317714,-0.04494531291324246,0.04428996407102232,0.015833102625067794,0.061706193240027164,0.055464435899377086,0.09359919358007697,0.08369450225541737,-0.12111244964745689,0.05618124618803748,0.0,-0.062045713092725885,0.0,0.11524798274276848
2021-04-05,-0.09308669091201857,-0.053538053658262294,0.017631781511104633,-0.05500196998088997,0.056358629788234076,0.023070905783717125,0.07363887110568045,0.06619008938464385,0.0,0.0,-0.13659106373972738,0.08266743232254811,0.0,-0.07746727393761652,0.0,0.141791222124659
2021-04-06,-0.07360925928189843,-0.04172648205799937,0.014729111342570171,-0.04416363401917121,0.04372471609675635,0.019053821922634735,0.058127348799185755,0.053322599883062316,0.0,0.0915164056986457,-0.1131903308260884,0.061038155875550754,-0.08271208100299345,-0.04600439609032651,0.03969503396007226,0.0885290566512404
2021-04-07,-0.09291403600418925,-0.05388699974646036,0.01872860195246598,-0.056878524128948026,0.05492621808715649,0.024117236988748115,0.07387580662741745,0.06948890012874158,0.0,0.0,-0.15834404434746163,0.06406411748460199,0.0,-0.07039121998103827,0.0,0.1520169418510253
2021-04-08,-0.09547722312802982,-0.05495999085430667,0.018354395662432164,-0.05508175444330291,0.05551620307894969,0.02641033558184067,0.0722433099884063,0.06970351543887487,0.0,0.0,-0.15191970063407992,0.07195366345399166,0.0,-0.06923471844793072,0.0,0.15463864564014085
2021-04-09,-0.08989070303916137,-0.051027601466368346,0.01692516823336833,-0.05488849882046156,0.052748027793893315,0.02439269980546717,0.06956706743836724,0.06602417652163187,0.0,0.0,-0.1540477436159474,0.058684227943412264,0.0,0.0,0.0,0.2127319715593596
2021-04-12,-0.08982662093533514,-0.051835422999327405,0.016862202931877214,-0.05462332058161559,0.05208070047751134,0.022054201209896873,0.07035636012668298,0.06865630563406415,0.0,0.0,-0.15860753851775108,0.05454002893040424,0.0,0.0,0.0,0.21314756744815536
2021-04-13,-0.08857828750264901,-0.0493904538334868,0.018352519366069596,-0.05765209927154217,0.05226316278019207,0.024731456966153854,0.0694703522993902,0.06750838792801142,0.0,0.0,-0.15459913013907464,0.05937422983467295,0.0,0.0,0.0,0.21397335997374758
2021-04-14,-0.07306416150471101,-0.041145051890973436,0.014924296341496564,-0.046383782214221805,0.04444885794061046,0.0,0.06546566735865163,0.06560276665214072,0.09045348163721517,0.08506381031418765,-0.12317978618068325,0.05233750577071957,0.0,0.0,0.0,0.1755172919514028
2021-04-15,-0.07848726857577223,-0.03977667515469594,0.016989156687164806,-0.033091060739861525,0.04077017779554724,0.01609052745686243,0.05559472617903,0.055888729726054895,0.08753728385744616,0.08080687730004839,-0.09159730757274441,0.07674685358475011,0.0,0.0,0.0,0.16834416115749454
2021-04-16,-0.07207488022709499,-0.03576386766334289,0.015578661727929021,-0.04511049719451824,0.04126081696032773,0.01602736340134885,0.055976450643674736,0.05526327580753382,0.08783252528094387,0.08069538153194128,-0.09416835649539072,0.07435955031749442,0.0,0.0,0.0,0.16852790681288515
2021-04-19,-0.07146551226247264,-0.0366634002746173,0.01610517756968912,-0.04406543410277158,0.04114443926337205,0.016337043129254818,0.05544622249878283,0.05537181931814094,0.08899656957945393,0.0793029546300967,-0.0897025554573889,0.07859696875216175,0.0,0.0,0.0,0.16829952420955063
2021-04-20,-0.09049373711044403,-0.04692054328256749,0.01833202199328975,-0.037442031095778865,0.05152205130305449,0.018983343649724222,0.06214481058121105,0.06053812794809036,0.19318833348208014,0.0,-0.10466301261016935,0.08852532087191078,0.0,0.0,0.07728905217007521,0.11589928131200491
2021-04-21,-0.09308929434591139,-0.04922007091539556,0.012253578645689227,-0.03961232046920411,0.05067704623447041,0.01979671378731285,0.06301124480762887,0.06069025954678809,0.19417526437620025,0.0,-0.09716763003196606,0.09700763434423418,0.0,0.0,0.07162643938269617,0.12254882499350407
2021-04-22,-0.09680763789818173,-0.051725892410318816,0.014008549401709256,-0.041814475877248854,0.054612457897214056,0.0,0.07722164574580558,0.07252245194443899,0.2043565555874586,0.0,-0.10604188331819414,0.09831467226926445,0.0,0.0,0.09702787752370408,0.10732867806375454
2021-04-23,-0.07933756432241533,-0.04271569581978326,0.011983234299667375,-0.03503293503216249,0.0443481599718711,0.01653152378830092,0.05591004245400309,0.052279703259853365,0.0907419915808084,0.07832743789322004,-0.08582387891818029,0.0832455505558482,0.0,0.0,0.0,0.16906942947402845
2021-04-26,-0.07990026439404976,-0.042317124154977195,0.018534307772262497,-0.03661630899134637,0.04497416381828624,0.017553553319184897,0.059109029132292455,0.05573125904287225,0.09513350653382309,0.08223449877881274,-0.08154301691297332,0.09582498839966251,0.0,0.07637712601096591,0.0,0.10099087930166992
2021-04-27,-0.07398056488336437,-0.03992765936462111,0.017647129180841586,-0.0358349170405735,0.04162171878982644,0.014465476151288268,0.05764596626813275,0.05365710926015311,0.07020831922183077,0.06254779044166606,-0.07648143592810835,0.0909088345412922,0.03463416080590373,0.048368883002602926,0.057500796626557514,0.06152059084024011
2021-04-28,-0.06789167211590735,-0.03713136441265165,0.017211902406597975,-0.048701460816343745,0.04434617822630584,0.01604912013902846,0.05774315782979168,0.05279794355637476,0.06960863278788726,0.06213002986684703,-0.08262858997141632,0.0883078097800844,0.039197737096766425,0.04189238107828198,0.04773437825620371,0.08130964041701505
2021-04-29,-0.06688959834038168,-0.037236621905881485,0.01794010120565477,-0.04971301468753869,0.04590361719296603,0.015664924552552983,0.05700679072368269,0.053204003670254914,0.07137031816956402,0.06258672038596658,-0.08274766783002245,0.08903166830943417,0.03782229758392601,0.04533439429720715,0.051485553356967265,0.0749593884852822
2021-04-30,-0.06714872271032725,-0.03738972546377849,0.018409843531832646,-0.04870375618648346,0.04558299212829276,0.0157057235089686,0.05573879617521615,0.05462453607994433,0.06899241307322862,0.06077394049097213,-0.08523835428201876,0.08641369361040309,0.04188569432822107,0.04499738497420474,0.050759061452650966,0.07589560146556613
2021-05-03,-0.0671876756900177,-0.03846121676071652,0.01936704572510577,-0.04965686057038326,0.04920619670991433,0.0,0.06429415974512702,0.06117244229118188,0.0925587677816549,0.08211403096456832,-0.08025780413392648,0.09441499461229673,0.0,0.0,0.0,0.1746727987462232
2021-05-04,-0.08754378026464325,-0.029873133658955414,0.024540741384293675,-0.04014057459842168,0.050682491820622184,0.0,0.06174823878833564,0.06966749929735622,0.0972679893497252,0.08483024055658886,-0.08966244463413078,0.09243578527218325,0.0,0.0,0.06152656499905,0.12057166490726402
2021-05-05,-0.07622529658296796,-0.02612376009545802,0.021547845881209348,-0.05776566962824233,0.04886438540944105,0.0,0.06216754025062549,0.07063064652781113,0.09738519888995203,0.08427737329792565,-0.08951828590347319,0.09214428628440449,0.0,0.0,0.05639552750286758,0.1252670446850101
2021-05-06,-0.07643935393348479,0.0,0.03377724354805861,-0.061296651334574855,0.047428596831760185,0.0,0.05741926586185571,0.06666538612250239,0.09200035930068476,0.0795128895154335,0.0,0.1715132488161183,0.0,0.0,0.05293081934511208,0.1185824294710062
2021-05-07,-0.06075070203246161,-0.03337341206075844,0.026277206280267428,-0.0448275754332912,0.045342163984107314,0.0,0.055850068732639556,0.06403666309003181,0.06599733359229353,0.05716224812817221,0.0,0.16522889580677866,0.04206931408631291,0.0,0.05395864705185483,0.11127024875492383
2021-05-10,-0.05370024708482606,-0.031104515100990472,0.02390501009767623,-0.05997862363795058,0.03532243062837805,-0.016183864398649158,0.05453052223767952,0.06265157865673664,0.06704314851290513,0.058307520087135876,0.0,0.16868839592144336,0.0433377273214023,0.04448145751837584,0.060580739219797126,0.06362619918327035
2021-05-11,-0.04532383918806836,-0.0423831665576645,0.01857490260737848,-0.05370300845569988,0.03453466167006086,-0.01873830140146915,0.05186327580505084,0.05484867793223036,0.06278140155887965,0.05506289965093086,0.0,0.15998491680881122,0.04214061559900071,0.0,0.07880926486944065,0.08117565193937057
2021-05-12,-0.06251524023755424,-0.03826213066212014,0.014769982193455483,-0.044348023940135914,0.0,-0.027118837382117938,0.06038293311054951,0.0723936065405983,0.06093349997848695,0.05236186922495573,0.0,0.15989537703326576,0.046600007829823056,0.0,0.07848623738296144,0.08140913965030429
2021-05-13,-0.06117473162392001,-0.037453535048222804,0.014862985284268979,-0.04867205321260836,0.02906964121537878,-0.01992812277833993,0.052190838913055156,0.06097470226224629,0.05665127759854661,0.05066479758809058,0.0,0.16216330516902017,0.05484722998238298,0.0,0.05298763249882376,0.1091756726701964
2021-05-14,-0.048455826832655244,-0.04333489069311713,0.0177677233568737,-0.05229802803930979,0.030816962105071635,-0.016732898584509527,0.05358205884592093,0.06072454938645376,0.05905024889240734,0.05207711493816912,0.0,0.16185646892195585,0.0507291050913794,0.0,0.051261810504730304,0.11059465841722556
2021-05-17,-0.04622573685613649,-0.042029946325254086,0.01757176714819182,-0.05634056635689686,0.03092409300111844,-0.018972156570032525,0.053014176418932905,0.05925759069639539,0.057300338837142424,0.050656555452636275,0.0,0.16216801668647926,0.05421112239670057,0.0,0.05668545868478321,0.10548255800169608
2021-05-18,-0.04761466764914177,-0.04544816850242264,0.0191459121563175,-0.05918609143158848,0.0,-0.0295518816308351,0.06720481459087402,0.07463814351776127,0.0905058552448925,0.0808889844945779,0.0,0.1713948397394704,0.0,0.0,0.061460968504866535,0.10993387123460385
2021-05-19,-0.07104486284917359,-0.042223238739189026,0.015919416814257115,-0.048789866541978553,0.0,-0.03413966948053479,0.06597777514503525,0.07785994031902822,0.09421834232093504,0.08375904262366325,0.0,0.17797738494459828,0.0,0.04364191677924941,0.057055476644739464,0.07727999152060942
2021-05-20,-0.07497198436652984,-0.04168023409974902,0.0307351215816214,-0.09476286680129357,0.0,0.0,0.113066526922919,0.1290836799262748,0.0,0.0,0.0,0.24215020684919383,0.0,0.0,0.06573122774479644,0.17641897910439738
2021-05-21,-0.0562970680614224,-0.030081099068956754,0.02297079595132569,-0.06864391209262236,0.04108648453810714,0.0,0.06433420737963172,0.07257218325658832,0.09267288795392523,0.08531998722040195,0.0,0.1779928751743272,0.0,0.0,0.07131785065527299,0.10667502451905422
2021-05-24,-0.06466479721429591,0.0,0.028777554628235922,-0.07677620658258957,0.04162005340336959,0.0,0.059901798396942686,0.06869670662480912,0.08813037833088458,0.08208818009423682,0.0,0.1702185584251214,0.0,0.0,0.0657648901622313,0.10445366826289011
2021-05-25,0.0,0.0,0.0454722646630364,-0.11407294374481676,0.03819806918868194,0.0,0.055804031285458966,0.06554310793371225,0.08333296058449584,0.07621224782335732,0.0,0.15954520840785316,0.0,0.0,0.06338757049113493,0.09615763791671822
2021-05-26,0.0,0.0,0.15592591116154766,0.0,0.04064528101848604,0.0,0.05170826898520645,0.06357236115785517,0.0529131151311491,0.048302083554608286,0.15592591116154766,0.0,0.05471071247579025,0.0,0.0671829352258815,0.08874297593566616
2021-05-27,0.0,0.0,0.04963397541970946,-0.11782543328292605,0.04393520621863834,0.0,0.0557974182197609,0.06772678426423627,0.08738948622822927,0.0800699224744062,0.10714493249677261,0.06031447620586291,0.0,0.0,0.04882454806012147,0.11863486064251402
2021-05-28,0.0,0.0,0.05169373173429182,-0.11965039453191298,0.03928807080655163,0.0,0.06257616196061803,0.06947989349903512,0.09355409943593168,0.07779002683027313,0.10887392255817582,0.062470203708028964,0.0,0.0,0.05349442063200863,0.11784970563419615
2021-05-31,0.0,0.0,0.05104094002360809,-0.12059803712211398,0.040560306819191747,0.0,0.05934886175533206,0.07172980857119823,0.0937150883714863,0.07792388877423578,0.10906127401586688,0.06257770312985518,0.0,0.0,0.048835345831896346,0.1228036313138257
2021-06-01,0.0,0.0,0.044925830396457735,-0.11863215029090252,0.03812150856651392,0.0,0.05493098001342775,0.07050549210741859,0.05676504373292839,0.04975553650641562,0.11204301753746473,0.05151496314989552,0.05703740044801626,0.0,0.05842420873900609,0.1051337719483542
2021-06-02,0.0,0.0,0.04547092192468726,-0.11851490975294446,0.04187033098513579,0.0,0.05288452627929805,0.0692309744131979,0.059591851315780764,0.05090576575459001,0.12082081938375148,0.04316501229388024,0.05348821460726094,0.0,0.05518968585855996,0.10879614581907175
2021-06-03,0.0,0.0,0.04237857650262189,-0.1311637927547211,0.04646783328961864,0.0,0.05609244368296192,0.0709820922847624,0.061705478375557864,0.054726128373273834,0.17354236925734298,0.0,0.057110762508511284,0.0,0.06138056632505831,0.11216180293228466
2021-06-04,0.0,0.0,0.04943108705643138,-0.12467779074484879,0.04621102134223686,0.0,0.06177565169541331,0.06612220476363001,0.05671621980342596,0.05207678539427724,0.17410887780128018,0.0,0.06531587260357698,0.0,0.052882945016771474,0.12122593278450873
2021-06-07,0.0,0.0,0.04565135481898082,-0.12919658462132547,0.04582822439828052,0.0,0.062233426969575074,0.06678628807245068,0.054338658779013733,0.05016858010457508,0.17484793944030627,0.0,0.07034070055671748,0.0,0.060843625624237,0.11400431381606926
2021-06-08,0.0,0.0,0.043704281643362944,-0.12630704557072014,0.0,0.0,0.08434599758286565,0.08566532963121745,0.05300279030994702,0.0487325374231219,0.1700113272140831,0.0,0.06827599948101416,0.0,0.057579935581398484,0.1124313916326846
2021-06-09,0.0,0.0,0.15356768266129495,0.0,0.0,0.0,0.0750325019143062,0.07853518074698872,0.04545837444643926,0.041575143280596284,0.0,0.0,0.06653416493425937,0.0,0.04552007086586649,0.10804761179542847
2021-06-10,0.0,0.0,0.14974925523468782,0.0,0.036929309823101754,0.0,0.052848045763785975,0.0599718996478001,0.04287525562767256,0.039797001466912785,0.0,0.0,0.06707699814010248,0.0,0.0,0.14974925523468782
2021-06-11,0.0,0.0,0.16026810101404515,0.0,0.04624772301635131,0.0,0.054473278805113746,0.0595470991925801,0.04341525846653601,0.04112235889313593,0.0,0.0,0.0757304836543732,0.0,0.05251071665389938,0.10775738436014579
2021-06-14,0.0,0.0,0.16775624319586013,0.0,0.046163200839585174,0.0,0.057058262414943946,0.064534779941331,0.04748415413131115,0.04420818550323036,0.0,0.0,0.07606390356131862,0.0,0.04652177413205789,0.12123446906380222
2021-06-15,0.0,0.0,0.15549752202933462,0.0,0.039165250628961874,0.0,0.05359327917040207,0.0627389922299707,0.047880859328267376,0.04456770599714568,0.0,0.0,0.06304895670392158,0.0,0.0,0.15549752202933462
2021-06-16,0.0,0.0,0.1476268331316974,0.0,0.0,0.0,0.06912459063216352,0.07850224249953384,0.04634417363141402,0.04179153506790334,0.0,0.0,0.05949112443238001,0.0,0.0,0.1476268331316974
2021-06-17,0.0,0.0,0.16519368381630364,0.0,0.040896476327037294,0.0,0.06057569800726726,0.06372150948199912,0.052170908609491355,0.04653495151066562,-0.1271335278728814,-0.03806015594342223,0.06648782369614667,-0.0663182484968974,0.0,0.09887543531940625
2021-06-18,0.0,0.0,0.0,0.0,0.0,0.0,0.15458028781232816,0.0,0.053036834906847734,0.047201742073662664,-0.11932154919785541,-0.03525873861447273,0.054341710831817755,-0.06953105211037558,0.0,0.08504923570195258
2021-06-21,0.0,0.0,0.16315183272358058,0.0,0.0,0.0,0.0796536132075713,0.08349821951600925,0.0598849410127999,0.05250268744309495,-0.12433175789122831,-0.03882007483235227,0.05076420426768571,-0.07268353988052025,0.0,0.09046829284306035
2021-06-22,-0.14606028561397852,0.0,0.03721431434752705,0.0,0.052708507696193424,0.0,0.06139223175024997,0.0691738605150622,0.06805510659799588,0.05583390422659972,-0.14304511696876696,-0.04022948299273858,0.059385589136909986,-0.07792814740862206,0.0,0.10534645255288351
2021-06-23,-0.20416811882884578,0.0,0.0,0.0,0.061317442149590964,0.0,0.06336798328687454,0.07948269339238025,0.07276028770253785,0.05865335388658765,-0.20416811882884578,0.0,0.07275447723972024,-0.08405112822374901,0.0,0.12011699060509679
2021-06-24,-0.16001248783142724,0.0,0.03942578772548945,0.0,0.05987453429467464,0.0,0.06288004729910714,0.07668369396313492,0.07341775341932265,0.058258781306441805,-0.1994382755569167,0.0,0.06776174083115226,-0.08313792904151193,0.0,0.1163003465154048
2021-06-25,-0.16184841272274877,0.0,0.03963756148409312,0.0,0.054508388555431275,0.0,0.06547347998738048,0.08150410566403013,0.07018790043601474,0.05809705978492801,-0.2014859742068419,0.0,0.07320101398589911,-0.08474208514935906,0.0,0.11674388905748283
2021-06-28,-0.2044965713877419,0.0,0.0,0.0,0.05440683130589984,0.03187203576159236,0.051369198791956054,0.06684850552829368,0.06474927401497234,0.05724178402757212,-0.2044965713877419,0.0,0.08250551334519743,-0.08772176473163829,0.0,0.11677480665610362
2021-06-29,-0.21386691536842314,0.0,0.0,0.0,0.056477018739796644,0.034036275720793915,0.05473981810698902,0.06861380280084355,0.06754986650694754,0.06040156145670875,-0.21386691536842314,0.0,0.08591548740476689,-0.09630419349132169,0.0,0.11756272187710147
2021-06-30,-0.21447370403840657,0.0,0.0,0.0,0.1221817022965395,0.0,0.09229200174186708,0.0,0.06944866964750453,0.0609135713825004,-0.21447370403840657,0.0,0.08411146300840167,-0.09990821367615128,0.0,0.1145654903622553
2021-07-01,-0.2280713132218659,0.0,0.0,0.0,0.07726944860274235,0.0,0.05592386763052055,0.09487799698860307,0.07173844758001773,0.06502265420546181,-0.2280713132218659,0.0,0.09131021143638636,-0.08860148346464806,-0.035619040879586394,0.10385078887763144
2021-07-02,0.0,0.0,0.0,0.0,0.06963449207663078,0.0,0.05254719965971013,0.0905021335289007,0.06875466540175364,0.06000868130550162,-0.21268382526524163,0.0,0.08392047855798634,-0.07959093166679253,-0.0377151851298138,0.0953777084686353
2021-07-05,0.0,0.0,0.0,0.0,0.06574315044573001,0.0,0.047102241513109704,0.08837381713181552,0.06504847924462494,0.05677394308573966,-0.20121920909065527,0.0,0.07939678676029065,-0.09554671357366742,0.0,0.10567249551698783
2021-07-06,0.0,0.0,0.0,0.0,0.08236672588915879,0.0,0.0,0.09553059945248375,0.05528242480414689,0.048391111278013134,-0.13918607565928326,-0.03871124968235926,0.07422378925948253,-0.08463114487849543,0.0,0.0932661804631471
2021-07-07,0.0,0.0,0.0,0.0,0.09398531278837648,0.0,0.0,0.10069925232813594,0.05767793221427564,0.052192970376501446,-0.19468456511651241,0.0,0.08481366252573531,-0.09558515996503124,0.0,0.09909940515148116
2021-07-08,0.0,0.0,0.0,0.0,0.0,0.0,0.0,0.0,0.051019361369271925,0.046090712313853796,-0.1348290310551409,-0.04028965278770253,0.07800861015971776,-0.07419146338157608,-0.02822695860878524,0.07270026185248214
2021-07-09,0.0,0.0,0.0,0.0,0.10017153314314374,0.0,0.0,0.10997887117403506,0.06776820619767551,0.06036341928248561,-0.2101504043171788,0.0,0.08201877883701773,-0.10908358494988928,-0.04647018655480313,0.0545966328124864
2021-07-12,0.0,0.0,0.0,0.0,0.09411920859963716,0.0,0.0,0.10392373792043332,0.06001653196787523,0.05436508995200165,-0.19804294652007046,0.0,0.08366132460019358,-0.10149406384029652,0.0,0.09654888267977395
2021-07-13,0.0,0.0,0.0,0.0,0.0,0.0,0.0,0.19031821534526255,0.06344903032643555,0.054986162882894894,-0.19031821534526255,0.0,0.0718830221359321,-0.09715460711497641,0.0,0.09316360823028613
2021-07-14,0.0,0.0,0.0,0.0,0.0,0.0,0.0,0.18319036770000682,0.054427898465836747,0.048415652910991036,-0.13091184330795308,-0.052278524392053737,0.08034681632317903,-0.07711416956034431,-0.03173535424979135,0.07434084388987114
2021-07-15,0.0,0.0,0.0,0.0,0.0,0.0,0.0,0.0,0.0,0.0,-0.2504138718089116,0.0,0.2504138718089116,-0.10949604366557107,-0.044813676896851555,0.09610415124648902
2021-07-16,0.0,0.0,0.0,0.0,0.0,0.0,0.0,0.0,0.0,0.0,-0.2514711609596866,0.0,0.2514711609596866,-0.12625408118455955,-0.06111995034731841,0.06409712942780862
2021-07-19,0.0,0.10545557299854771,0.0,0.12656886855443716,0.0,0.0,0.0,0.0,0.0,0.0,-0.16558246119167197,-0.06644198036131294,0.23202444155298488,-0.1109598904345436,-0.059520449149772385,0.06154410196866891
2021-07-20,0.0,0.11777493304546578,0.0,0.16423526985662995,0.0,0.0,0.0,0.0,0.0,0.0,-0.2820102029020958,0.0,0.2820102029020957,-0.12312994836046282,-0.09938316230277726,0.059497092238855645
2021-07-21,0.0,0.0,0.0,0.27139738515098366,0.0,0.0,0.0,0.0,0.0,0.0,-0.27139738515098366,0.0,0.27139738515098366,-0.11506972023657322,-0.09483747099738793,0.06149019391702248
2021-07-22,0.0,0.0,0.0,0.27288048821091,0.0,0.0,0.0,0.0,0.0,0.0,-0.27288048821091,0.0,0.27288048821091,-0.1129181191772488,-0.060747498120675265,0.09921487091298589
2021-07-23,0.0,0.0,0.0,0.27313449689106123,0.0,0.0,0.0,0.0,0.0,0.0,-0.27313449689106123,0.0,0.27313449689106123,-0.1194221938214772,-0.05686047848139054,0.09685182458819347
2021-07-26,0.0,0.0,0.0,0.27591409868486566,0.0,0.0,0.0,0.0,0.0,0.0,-0.27591409868486566,0.0,0.27591409868486566,-0.11925607447927135,-0.058706745562755035,0.0979512786428393
2021-07-27,0.0,0.11648619787842177,0.0,0.1646848987525888,0.0,0.0,0.0,0.0,0.0,0.0,-0.2811710966310106,0.0,0.2811710966310106,-0.12581406164923567,-0.054845907498423815,0.10051112748335113
2021-07-28,0.0,0.0,0.0,0.21438428574231982,0.0,0.0,0.21438428574231982,0.0,0.0,0.0,-0.21438428574231982,0.0,0.21438428574231982,-0.21438428574231982,0.0,0.0
2021-07-29,0.0,0.0,0.0,0.18865790205738098,0.0,0.0,0.08451096565916838,0.10414693639821256,0.06438486031938422,0.0,0.0,0.0,0.12427304173799676,-0.18865790205738098,0.0,0.0
2021-07-30,0.0,0.07024742720756735,0.0,0.1068685070388606,0.0,0.0,0.17711593424642796,0.0,0.05168144015328254,0.04254986962315077,-0.17711593424642796,0.0,0.08288462446999464,-0.17711593424642796,0.0,0.0
2021-08-02,0.0,0.09347177874524354,0.0,0.13634221810185274,0.0,0.0,0.10132785141042706,0.1284861454366692,0.0,0.0,-0.22981399684709627,0.0,0.22981399684709627,-0.22981399684709627,0.0,0.0
2021-08-03,0.09247117113935631,0.0626201261041584,0.0,0.09685865484878577,0.0,0.0,0.12083643869203321,0.13111351340026728,0.0,0.0,-0.25194995209230053,0.0,0.25194995209230053,-0.25194995209230053,0.0,0.0
2021-08-04,0.0,0.0883117486478225,0.0,0.14389258764044954,0.0,0.0,0.10391200726099345,0.12829232902727858,0.0,0.0,-0.23220433628827206,0.0,0.23220433628827206,-0.23220433628827206,0.0,0.0
2021-08-05,0.0,0.07545041322545688,0.02060079602739154,0.13536171580815895,0.0,0.0,0.11165694368772336,0.11975598137328404,0.0,0.0,-0.23141292506100736,0.0,0.23141292506100736,-0.1660207284106686,-0.06539219665033875,0.0
2021-08-06,0.0,0.0666931439746049,0.02424104831397085,0.11891552233263919,0.0,0.0,0.09869025381693233,0.11115946080428257,0.0,0.0,-0.16019276034087773,-0.04965695428033719,0.20984971462121493,-0.14996917784570624,-0.05988053677550868,0.0
2021-08-09,0.0,0.0,0.03212306956681957,0.18224022407626658,0.0,0.0,0.09462354643279466,0.1197397472102915,0.0,0.0,-0.16166199651080954,-0.052701297132276594,0.21436329364308612,-0.10028835335001544,-0.03908467181536671,0.07499026847770397
2021-08-10,0.0,0.0,0.03144815846036407,0.1829420978152431,0.0,0.0,0.09841842107767554,0.11597183519793161,0.0,0.0,-0.16459676177949498,-0.049793494496112145,0.21439025627560712,-0.10051999200400633,-0.0457853185226068,0.06808494574899401
2021-08-11,0.0,0.0,0.03564210827850453,0.1877160381269069,0.07037300422669655,0.0,0.06796692417502136,0.08501821800369355,0.0,0.0,-0.1675685307338388,-0.05578961567157267,0.22335814640541146,-0.10506184367877665,-0.04545088124628942,0.07284542148034538
2021-08-12,0.0,0.0,0.03451805501025475,0.18410174994179698,0.0,0.0,0.10131225912337265,0.11730754582867911,0.0,0.0,-0.16522135386960377,-0.053398451082447944,0.21861980495205174,-0.10702727975867789,-0.04245949665059931,0.06913302854277456
2021-08-13,0.0,0.0787593822507824,0.02505337426781139,0.1451582352410511,0.0,0.0,0.11389035039581774,0.1350806413638271,0.0,0.0,-0.24897099175964485,0.0,0.24897099175964485,-0.11519827883516258,-0.0547276337589547,0.07904507916552758
2021-08-16,0.0,0.07603790607108252,0.01961827637056426,0.1255495548742584,0.07685215608723196,0.0,0.07037388963946563,0.07397969158920759,0.0,0.0,-0.15087030237122848,-0.07033543494467667,0.22120573731590518,-0.15080554091708084,-0.07040019639882432,0.0
2021-08-17,0.0,0.08103744644514804,0.022625432814068275,0.1457344341757315,0.07575995111594543,0.0,0.08240789080237745,0.09122947151662497,0.0,0.0,-0.16267232219711922,-0.08672499123782856,0.0,-0.17303377729135289,-0.07636353614359491,0.0
2021-08-18,0.0,0.07258045330463125,0.02072124894812847,0.11873628777152898,0.0,0.0,0.0984016224595291,0.11363636756475959,0.0,0.0,-0.13311141507833035,-0.07892657494595835,0.2120379900242887,-0.12577126386094326,-0.08626672616334542,0.0
2021-08-19,0.0,0.08482673531728016,0.0,0.13334378459920077,0.0,0.0,0.0,0.0,0.0,0.0,-0.13210188297646167,-0.08606863694001927,0.21817051991648095,-0.13085945609853822,-0.08731106381794272,0.0
2021-08-20,0.0,0.06726226091750002,0.0,0.10764046849979765,0.0,0.0,0.0,0.0,-0.06367969992826356,-0.055042083511305975,-0.11082429871805356,-0.06407843069924407,0.056180945977728144,-0.10108297945233975,-0.07381974996495792,0.0
2021-08-23,0.0,0.0895172389666672,0.0,0.13566437017252422,0.0,0.0,0.09946192074797468,0.12571968839121678,0.0,0.0,0.0,-0.22518160913919144,0.22518160913919144,-0.1280215524278057,-0.09716005671138572,0.0
2021-08-24,0.0,0.08394724540694264,0.0,0.14086786672112234,0.0,0.0,0.09934520118441896,0.125469910943646,0.0,0.0,0.0,-0.224815112128065,0.224815112128065,-0.13101679408365893,-0.09379831804440603,0.0
2021-08-25,0.0,0.08492198947625543,0.0,0.1373199953942174,0.0,0.0,0.09307778735316889,0.12916419751730396,0.0,0.0,-0.13907228733873675,-0.0831696975317361,0.22224198487047284,-0.12721725570584513,-0.0950247291646277,0.0
2021-08-26,0.0,0.08467885784719673,0.0,0.13425668087033937,0.0,0.0,0.0,0.2189355387175361,0.0,0.0,0.0,-0.2189355387175361,0.2189355387175361,-0.12619842234747883,-0.09273711637005728,0.0
2021-08-27,0.0,0.09655564785787325,0.0,0.1522268232491383,0.0,0.0,0.10865894456316913,0.1401235265438424,0.0,0.0,0.0,0.0,0.24878247110701154,-0.1438972217857456,-0.10488524932126593,0.0
2021-08-30,0.0,0.1030075357327569,0.0,0.15528652522141537,0.07151411672365242,0.07021285636871451,0.04967284059468757,0.06689424726711773,0.0,0.0,0.0,0.0,0.25829406095417223,-0.14956144514777042,-0.1087326158064018,0.0
2021-08-31,0.0,0.10761277547936092,0.0,0.15033289414070466,0.07613972100956916,0.07562909414186586,0.047787154481254375,0.05838969998737621,0.0,0.0,0.0,0.0,0.2579456696200656,-0.15177223580286212,-0.10617343381720344,0.0
2021-09-01,0.0,0.09869487167979595,0.0,0.12984024347370565,0.06638335753270468,0.06793174915598299,0.04323543625730543,0.050984572207508475,0.0,0.0,0.0,-0.22853511515350156,0.22853511515350156,-0.1320637542685418,-0.09647136088495975,0.0
2021-09-02,0.0,0.09505190864435925,0.0,0.13363743406102876,0.06370118750586222,0.06495803488557922,0.047171753098599487,0.05285836721534707,0.0,0.0,0.0,-0.22868934270538802,0.22868934270538802,-0.10738800130885076,-0.12130134139653724,0.0
2021-09-03,0.0,0.2249896525263989,0.0,0.0,0.07824387113475245,0.09033925486507054,0.0,0.05640652652657592,0.0,0.0,0.0,0.0,0.2249896525263989,-0.2249896525263989,0.0,0.0
2021-09-06,0.0,0.10359799654288282,0.0,0.1373248991949816,0.06636879739134603,0.0766284645132034,0.041809933748117895,0.05611570008519706,0.0,0.0,0.0,0.0,0.2409228957378644,-0.2409228957378644,0.0,0.0
2021-09-07,0.0,0.0,0.0,0.0,0.0,0.15991927490464208,0.0,0.0,0.0,0.0,0.0,-0.15991927490464208,0.15991927490464208,-0.15991927490464208,0.0,0.0
2021-09-08,0.0,0.21190807326472735,0.0,0.0,0.0,0.21190807326472735,0.0,0.0,0.0,0.0,-0.11915902050290902,-0.09274905276181832,0.21190807326472735,-0.06282596904887539,-0.07956728057788817,0.06951482363796375
2021-09-09,0.0,0.22171918832267024,0.0,0.0,0.0,0.22171918832267024,0.0,0.0,0.0,0.0,0.0,-0.22171918832267024,0.22171918832267024,-0.0675281002909466,-0.086196463461865,0.06799462456985865
2021-09-10,0.0,0.1981635644285596,0.0,0.0,0.0,0.1981635644285596,0.0,0.0,0.0,0.0,-0.1981635644285596,0.0,0.1981635644285596,-0.1981635644285596,0.0,0.0
2021-09-13,0.0,0.18985243934440046,0.0,0.0,0.0,0.0,0.0,0.0,0.0,0.0,-0.18985243934440046,0.0,0.18985243934440046,-0.18985243934440046,0.0,0.0
2021-09-14,0.0,0.19040483280994022,0.0,0.0,0.0,0.0,0.0,0.0,0.0,0.0,0.0,-0.19040483280994022,0.19040483280994022,-0.09811602329326082,0.0,0.09228880951667938
2021-09-15,0.0,0.18991079223981155,0.0,0.0,0.0,0.0,0.0,0.0,0.0,0.0,-0.18991079223981155,0.0,0.18991079223981155,-0.18991079223981155,0.0,0.0
2021-09-16,0.0,0.17191596023048358,0.0,0.0,0.0,0.17191596023048358,0.0,0.0,0.0,0.0,-0.17191596023048358,0.0,0.17191596023048358,0.0,0.0,0.0
2021-09-17,0.0,0.0,0.0,0.0,0.0,0.0,0.0,0.0,0.0,0.0,-0.1890243172356936,0.0,0.1890243172356936,-0.10943299036747935,-0.07959132686821425,0.0
2021-09-20,0.0,0.19658063127867004,0.0,0.0,-0.19658063127867004,0.0,0.0,0.0,0.0,0.0,-0.10728089840300964,-0.08929973287566037,0.19658063127867004,-0.11248168789678206,-0.08409894338188798,0.0
2021-09-21,0.0,0.19072587219856332,0.0,0.0,-0.19072587219856332,0.0,0.0,0.0,0.0,0.0,0.0,-0.19072587219856332,0.19072587219856332,-0.10494911707085347,-0.08577675512770984,0.0
2021-09-22,0.0,0.0,0.0,0.0,0.0,0.0,0.0,0.0,0.0,0.0,-0.10625784460635489,-0.06040547521683004,0.16666331982318494,-0.09083084520123996,-0.07583247462194499,0.0
2021-09-23,0.0,0.0,0.0,0.0,0.0,0.0,0.0,0.0,0.0,0.0,-0.1147726463624809,-0.05047815624865295,0.16525080261113384,-0.09086633779527238,-0.07438446481586145,0.0
2021-09-24,0.0,0.0,0.0,-0.18358348692411477,0.0,0.0,0.0,0.0,0.0,0.0,-0.1306018078905299,-0.0529816790335849,0.18358348692411477,-0.10407562330336356,-0.07950786362075121,0.0
2021-09-27,-0.10775242067319289,0.0,0.0,-0.09408003076682842,0.0,0.0,0.0,0.0,0.07033233579806689,0.0,-0.2018324514400213,0.0,0.1315001156419544,-0.08407373446951986,-0.06635895611486321,0.05139976085563825
2021-09-28,-0.1177580008366436,0.0,0.0,-0.10311825020950367,-0.12442470469254376,-0.09645154635360349,0.0,0.0,0.0,0.0,-0.1547723649885524,-0.06610388605759487,0.22087625104614725,-0.09423407984312515,-0.06948878477811468,0.05715338642490744
2021-09-29,-0.1203276072774621,0.0,0.0,-0.09722854105889277,-0.11809645373348918,-0.09945969460286568,0.0,0.0,0.0,0.0,-0.15496429380421936,-0.06259185453213545,0.21755614833635487,-0.08583260481728451,-0.07023173816270559,0.06149180535636478
2021-09-30,-0.1048441294020671,0.0,0.0,-0.107143490887786,-0.09181814697895338,-0.07435848569749084,-0.04581098761340885,0.0,0.0,0.0,-0.11207836398610105,-0.09990925630375211,0.21198762028985313,-0.08496337052870394,-0.06527286992059295,0.06175137984055625
2021-10-01,0.0,0.0,0.0,-0.17862826625872363,-0.07322780855367465,-0.06448912964289504,-0.04091132806215394,0.0,0.07068715478484425,0.0,-0.11955876382237361,-0.05906950243635002,0.10794111147387939,-0.07639358109235887,-0.0542539965295132,0.04798068863685156
2021-10-04,-0.08283544206378513,0.0,0.0,-0.09200593400709055,-0.07043147649246095,-0.0630183558408317,-0.04139154373758301,0.0,0.05487026713655249,0.04658039001907261,-0.11737124051740405,-0.05747013555347162,0.07339071891525055,-0.07681477615879946,-0.05239337363742003,0.0456332262746562
2021-10-05,-0.07100829405901828,0.0,0.013920006200697343,-0.07982215037516933,-0.08812401174226013,-0.07662643889262481,0.0,0.0,0.05352969868397392,0.04636399289601452,-0.11130476158103199,-0.05344568905385297,0.06485675905489652,-0.07258980891686981,-0.04810546036576612,0.04405518135224905
2021-10-06,-0.07315418263872207,0.0,0.012731287166260102,-0.07825352305632895,-0.06558833397114715,-0.05749329870520758,-0.04105736018495639,0.0,0.0540960469876433,0.04702169566300227,-0.09109824813588643,-0.0730407447254247,0.06302125021066556,-0.0693937834994228,-0.04351903929088064,0.05122617007100771
2021-10-07,-0.06456606163966927,-0.029425787112559325,0.012668821353788424,-0.06226828191550985,-0.09064530781011304,-0.07828364421141383,0.0,0.0,0.057544179673417524,0.04958382637624616,-0.11735747507141374,-0.05157147695011315,0.06180094597186319,-0.07362303387970923,-0.046988412859518464,0.0483175052822992
2021-10-08,-0.06566897027957455,-0.032214899596737026,0.012294555165673408,-0.06610656190313076,-0.09343218625797366,-0.0828528006871421,0.0,0.0,0.061882392152054745,0.056579799566798566,-0.17628498694511577,0.0,0.057822795226262436,-0.07587168993791409,-0.04686383902878252,0.05354945797841916
2021-10-11,-0.06644555961969506,-0.030714353080627452,0.013752786671360415,-0.06593363470732083,-0.09262483041319847,-0.08422150366580529,0.0,0.0,0.06484513520755081,0.058516386953576534,-0.17684633407900377,0.0,0.05348481191787639,-0.070247004989339,-0.04683791868699712,0.059761410402667664
2021-10-12,-0.06986212104735612,-0.03209079149862,0.014772396901048708,-0.06765379648070002,-0.09879288073604038,-0.08558622519168445,0.0,0.0,0.06647345987619392,0.06506023593011721,-0.18437910592772486,0.0,0.05284541012141372,-0.07069432330657853,-0.048792592945109764,0.06489218967603656
2021-10-13,-0.07933901856902122,-0.033274736942722705,0.014307871589871726,-0.05584782151961087,-0.09940995333704128,-0.0833594952841852,0.0,0.0,0.06449660402266574,0.06448411662226265,0.0,0.0,0.05378872797629807,-0.06947916255307679,-0.048149865771762286,0.06514042029638739
2021-10-14,-0.09265803741600373,0.0,0.023510287170644257,-0.06031275377627154,0.0,-0.08472601001122808,0.0,0.09175506835169146,0.06273295608781432,0.0619503012694928,0.0,0.0,0.05179782100561243,-0.06702179171475542,-0.04309764391106779,0.06636164273709634
2021-10-15,-0.07531246685096628,-0.03190286473601611,0.01654156002246692,-0.05233344501487631,0.0,-0.06530646372126143,0.0,0.11078387290306421,0.0686244284182645,0.06914622027807049,-0.11568972989763406,0.06040060672669157,0.03831968792799063,-0.06597121910082156,-0.041660168161658614,0.06845894936184548
2021-10-18,-0.07237721681999837,-0.026693759644873333,0.01405212618596946,-0.05031332025182093,0.0,0.0,0.0,0.1634364229026621,0.066400488877649,0.06949673141973362,-0.1095852462067618,0.053851176695900324,0.027539202605279495,-0.078134450489813,0.0,0.08530197241284912
2021-10-19,-0.07115543851898533,-0.030816518596252736,0.015041260127739117,-0.04725468256720763,0.0,0.0,0.0,0.16426789981018483,0.06721748150703617,0.06764397879143942,-0.10852861901070408,0.055739280799480755,0.029406439511709254,-0.0777496365270897,0.0,0.08651826328309514
2021-10-20,-0.0679641027573086,-0.031299971359313956,0.013886842726352072,-0.04900137172521682,0.0,0.0,0.0,0.16215228856819144,0.06525540244370216,0.06617844455590746,0.0,0.16215228856819144,0.030718441568581813,-0.07350181768912953,0.0,0.08865047087906192
2021-10-21,-0.06863302295999298,-0.030012596471567843,0.011389225568699155,-0.05155872322234692,0.0,0.0,0.0,0.0,0.0632937186558058,0.06559459286584593,0.0,0.0,0.032705256700955164,-0.07310225443563685,0.0,0.08849131378697006
2021-10-22,-0.0716061080918707,-0.028623667995267825,0.012601675102413577,-0.04862740452261311,0.0,0.0,0.0,0.0,0.06223650705576525,0.06628626795143207,0.0,0.0,0.0329360807049679,-0.07789950279627621,0.0,0.08355935291588897
2021-10-25,-0.08453350102722161,0.0,0.01711849326778123,-0.058343972273686644,0.0,0.0,0.0,0.15999596656868947,0.05823602831153807,0.06030536722865841,0.15999596656868947,0.0,0.04145457102849298,-0.07838658009293939,0.0,0.0816093864757501
2021-10-26,-0.08819711596948769,0.0,0.018001593096553845,-0.0528326047532364,0.0,0.0,0.0,0.15903131381927793,0.0602401659552603,0.061914789427357626,0.0,0.0,0.03687635843666002,-0.07897733636246562,0.0,0.08005397745681231
2021-10-27,-0.13183708870481653,0.0,0.034033871463903055,0.0,0.0,0.0,0.0,0.1658709601687196,0.0,0.08679636220528461,0.0,0.0,0.07907459796343498,-0.06886267031108899,-0.024994830305907028,0.0720134595517236
2021-10-28,-0.09043398798969246,0.0,0.01824604623982031,0.05171825800858316,0.0,0.0,0.0,0.16039829223809593,0.056509679859863576,0.061520278335971866,0.16039829223809593,0.0,0.042368334042260494,-0.0814413826457731,0.0,0.07895690959232282
2021-10-29,-0.13200827355433292,0.0,0.023349423010219448,0.0,0.0,0.046314348665511484,0.04724267786593418,0.06180067003310671,0.06165617900154538,0.06679420295842645,0.0,0.0,0.026907314604580568,-0.072404974374934,0.0,0.0829527221896184
2021-11-01,-0.13965100544488154,0.0,0.024752620027167577,0.0,0.0,0.053672187886971284,0.04470182246781998,0.06602961511725788,0.06699007002971098,0.07469285114701589,0.0,0.0,0.022720704295322264,-0.06263844922677768,-0.03683532393823497,0.06492985230703649
2021-11-02,-0.1376418256983915,0.0,0.025722444351753602,0.0,0.05626467068502741,0.06034430449560082,0.04675529486951684,0.0,0.06257362765121759,0.07187779444386039,0.0,0.0,0.0289128479550671,-0.05914048031610387,-0.04064932240945034,0.06357446732459088
2021-11-03,-0.143867828426891,0.0,0.022430874125315244,0.0,0.07755316855288957,0.08874553399931667,0.0,0.0,0.0,0.0,-0.12011048862414686,-0.046188213928059364,0.16629870255220622,-0.06052886228385898,-0.04454803942417095,0.06122180084417632
2021-11-04,-0.1020525298890661,0.0,0.0,0.0700463062606558,0.0,0.09851295576255745,0.07358588038716446,0.0,0.0,0.0,0.0,-0.1720988361497219,0.1720988361497219,-0.06061356302691434,-0.0441141936992381,0.06737107942356947
2021-11-05,0.0,0.08754993121049337,0.0,0.08592948737155147,0.04079934195040797,0.04884239839196759,0.038275342375279485,0.04556233586438983,0.0,0.10698243983785781,0.12547528336302502,-0.04800413521901986,0.06649697874418704,-0.06306450941889707,-0.04905664714825784,0.06135826201488993
2021-11-08,0.0,0.09302166025919108,0.0,0.0958819875797416,0.06594062290591343,0.07366366735066496,0.049299357582354285,0.0,0.0,0.0,0.18890364783893265,0.0,0.18890364783893268,-0.06808931414865498,-0.05608853608520523,0.06472579760507245
2021-11-09,0.0,0.13600401165656284,0.0,0.1320816354951865,0.12813403234446907,0.13995161480728027,0.0,0.0,0.0,0.2680856471517493,0.2680856471517493,0.0,0.0,-0.100385731304806,-0.07819203040330651,0.08950788544363683
2021-11-10,-0.10930692254986989,0.09197163283092648,0.0,0.08383664345311824,0.0,0.2851151988339146,0.0,0.0,0.0,0.0,0.21187952237421778,-0.07323567645969685,0.0,-0.1116279465676623,-0.08945725372396829,0.08402999854228405
2021-11-11,-0.14570899125133663,0.08187453125715267,0.0,0.07241647749151073,0.0,0.160446577826376,0.139553422173624,0.0,0.0,0.0,0.3,0.0,0.0,-0.11681123199007055,-0.08779415003674812,0.0953946179731813
2021-11-12,-0.1525870147109294,0.07656426217627413,0.0,0.07084872311279648,0.0,0.16527146195468684,0.13472853804531318,0.0,0.0,0.0,0.3,0.0,0.0,-0.116552923662587,-0.08891868949395879,0.09452838684345416
2021-11-15,-0.3,0.0,0.0,0.0,0.0,0.1729890788623668,0.12701092113763318,0.0,0.0,0.0,0.3,0.0,0.0,-0.11917724755845956,-0.08737106136717605,0.09345169107436434
2021-11-16,-0.2676852842261063,0.0,0.0,0.0,0.08747225720184616,0.10028996651781924,0.07992306050644091,0.0,0.0,0.0,0.1902494086817273,-0.077435875544379,0.0,-0.1080076547679179,-0.07938756612550495,0.08029006333268347
2021-11-17,-0.26549010594561706,0.0,0.0,0.0,0.0,0.14558495869173035,0.11990514725388668,0.0,0.0,0.0,0.16604208446105287,-0.09944802148456415,0.0,-0.10612205169008956,-0.0735997058586586,0.0857683483968689
2021-11-18,-0.1311328225205604,0.07418002880539881,0.0,0.07138786286752626,0.0,0.16951332128209445,0.10718739291139101,0.0,0.0,0.0,0.1957469459293348,-0.08095376826415061,0.0,-0.11924735003250288,-0.07754604698803415,0.07990731717294847
2021-11-19,-0.12088132753324501,0.08978240841644404,0.0,0.08933626405031093,0.0,0.3,0.0,0.0,0.0,0.0,0.3,0.0,0.0,-0.12468951208087774,-0.08703195943941658,0.08827852847970569
2021-11-22,-0.21226943641113083,0.0,0.0,0.0877305635888692,0.0,0.30000000000000004,0.0,0.0,0.0,0.0,0.0,0.0,0.0,-0.12576973822430787,-0.08965215152683322,0.08457811024885893
2021-11-23,-0.2116948905125978,0.0,0.0,0.0883051094874022,0.0,0.3,0.0,0.0,0.0,0.0,-0.3,0.0,0.0,-0.12201726745543362,-0.08790026933746119,0.09008246320710518
2021-11-24,-0.3,0.0,0.0,0.0,0.0,0.3,0.0,0.0,0.0,0.0,-0.3,0.0,0.0,-0.1197994574966042,-0.08687890412284327,0.09332163838055252
2021-11-25,-0.21738729817420033,0.0,0.0,0.0826127018257997,0.0,0.3,0.0,0.0,0.0,0.0,-0.3,0.0,0.0,-0.11982291348332437,-0.08718904603541942,0.0929880404812562
2021-11-26,-0.05043861391750364,0.03810089325838295,-0.01147380256301175,0.04489554004440363,0.0,0.0,-0.06780820468439784,-0.07710064509890412,-0.05368914931458657,-0.07156402130689862,-0.08175258902598957,-0.06315626075731239,0.019655679161816753,-0.05852867454914394,-0.043064534534473425,0.043315640699684604
2021-11-29,-0.06819701297671525,0.044098842261345826,-0.014431100166847212,0.05748962933822139,0.0,0.04881576558053498,-0.06926599617703669,-0.066134822985558,-0.0961696297489887,-0.08804695499414095,-0.12290581849041052,-0.061310766252719175,0.0,-0.07910755971983863,-0.06267806764277138,0.042430957380519684
2021-11-30,0.0,0.06813895053878982,-0.019795173653959216,0.08325615979051075,0.0,0.0,-0.09719715565498875,-0.07399312832827105,-0.0900990328095859,-0.0810912511736739,-0.09972501881722359,-0.07146526516603621,0.0,-0.07260914874513442,-0.05860578841836086,0.039975346819764494
2021-12-01,0.0,0.05765851760299815,-0.01262336514018041,0.06162569088643349,-0.08185229867510024,0.0,-0.05005527495451181,0.0,-0.0631514273588548,-0.05628750515450439,-0.07341044974178029,-0.05849712388783176,-0.012468641116252852,-0.05631820277227183,-0.047030811424306034,0.028558559433034175
2021-12-02,0.0,0.052584477087795255,-0.012641394095818293,0.059672597570041126,0.0,0.0,-0.06167327639490202,-0.06322519235875262,-0.05849556099440481,-0.051939779084311834,-0.07776322447701715,-0.04713524427663749,-0.014463128674938028,-0.06814750182970498,-0.056750966923949674,0.0
2021-12-03,0.0,0.05830412472178784,-0.012172151991018008,0.05881015660914846,-0.04957038298794315,0.0,-0.039889100741737626,-0.039826949592273536,-0.06123048720170171,-0.054774482819435616,-0.0732610031341396,-0.05602543018781476,-0.013281463300816984,-0.07068693205983943,-0.058599501262114904,0.0
2021-12-06,0.0,0.05517412470050996,0.0,0.06292032007932717,0.0,0.0,-0.11809444477983715,0.0,-0.03920729344165195,-0.05230361146273215,-0.08149561706151844,-0.03659882771831872,-0.026583539875453064,-0.06433321483539145,-0.053761229944445675,0.0
2021-12-07,0.0,0.04752747193400882,0.0,0.06697999554377725,0.0,0.0,0.0,0.0,-0.042405159359334275,-0.03964946642000815,-0.07971915506695686,-0.03478831241082921,-0.03245284169844364,-0.06331888101383634,-0.051188586463949734,0.0
2021-12-08,-0.05659745654058027,0.025777620035972115,0.0,0.043623613211705985,0.0,0.0,0.0,0.0,-0.046425479882556346,-0.0436095439557293,-0.1259986897882584,0.0,-0.03596366594997273,-0.06929368668953984,-0.05670500309871856,0.0
2021-12-09,0.0,0.04969138619620932,0.0,0.07680631088065203,0.0,0.0,-0.12649769707686134,0.0,-0.04862028490909532,-0.04537417121476852,-0.07329246894226063,-0.05320522813460074,-0.032503240952997524,-0.04980290780145487,-0.04501938921231066,0.0316754000630958
2021-12-10,0.0,0.04774368819061621,0.0,0.07057762542991348,0.0,0.0,-0.1183213136205297,0.0,-0.048818883500754626,-0.04572271521125713,-0.06680667472787062,-0.05151463889265909,-0.023779714908517956,-0.06315571399386097,-0.055165599626668727,0.0
2021-12-13,0.0,0.045108282568700295,-0.012369523838796751,0.06151086367344634,0.0,0.0,-0.11898867008094338,0.0,-0.04580600866483926,-0.04175237425461126,-0.06803900331998826,-0.050949666760955116,-0.03143028716149286,-0.06317830169861237,-0.055810368382331034,0.0
2021-12-14,0.0,0.05243110721525932,0.0,0.06687540141051063,0.0,0.0,-0.11930650862576996,0.0,-0.046683932385418216,-0.042208493192577974,-0.0690904356892548,-0.050216072936515165,-0.030414083047773755,-0.06258296347581734,-0.0567235451499526,0.0
2021-12-15,0.0,0.04614095495992009,-0.013768367028642247,0.06004124737838109,0.0,0.0,-0.11995056936694343,0.0,-0.04678593069326609,-0.04246103349251503,-0.062018182810582106,-0.05793238655636133,-0.030703605181162323,-0.06290439467564243,-0.05704617469130098,0.0
2021-12-16,0.0,0.055651309555354314,0.0,0.06466683790343199,0.0,0.0,0.0,0.0,-0.04669835408697223,-0.041038422568432584,0.0,-0.12031814745878629,-0.03258137080338148,-0.04617177453921069,-0.043346979613974226,0.030799393305601372
2021-12-17,0.0,0.05629053356147638,0.0,0.05779923866402347,0.0,0.0,-0.11408977222549986,0.0,-0.0449233311150854,-0.039225749563945964,0.0,-0.11408977222549986,-0.029940691546468508,-0.057822500405263426,-0.05626727182023644,0.0
2021-12-20,0.0,0.06198474343959675,0.0,0.0594300182187002,-0.043910851699196736,-0.034775998416422704,-0.04272791154267753,0.0,-0.0529794002243992,-0.046541110953815246,0.0,-0.12141476165829695,-0.021894250480082506,-0.06306451459666035,-0.058350247061636606,0.0
2021-12-21,0.0,0.10636806092911487,0.0,0.0,0.0,0.0,-0.10636806092911487,0.0,-0.0416217866443742,-0.03566711647628429,0.0,-0.10636806092911487,-0.029079157808456376,-0.05237332552364054,-0.05399473540547432,0.0
2021-12-22,0.0,0.0,0.0,0.0,0.0,0.0,0.0,0.0,-0.046802295254330224,-0.039113102633081924,0.10944455811630192,0.0,-0.023529160228889755,-0.040126934438539444,-0.04212989475518657,0.02718772892257591
2021-12-23,0.0,0.0,0.0,0.0,0.0,0.0,0.0,0.0,-0.04090872984255395,-0.03497711752998166,0.10946049474844773,0.0,-0.033574647375912106,-0.04041729039328384,-0.04060723382426362,0.02843597053090026
2021-12-24,0.0,0.0,0.0,0.0,0.0,0.0,0.0,0.0,-0.04091872814487179,-0.034985666115983166,0.10948724745190658,0.0,-0.0335828531910516,-0.04031600256160197,-0.0387363118949054,0.030434932995399205
2021-12-27,0.0,0.0,0.0,0.0,0.0,0.0,0.0,0.0,-0.04455537420719262,-0.03833073363043063,0.10923691767288314,0.0,-0.026350809835259902,-0.04273915368129729,-0.038587681493208646,0.027910082498377214
2021-12-28,0.0,0.0,0.0,0.0,0.09151017348388986,0.05258137175998705,0.0,0.0,0.0,0.0,0.1440915452438769,0.0,-0.1440915452438769,-0.053367061563773174,-0.04381872036247864,0.046905763317625096
2021-12-29,-0.16694654438033482,0.0,0.0,0.0,0.07815851109326535,0.0,0.0,0.08878803328706944,0.0,0.0,0.16694654438033482,0.0,-0.16694654438033482,-0.060712258762749355,-0.0506462026308688,0.05558808298671666
2021-12-30,-0.15417710745165628,0.0,0.0,0.0,0.059655605402406435,0.0,0.03656693608025774,0.05795456596899209,0.0,0.0,0.15417710745165628,0.0,-0.15417710745165628,-0.07165171989989795,0.0,0.08252538755175835
2021-12-31,-0.15584706317105776,0.0,0.0,0.0,0.05528282179666514,0.0,0.03888053666856323,0.06168370470582937,0.0,0.0,0.15584706317105776,0.0,-0.15584706317105776,-0.07287138225127972,0.0,0.08297568091977801
2022-01-03,-0.11526561189034404,-0.04416575836497067,0.0,0.0,0.051881790390047575,0.029697988311281787,0.030264698970762702,0.047586892583222636,0.0,0.0,0.0,0.0,-0.1594313702553147,-0.06771341286934955,0.0,0.09171795738596514
2022-01-04,-0.08985553384676094,-0.037467372236334784,0.01157924601592894,-0.027662471790816035,0.05477477650009322,0.0,0.042743143071079515,0.06904670431866795,0.0,0.0,0.1665646238898407,0.0,-0.1665646238898407,-0.07248113460223828,0.0,0.09408348928760242
2022-01-05,-0.09064615322692475,-0.03643865451346708,0.011304745188725904,-0.023965714015057697,0.0,0.0,0.0693885484241022,0.09296671852007322,0.0,0.0,0.16235526694417543,0.0,-0.16235526694417543,-0.06909437933826254,0.0,0.09326088760591288
2022-01-06,-0.08137227034437725,-0.032075181141728075,0.009719165110523639,-0.028770274588697204,0.0,-0.05032181251416489,0.0,0.10161507867116129,0.0,0.0,0.0,-0.1519368911853262,-0.1519368911853262,-0.06325007402284831,0.0,0.08868681716247788
2022-01-07,-0.08187078276441799,-0.033545923310848005,0.010703504334020725,-0.029794160886249497,0.0,-0.061725428563571466,0.0,0.09418894273196475,0.0,0.0,0.0,0.0,-0.15591437129553623,-0.07300259924958746,0.0,0.08291177204594877
2022-01-10,-0.07207539807682758,-0.027897097621095962,0.009638873755041496,-0.02669181979964416,0.0,-0.1363031892526092,0.0,0.0,0.0,0.0,0.0,-0.1363031892526092,-0.1363031892526092,0.0,0.0,0.1363031892526092
2022-01-11,-0.1516103830621554,-0.058001158303592676,0.022319265705016786,-0.04811738628712505,0.0,0.0,0.0,0.28004819335788994,0.0,0.0,0.28004819335788994,0.0,0.0,-0.1331975935068199,0.0,0.14685059985107005
2022-01-12,-0.1367447102588282,-0.05764536477272009,0.024185199454629318,-0.045113127879331756,0.0,0.0,0.0,0.26368840236550933,0.0,0.0,0.26368840236550933,0.0,0.0,0.0,0.0,0.26368840236550933
2022-01-13,-0.12384289441142057,-0.050097486837091976,0.025652079226817785,-0.04003383118450408,0.0,-0.08287951252599571,0.0,0.15674677913383872,0.0,0.0,0.23962629165983443,0.0,0.0,0.0,0.0,0.23962629165983443
2022-01-14,-0.11323877938173164,-0.048583737467496065,0.019618445365455827,-0.04000369859543314,0.0,-0.07702243288055213,0.0,0.1444222279295645,0.0,0.0,0.22144466081011663,0.0,0.0,0.0,0.0,0.0
2022-01-17,-0.11153844520948808,-0.04785422952434863,0.016394893368609227,-0.044881610815686146,0.0,-0.06627669090842485,0.0,0.1543924880097072,0.0,0.0,0.22066917891813206,0.0,0.0,0.0,0.0,0.0
2022-01-18,-0.11019833631644484,-0.048722548325441206,0.013419813711585285,-0.04403757062566613,-0.06981518931452756,-0.054763231606430526,0.0,0.09179984805817937,0.0,0.0,0.21637826897913745,0.0,0.0,0.0,0.0,0.0
2022-01-19,-0.06674315729550857,-0.027490364992620347,0.007974895974429007,-0.030394115346920075,-0.04658241522687374,-0.03533463876283706,0.0,0.0506854796197672,0.0,0.0722218674455239,0.132602533609478,0.0,-0.0603806661639541,0.0,0.0,0.132602533609478
2022-01-20,-0.07055295363527668,-0.02884293642377689,0.008012207078285856,-0.02943318763574096,-0.04568423483586638,-0.044009274004455215,0.0,0.04714777593275876,0.0,0.0,0.13684128477308038,0.0,-0.13684128477308036,0.0,0.0,0.0
2022-01-21,-0.08223367488180605,-0.03087057925071956,0.0,-0.0346775737404062,-0.06368709823917719,-0.046344820958155286,0.0,0.03774990867559932,0.0,0.0,0.14778182787293181,0.0,-0.14778182787293181,-0.14778182787293181,0.0,0.0
2022-01-24,-0.07862835705084392,-0.03291601275894767,0.0,-0.032516082131185516,-0.06048415698914344,-0.043664836641938126,-0.039911458309895516,0.0,0.0,0.0,0.14406045194097708,0.0,-0.14406045194097705,-0.14406045194097708,0.0,0.0
2022-01-25,-0.08497391234161762,-0.03514369914192454,0.0,-0.03530850077172482,-0.06570636489389516,-0.04730589671357656,-0.0424138506477953,0.0,0.0,0.0,0.155426112255267,0.0,-0.155426112255267,-0.0779147827743824,-0.07751132948088464,0.0
2022-01-26,-0.13219736179475025,-0.05639954935360351,0.0,-0.05914322085904774,-0.11896274547520498,-0.08571315589053745,-0.043064230641659054,0.0,0.0,0.0,0.2477401320074015,0.0,0.0,-0.15974881320142123,-0.08799131880598025,0.0
2022-01-27,-0.06629119377341885,-0.025361344660279613,0.006388354148777047,-0.03553876081796171,-0.05127498387612788,-0.03695940267321219,-0.01866574463065865,0.026679522220438495,0.0,0.0,0.0,0.0,0.13357965340043723,-0.06242733706798494,-0.03498421874537897,0.03616809758707332
2022-01-28,-0.12147215581659641,-0.04514472442334657,0.0,-0.06995855106636484,-0.09861089782522264,-0.0721682143144747,-0.0657963191666105,0.0,0.0,0.0,0.0,-0.23657543130630782,0.0,-0.09137026948335567,-0.08877109098633933,0.05643407083661281
2022-01-31,-0.09813666013135613,-0.038651143676032666,0.0,-0.062268052136160136,-0.07671288669625025,-0.072578299785944,-0.04976466946135472,0.0,0.19905585594354894,0.0,0.0,-0.19905585594354894,0.0,-0.0775098654950405,-0.07508742121558087,0.046458569232927495
2022-02-01,-0.1374823186246134,-0.05458648190707739,0.0,-0.08377109952494564,-0.10280445011778279,-0.0994651250460849,0.0,0.07357032489276881,0.0,0.0,0.0,0.0,0.0,-0.12040568543202548,-0.0865679777192496,0.06886623690536141
2022-02-02,-0.05484263951110023,-0.019784211588923732,0.0,-0.030957042183568755,-0.04038363532504265,-0.03170590778859683,0.0,0.03349435016995321,0.0,0.07582692249271426,0.1055838932835927,0.0,0.02975697079087844,-0.1055838932835927,0.0,0.0
2022-02-03,-0.07781484884488482,-0.02892942651860579,0.0,-0.04730399848278129,-0.0533095676493548,-0.049112571467743206,-0.051626134729173885,0.0,0.07890623820980067,0.07514203563647122,0.0,0.0,0.0,-0.1540482738462719,0.0,0.0
2022-02-04,-0.07538351639439214,-0.030161474111364408,0.0,-0.0420937445007971,-0.04959350126607286,-0.04575964917770567,-0.05228558456277509,0.0,0.0759684069572969,0.07167032804925674,0.14763873500655364,0.0,0.0,0.0,0.0,0.0
2022-02-07,-0.08151195767148026,-0.032158166863520916,0.0,-0.05004745536208871,-0.045698010899514335,-0.04196106715133507,-0.0450527982635055,0.031005703582734984,0.08501361011748153,0.07870396977960835,0.16371757989708988,0.0,0.0,0.0,0.0,0.16371757989708988
2022-02-08,-0.08058888470404353,-0.03225134820766341,0.007580638868031262,-0.05172808206199439,-0.04661089014833684,-0.04372168679750338,-0.04773509290318608,0.03408128399270634,0.0,0.1721489538417326,0.1721489538417326,0.0,0.0,0.0,0.0,0.1721489538417326
2022-02-09,-0.05369007061761476,-0.021131825995031377,0.005169974837325921,-0.03236213303228942,-0.031384623080761065,-0.023488123388209346,-0.023375182352133154,0.0341060756611579,0.0,0.0,0.11235400448226149,0.0,-0.11235400448226149,0.0,0.0,0.11235400448226149
2022-02-10,-0.05302915939918144,-0.02251488388950928,0.0046160966439373246,-0.031874076969474176,-0.03191500136164929,-0.029565338119846633,-0.02176294563610538,0.02879093178450093,0.0,0.0,0.11203421690210222,0.0,-0.11203421690210222,0.0,0.0,0.11203421690210222
2022-02-11,-0.04966464221327521,-0.02037883274915008,0.0,-0.03292044105795181,-0.03429023691636301,-0.024340681345687596,-0.02555374687738601,0.01877925088094049,0.04335197303036818,0.039644476960940166,0.1029639160203771,0.0,-0.01996746602906876,0.0,0.0,0.1029639160203771
2022-02-14,-0.048573645205511794,-0.020039220238648216,0.0,-0.03001796412249234,-0.03962947009261861,-0.02769362918336607,-0.03130773029066766,0.0,0.04621820801719395,0.04290878369228161,0.09863082956665235,0.0,-0.009503837857176765,0.0,0.0,0.09863082956665235
2022-02-15,-0.08195321968310612,-0.03505474356186167,0.0,-0.04763557061629379,-0.05693025381323714,-0.05153935294380521,-0.05617392710421921,0.0,0.08416855473789331,0.08047497912336826,0.16464353386126157,0.0,0.0,-0.07060721732659354,0.0,0.09403631653466801
2022-02-16,-0.07746536328527219,-0.03288962868358723,0.0,-0.04521043544771092,-0.0518892486007843,-0.04892923404879078,-0.05474694476699526,0.0,0.078999149654292,0.07656627776227835,0.15556542741657034,0.0,0.0,0.0,0.0,0.15556542741657034
2022-02-17,-0.07871468101008285,-0.031383125924320125,0.0,-0.04486506170010116,-0.061949686559473395,-0.04405258822576149,-0.04896059384926927,0.0,0.07839625082911493,0.07656661780538923,0.15496286863450415,0.0,0.0,0.0,0.0,0.15496286863450415
2022-02-18,-0.07751777311507328,-0.027096551982095193,0.0,-0.03904615023606064,-0.05685787849006902,-0.040467534101640855,-0.046335062741519224,0.0,0.0767613247538637,0.0668991505793654,0.1436604753332291,0.0,0.0,0.0,0.0,0.0
2022-02-21,-0.07624033988951887,-0.026650021665125086,0.0,-0.04048662785041378,-0.055995874090193985,-0.03985401855420796,-0.047527096760655786,0.0,0.0766098512511829,0.06676713815387482,0.14337698940505772,0.0,0.0,0.0,0.0,0.0
2022-02-22,-0.08245955624232736,-0.029041632531111115,0.0,-0.04391905497585152,-0.06017522533106537,-0.04260313883429483,-0.05264187958392975,0.0,0.08653632810702729,0.0688839156422627,0.15542024374928998,0.0,0.0,-0.15542024374928998,0.0,0.0
2022-02-23,-0.0876904918248,-0.03036265635207808,0.0,-0.045157991102251646,-0.06434244285314461,-0.04462873492889519,-0.05423996149708996,0.0,0.09095076139234821,0.07226037788678152,0.16321113927912975,0.0,0.0,0.0,0.0,0.0
2022-02-24,-0.07649745335007474,-0.027860898646501386,-0.0165898890927829,-0.04468335511772058,-0.04443765140936764,-0.029288724663889494,-0.04291694054160108,-0.048988279592221365,0.09470189225216372,0.0709297039549159,0.1656315962070796,0.0,0.0,-0.1656315962070796,0.0,0.0
2022-02-25,-0.08787695913060746,-0.033629227804178076,-0.008719363059901982,-0.05509629381322461,-0.07027785660982082,-0.04970792431853633,-0.06533606287955493,0.0,0.106402339889251,0.07891950391866112,0.1853218438079121,0.0,0.0,-0.058876734243520155,-0.06753391217578586,0.058911197388606104
2022-02-28,-0.0752698081345805,-0.027719785675968663,-0.019125444312730614,-0.06089447605892504,-0.06868823634799434,-0.04733687947904986,-0.06698439835516064,0.0,0.09808899455769446,0.08492051962451037,0.18300951418220482,0.0,0.0,-0.05842968762157349,-0.06441699703627385,0.060162829524357524
2022-03-01,0.0,0.0,-0.15108294853409296,0.0,-0.05884766669305689,-0.03939526186718586,-0.052840019973850204,0.0,0.08079392263085641,0.07028902590323656,0.15108294853409296,0.0,0.0,-0.05016605053468938,-0.053767178978337916,0.04714971902106565
2022-03-02,-0.0766835832521096,-0.027988862277584386,-0.020974543158852322,-0.03255456379495401,-0.05905577686163885,-0.04169904792053703,-0.05744672770132443,0.0,0.08389341464303135,0.07430813784046898,0.15820155248350035,0.0,0.0,-0.07695991720058988,-0.08124163528291041,0.0
2022-03-03,-0.07127750171237744,-0.027698845104411316,-0.022942886511408734,-0.04258722192224838,-0.048685807701594766,-0.034490145640308285,-0.04924663725053815,-0.03208386465800468,0.08828020281858227,0.0762262524318636,0.1274515351555483,0.037054920094897574,0.0,-0.0619636474453483,-0.05101010207705578,0.051532705728041805
2022-03-04,0.0,0.0,-0.06371889424525101,-0.08207870949444616,-0.04046992686568239,-0.028184542377133526,-0.035735126957766504,-0.04140800753911476,0.07755995591229874,0.06823764782739845,0.11071641908630428,0.0350811846533929,0.0,-0.054967848363321574,-0.0487046379992012,0.04212511737717439
2022-03-07,0.0,0.0,-0.05146978627709286,-0.08462181664778136,-0.037909573080140535,-0.0264169653329843,-0.0330332403389921,-0.03873182417275729,0.07233966531431152,0.06375193761056269,0.1360916029248742,0.0,0.0,-0.06870463084450759,-0.06738697208036665,0.0
2022-03-08,-0.07403849612588541,0.0,-0.024845154527581726,-0.05402433528183905,-0.042969937449655354,-0.02992762015590303,-0.03674023415729885,-0.04327019417244896,0.08129951298004215,0.07160847295526404,0.1529079859353062,0.0,0.0,-0.05944604108564189,-0.059068232151665304,0.034393712697998985
2022-03-09,-0.06419603033186481,-0.022895454368951875,-0.014564639552972668,-0.03974150975769479,-0.04271308169271284,-0.029620077819485908,-0.030764816046723573,-0.038299658452561815,0.07179447287766993,0.06960316113381419,0.14139763401148417,0.0,0.0,-0.049912170067617785,-0.05270078582905007,0.03878467811481627
2022-03-10,-0.06557724309536941,-0.02347764483107616,-0.013567302155059982,-0.037849309163734204,-0.04162536433119677,-0.029245945579870123,-0.030294880848528893,-0.03930530848564398,0.07198620479161476,0.06848529445362499,0.14047149924523974,0.0,0.0,-0.041587621174368074,-0.05243003854270523,0.04645383952816645
2022-03-11,-0.06751900787649748,-0.022803834837330943,-0.0140537005666492,-0.035754873051589225,-0.04254828515215705,-0.029971581834936246,-0.029773270291677117,-0.037838279053296404,0.0718190669678567,0.06831234936421014,0.14013141633206683,0.0,0.0,-0.040209667477794385,-0.05083090831183353,0.049090840542438896
2022-03-14,-0.06571122202261023,-0.025989518263539655,-0.011476581126407762,-0.034949461055554416,-0.04327431918645487,-0.030643000022145195,-0.02856445768415747,-0.03564500557535452,0.07184702271242276,0.06627975975568934,0.13812678246811205,0.0,0.0,-0.038567127636479716,-0.04836755076823322,0.05119210406339913
2022-03-15,-0.0667798150461842,-0.027748936541715386,-0.01082198113901078,-0.03056935771290194,-0.04070947416344027,-0.029312286219543997,-0.029333167881918722,-0.03656516217490933,0.07032620158938475,0.06559388885042756,0.13592009043981232,0.0,0.0,-0.03621354492881485,-0.04755018875015207,0.052156356760845374
2022-03-16,-0.0670143938815005,-0.02608476026727197,-0.009169827714058049,-0.031891640364829485,-0.04518503276075301,-0.032406010548379785,-0.03197647359590439,-0.02459310532262284,0.06843752284683997,0.06572309938082004,0.13416062222766,0.0,0.0,-0.034747434334985366,-0.04617376708895626,0.05323942080371841
2022-03-17,-0.048346599161385125,-0.019187462855192936,-0.007120070867347537,-0.022557813624456195,-0.0394644561598796,-0.028937337251697615,-0.02881015309680459,0.0,0.04538776647848905,0.04209161286315754,0.07803141284837305,0.019180533660008728,0.009732567166735194,-0.02370542989207314,-0.030207138226270004,0.04329937839003863
2022-03-18,-0.0655195913651721,-0.024122591120585124,-0.009693420608259135,-0.030795510793551518,-0.0406651700476003,-0.04312215984779096,-0.04634378399217661,0.0,0.06680745267679698,0.0633236612107709,0.10199630765724803,0.028134806230319876,0.0,-0.029285091794938132,-0.042178270051487374,0.058667752041142364
2022-03-21,-0.06303569036395247,-0.02696167967815899,-0.008320465206602798,-0.03029801256781257,-0.03584810796966116,-0.043499139078095335,-0.04926860076877029,0.0,0.06566506922069926,0.06295077859582753,0.09956103711782938,0.029054810698697427,0.0,-0.030896194996509453,-0.04172690576883245,0.05599274705118489
2022-03-22,-0.04554884204191454,-0.020483095865553688,-0.005565104911437036,-0.022774971402652854,0.0,-0.03097005983955817,-0.06340195438199997,0.0,0.043559090700805776,0.041584286742716685,0.07303980173360111,0.021332212487956997,0.00922863677803566,-0.023214870577700723,-0.030574762883044553,0.040582380760812845
2022-03-23,-0.04922495775472213,-0.017343863787480228,-0.006618933822470913,-0.023036922989355935,-0.029634297395136525,-0.023464971427049362,-0.04312540953184334,0.0,0.044792277450594116,0.04205318998179109,0.07314670712920757,0.023077971224821657,0.009379210921644005,-0.02440091285101201,-0.029051612135730057,0.04277215336728716
2022-03-24,-0.04808072281991759,-0.016467141612294334,-0.006762551946119926,-0.022441218594800423,0.0,0.0,-0.09375163497313228,0.0,0.04356964643742704,0.040286844572557365,0.07399682380236394,0.01975481117076833,0.009895143963147886,-0.02439026078773058,-0.029255034050522523,0.04010634013487919
2022-03-25,-0.04628295431920884,-0.018298433194523005,-0.006048286753620311,-0.021969653985798258,0.0,-0.03142595670781082,-0.06117337154533958,0.0,0.041843630717967144,0.039260754341413795,0.09259932825315041,0.0,0.01149494319376947,-0.023710098307091813,-0.028923149299469254,0.03996608064658934
2022-03-28,-0.047931555978760525,-0.017954337290931266,-0.006653732954947629,-0.019370372135738573,0.0,0.0,-0.091909998360378,0.0,0.04135753301265242,0.037865886224662415,0.091909998360378,0.0,0.012686579123063162,-0.023556680112722928,-0.02820966959793799,0.04014364864971707
2022-03-29,-0.04955800470927044,-0.017632498520115236,-0.0036363665240768685,-0.021967666872491316,0.0,0.0,-0.09279453662595386,0.0,0.0422316656030642,0.038165236854432454,0.07066145044133865,0.02213308618461521,0.012397634168457199,-0.023281503419258158,-0.03148177301970287,0.03803126018699282
2022-03-30,-0.04833425820872326,-0.017178348438272532,-0.005639556959543046,-0.02305704382951545,0.0,0.0,-0.04770550077214765,0.04650370666390662,0.04250578356262489,0.03733696939699273,0.09420920743605428,0.0,0.014366454476436651,-0.019289953463011485,-0.034832983729595146,0.04008627024344764
2022-03-31,-0.05098244879241651,-0.017023121603997316,-0.006777718062178037,-0.02343783075889678,0.0,-0.03367202061608138,-0.06454909860140726,0.0,0.06337730803101872,0.0,0.07616025860032603,0.0220608606171626,0.03484381118646991,-0.01696987985439083,-0.03799684207857318,0.04325439728452464
2022-04-01,-0.051953156961870105,-0.017899326664590775,-0.006544949209602917,-0.0210386156487738,0.0,0.0,-0.0974360484848376,0.0,0.05713143665914812,0.0,0.0974360484848376,0.0,0.04030461182568947,-0.019600275832855427,-0.03640551521626874,0.04143025743571345
2022-04-04,-0.049199744702207934,-0.01842265589055013,-0.005691885355243773,-0.017228274433526876,0.0,0.0,-0.0905425603815287,0.0,0.035547363189589766,0.032741385455285245,0.0905425603815287,0.0,0.022253811736653716,-0.018105610708059296,-0.0349597846645001,0.037477165008969304
2022-04-05,-0.05681654033837616,-0.023899252251947403,-0.006686132154518613,-0.021933833477951917,0.0,0.0,-0.04967309757469744,0.05966266064809664,0.0,0.0,0.10933575822279408,0.0,0.10933575822279408,-0.023645617411287994,-0.03988626200716509,0.04580387880434101
2022-04-06,-0.05425883421589671,-0.023815637054707947,-0.0070043037742014615,-0.022535973606627194,0.0,-0.023345231110523192,-0.044711183487701624,0.0395583340532085,0.0,0.0,0.1076147486514333,0.0,0.1076147486514333,-0.02552912895394154,-0.038071658130624096,0.04401396156686766
2022-04-07,-0.052435568593207915,-0.02372656546902045,-0.0074083764867729105,-0.021727855926744997,0.0,-0.035636703961280734,-0.06966166251446555,0.0,0.0,0.0,0.10529836647574628,0.0,0.10529836647574628,-0.025857588173044763,-0.0373339682127653,0.04210681008993619
2022-04-08,-0.053733296654439794,-0.02481346587044105,-0.006933152784742961,-0.02301683810031492,0.0,-0.0345337831552231,-0.03524078417759635,0.038722186077119296,0.0,0.0,0.10849675340993874,0.0,0.10849675340993874,-0.028829368887105303,-0.037871750356204284,0.041795634166629146
2022-04-11,-0.0521946953434264,-0.025354591410064714,-0.006616194338673951,-0.024805483562922153,-0.04369978436682445,-0.032717036502243384,-0.032554143786019396,0.0,0.0,0.0,0.10897096465508722,0.0,0.10897096465508722,-0.02793547540155445,-0.03893849431074857,0.04209699494278422
2022-04-12,-0.05092551760907771,-0.025576477267322397,-0.007361518024687198,-0.024971262017529756,-0.0434394098602256,-0.031801932275555965,-0.03359343278283548,0.0,0.0,0.0,0.10883477491861705,0.0,0.10883477491861705,-0.02773366378650944,-0.03934793212246311,0.041753179009644516
2022-04-13,-0.04288621624284107,-0.021700275616402136,-0.006225735101180407,-0.021678382135321334,-0.027314555907664198,-0.0313125863862115,-0.03386346680186928,0.0,0.034814205378851416,0.030556508282790117,0.09249060909574496,0.0,0.02711989543410343,-0.024991013690534587,-0.032885171830489536,0.03461442357472083
2022-04-14,-0.04248408226955941,-0.02228253035831122,-0.006117705766983113,-0.02151564126001548,-0.03816161507272832,-0.027303920361477753,-0.026934424220663156,0.0,0.03571146738592916,0.031557448671500045,0.09239995965486923,0.0,0.02513104359744002,-0.02452173760370362,-0.030506799205578562,0.03737142284558704
2022-04-15,-0.04247270088602623,-0.022276560921982373,-0.006116066848311516,-0.021509877271432915,-0.03815139166776849,-0.027296605706835536,-0.02692720855314901,0.0,0.035701900369645906,0.031548994506846555,0.09237520592775303,0.0,0.025124311051260565,-0.025662232306729125,-0.03125530894298993,0.03545766467803398
2022-04-18,-0.042481388920495224,-0.022368129486661892,-0.006115898011679798,-0.021509283482104367,-0.03888225607120124,-0.027219679220299914,-0.02637276460944011,0.0,0.03416714880211987,0.029577393789292215,0.09247469990094127,0.0,0.02873015730952917,-0.025625644555076824,-0.03119268394712889,0.03565637139873556
2022-04-19,-0.04945605836673661,-0.026447054281834876,-0.006854567995695917,-0.026027427914319872,-0.03346561895337176,-0.03649458947195337,-0.03882490013326214,0.0,0.0,0.0,0.10878510855858728,0.0,0.10878510855858728,-0.029984139869022867,-0.03769280308276127,0.041108165606803145
2022-04-20,-0.05038026355843197,-0.025409636250894877,-0.006841466002940105,-0.026159653113306598,-0.03694176357167673,-0.04291894032103407,-0.028930315032862745,0.0,0.0,0.0,0.10879101892557355,0.0,0.10879101892557355,-0.029939175879327047,-0.03888283926686854,0.03996900377937796
2022-04-21,-0.05138450396641789,-0.026342866502784727,-0.004400047493476607,-0.026630500185169152,-0.0502104988988955,-0.037433078718389565,-0.021114340530563297,0.0,0.0,0.0,0.10875791814784837,0.0,0.10875791814784837,-0.02980562484159287,-0.03953476791013444,0.039417525396121054
2022-04-22,-0.050400848714738065,-0.026506693803994803,-0.007271806849148262,-0.02423174494378382,-0.04548325596361579,-0.032538649651311397,-0.030389188696737762,0.0,0.0,0.0,0.10841109431166494,0.0,0.10841109431166494,-0.029863228862625747,-0.03925867198196783,0.03928919346707136
2022-04-25,-0.05635189590939297,-0.029328214749691498,-0.008878143847052933,-0.026321438948198498,-0.04208194738086688,-0.029707293303852113,-0.0289125214347707,-0.02017793133484617,0.0,0.0,0.0,-0.12087969345433587,0.12087969345433587,-0.03377460222801253,-0.04463679142345868,0.04246829980286466
2022-04-26,-0.05939983592814603,-0.03023794184679611,-0.010923856899518134,-0.02730783808626962,-0.04497355524321543,-0.031084394250341176,-0.02971276135623957,-0.022098761910933705,0.0,0.0,0.0,-0.12786947276072988,0.12786947276072988,-0.03733931592335495,-0.04760468496276885,0.042925471874606096
2022-04-27,-0.05868812619334059,-0.03108438381724325,-0.010577484747165165,-0.027816398878641152,-0.044839233590030704,-0.03157642529853509,-0.02946603586622898,-0.022284698881595375,0.0,0.0,0.0,-0.12816639363639015,0.12816639363639015,-0.038924290043377344,-0.04795397240829493,0.04128813118471787
2022-04-28,-0.05700991041258714,-0.03005068221714858,-0.0097694798237358,-0.029102125404542104,-0.051761255875046874,-0.036944939545099524,-0.03722600243786722,0.0,0.0,0.0,0.0,-0.12593219785801363,0.12593219785801363,-0.03871911762905379,-0.04631200555549407,0.040901074673465765
2022-04-29,-0.05753672861032516,-0.030645274790595117,-0.009701540636572154,-0.02985205379803399,-0.05446976174112357,-0.03784504905706179,-0.03542078703734105,0.0,0.0,0.0,0.0,-0.1277355978355264,0.1277355978355264,-0.04154522510511834,-0.04679653705119836,0.039393835679209725
2022-05-02,-0.05836994785091626,-0.03177024021336635,-0.00989767253307474,-0.029520672569917604,-0.05447456118180953,-0.037642280604899964,-0.03744169138056546,0.0,0.0,0.0,0.0,-0.12955853316727495,0.12955853316727495,-0.043053833697129236,-0.045981748768924524,0.04052295070122119
2022-05-03,-0.058494474973181255,-0.031280611291974285,-0.00921789804840209,-0.03094345042093613,-0.05486969391464593,-0.03827677072148967,-0.03678997009835817,0.0,0.0,0.0,0.0,-0.12993643473449376,0.12993643473449376,-0.04329165663739457,-0.046318626817243434,0.04032615127985574
2022-05-04,-0.04520172114626927,-0.025198971146309767,-0.007777756251312884,-0.025338080152731344,-0.0414496310814721,-0.0298514541828919,-0.03221544343225926,0.0,0.024108191458316237,0.023019713224928542,0.0,-0.10351652869662326,0.05638862401337848,-0.034320160345252544,-0.03717065270584503,0.0320257156455257
2022-05-05,-0.04425312087552837,-0.024972739192603555,-0.007884370318352969,-0.02546555652842943,-0.04152420697798819,-0.029519788726580662,-0.03153179121034547,0.0,0.025289273842386106,0.023609726683296275,0.0,-0.10257578691491433,0.053676786389231936,-0.03352762372178335,-0.03642166723524983,0.032626495957881134
2022-05-06,-0.04475836155910389,-0.02530919462543214,-0.008158294264173294,-0.026239114703069076,-0.032996159376712096,-0.023462595592558224,-0.02534668656471815,-0.02265952361778993,0.030306565298099254,0.028961263225367368,0.0,-0.1044649651517784,0.0451971366283118,-0.034980598346903105,-0.035711948319829934,0.03377241848504538
2022-05-09,-0.05382632999067532,-0.030407837307891178,-0.010152851996607757,-0.03133876951882704,-0.03495747930369803,-0.024567448207777558,-0.027134524711522712,-0.03906633659100297,0.0,0.0,0.0,-0.12572578881400126,0.12572578881400126,-0.041692594996591795,-0.043032414469430284,0.04100077934797919
2022-05-10,-0.0549371977719907,-0.03027481025135012,-0.010956817884024318,-0.029767423823066578,-0.035572955938747264,-0.02471500500693127,-0.02693626940793246,-0.03871201937682067,0.0,0.0,0.0,-0.1259362497304317,0.1259362497304317,-0.04153026538651233,-0.043515499005071026,0.040890485338848336
2022-05-11,-0.0538966873039279,-0.029102568548299387,-0.011125621260395749,-0.031455952436846395,-0.039981754906093674,-0.02793387668336964,-0.02875499189823144,-0.028910206061774694,0.0,0.0,0.0,-0.12558082954946945,0.12558082954946945,-0.04193253538143413,-0.04363465965218921,0.04001363451584611
2022-05-12,-0.0553689878066951,-0.0297838939826721,-0.012900480741127141,-0.02981584977844785,-0.036282709706085714,-0.025385729523688217,-0.026639300315721568,-0.039561472763446674,0.0,0.0,-0.061742621199827055,-0.06612659110911516,0.1278692123089422,-0.04259800600491608,-0.045279330808071054,0.039991875495955044
2022-05-13,-0.04591623065277054,-0.025496040334250375,-0.008899912832231535,-0.021653124399739068,-0.04247723919603525,-0.029390043854697193,-0.030098025168259063,0.0,0.026349064160847868,0.028504187429418668,-0.05446059430484145,-0.047504713914150065,0.04711205662872497,-0.03529031560209993,-0.03677113009688362,0.02990386252000795
2022-05-16,-0.044932641738886454,-0.024998513185538113,-0.009669069122186243,-0.02278821297122944,-0.04271684562757309,-0.029767504202285633,-0.02990408718798152,0.0,0.02686039045826929,0.03041331274347036,-0.055897932862909706,-0.04649050415493054,0.04511473381610062,-0.035299089247733666,-0.03640662268918134,0.030682725080925243
2022-05-17,-0.044974574419030196,-0.02461801195904219,-0.006456964751948391,-0.02581303669337094,-0.042172114659265514,-0.02964582871848222,-0.030044644445643948,0.0,0.024565984103583578,0.029687882166283083,-0.055327196170482644,-0.046535391652909035,0.047608721553525024,-0.034938442579867515,-0.03645422969604049,0.03046991554748369
2022-05-18,-0.04692521396483146,-0.02425661901251354,-0.010250219826673165,-0.029150139828225334,-0.04561181357527095,-0.032115510675115484,-0.03285486838185707,0.0,0.0,0.03953262255128608,-0.05987111238585778,-0.05071108024638573,0.07104957008095741,-0.0357287155492579,-0.0384657381910969,0.036387738891888705
2022-05-19,-0.043511360796104674,-0.023558227683026237,-0.009595026633218115,-0.02579510741746912,-0.02919682280980479,-0.020480378233102035,-0.022115812495318715,-0.030666708991592614,0.02767683050728745,0.031004346217262897,-0.046050162160549815,-0.05640956036926832,0.04377854580526779,-0.03622300514157048,-0.03764084288896858,0.02859587449927907
2022-05-20,-0.041452918316594374,-0.021904558533348526,-0.009890366934838166,-0.02934399751627918,-0.03306851345374557,-0.023520196682533998,-0.024485661524076954,-0.021517469640703755,0.027283350624512332,0.03258973692012885,-0.044118182026888206,-0.05847365927417205,0.04271875375641906,-0.03384630306478142,-0.03794005199477859,0.030805486241500236
2022-05-23,-0.042155758368089186,-0.023435531167966758,-0.0060228644847162656,-0.029798076352956213,-0.04157871343863246,-0.029984407909016724,-0.029849109026079214,0.0,0.027593819511478226,0.026784411668241633,-0.04420163974659162,-0.057210590627136786,0.04703399919400853,-0.03416367514687237,-0.036686049684225994,0.030562505542630042
2022-05-24,-0.04099031366723987,-0.022876748447028732,-0.00576395201809078,-0.029450445758291106,-0.03987749054384326,-0.029065854342131804,-0.030138115004675437,0.0,0.027876979788154482,0.025938894316995656,0.0,-0.0990814598906505,0.04526558578550035,-0.030143237580605203,-0.03581928323929394,0.03311893907075134
2022-05-25,-0.031256565498616,-0.02758306889275752,-0.005460499633864999,-0.03595216571052628,-0.040585241122531805,-0.02974166487815261,-0.02992539373508037,0.0,0.02626403258490969,0.02625879822065292,0.0,-0.1002522997357648,0.047729468930202176,-0.026110200544046506,-0.039553631439448844,0.03458846775226946
2022-05-26,-0.03295942229826727,-0.029499385063067464,0.0,-0.04057787261334685,-0.041209850283132364,-0.029929966313941632,-0.031896863377607595,0.0,0.03045074491252054,0.030831341275170208,0.0,-0.10303667997468159,0.04175459378699085,-0.02952835654508234,-0.03613301384070671,0.03737530958889252
2022-05-27,-0.035485928769126436,-0.02875546468826549,0.0,-0.04257976003328861,-0.04175692820569139,-0.03147485146323513,0.0,0.033589373821754004,0.03441501678274732,0.03305938292972743,0.0,-0.10682115349068053,0.03934675377820576,-0.02794120394215655,-0.03829263996201822,0.04058730958650577
2022-05-30,-0.03364918228314243,-0.027267086039290685,0.0,-0.043421687038413044,-0.05949374070694836,-0.04484421465389782,0.0,0.0,0.03361499447891972,0.032290874116800795,0.0,-0.10433795536084618,0.03843208676512565,-0.026948753379087777,-0.037122267608133815,0.04026693437362459
2022-05-31,-0.043266510993817606,-0.023793632688916357,0.0,-0.03554424584048745,-0.03332232376166603,-0.025291952041159946,-0.015113218571694885,0.028876895148700548,0.03785033864069363,0.02972114062575334,0.0,-0.10260438952322141,0.035032910256774456,0.0,-0.04888578147429188,0.05371860804892953
2022-06-01,-0.044392308136836034,-0.02410071250964038,0.0,-0.03774441839436988,-0.0447992163636724,-0.03322018139105791,-0.028218041286115995,0.0,0.029303422644160335,0.031875903852244356,0.0,-0.1062374390408463,0.045058112544441614,-0.023395407757867054,-0.03880825305209527,0.044033778230883974
2022-06-02,-0.04334295766969929,-0.0244471179865218,0.0,-0.0371338803064898,-0.060145777417311176,-0.04477817854539972,0.0,0.0,0.0313333052262968,0.03378554060246787,0.0,0.0,0.039805110133946206,-0.023483335234938358,-0.03903991118903321,0.042400709538739326
2022-06-03,-0.04324301442327959,-0.0243025365668699,0.0,-0.03464380673654657,-0.05934655662560277,-0.04284280110109327,0.0,0.0,0.031423009082099926,0.03301120482907353,0.0,0.0,0.037755143815522585,0.0,-0.04520552379309037,0.0569838339336057
2022-06-06,-0.042224756460255475,-0.023756245001844284,0.006141207718012479,-0.034384325186716545,-0.03774746956139594,-0.028114135928165203,0.0,0.04064492887726764,0.030541530588188055,0.0327729838611334,0.0,0.0,0.04319201991750732,0.0,-0.046714483576014536,0.05979205079081424
2022-06-07,-0.04661421266807903,-0.02579727402370441,0.0,-0.04019814288083759,-0.037008771669648374,-0.028796969572014598,0.0,0.04680388833095803,0.030683517291950433,0.03288409019036371,0.0,0.0,0.04904202209030689,-0.028264514688567683,-0.03594481014630684,0.04840030473774647
2022-06-08,-0.047327199133806466,-0.026587099596133278,0.0,-0.03959084606001886,-0.03385143703875179,-0.025060214568558305,0.0,0.05459349318264851,0.03730311078810344,0.0382144744064838,0.0,0.0,0.037987559595371354,-0.026925175143402785,-0.032571494019633745,0.05400847562692206
2022-06-09,-0.04504838640932789,-0.024971975238929595,0.0,-0.03700391308809824,-0.04677423855439147,-0.03380289747564195,-0.026447138706322294,0.0,0.035727448440947385,0.03669425458929826,0.0,-0.10702427473635572,0.03460257170611005,0.0,-0.0417509635819041,0.06527331115445159
2022-06-10,-0.046560820385420754,-0.02559888455313614,-0.008063491108483792,-0.03577575449093581,-0.03444557294937611,-0.02434329544806298,-0.03114736630476892,-0.026062715835768482,0.03789303169330934,0.038873120225111996,0.0,-0.11599895053797651,0.03923279861955518,-0.030559077156839712,-0.03422992486115404,0.051209948519982756
2022-06-13,-0.047429797542226836,-0.02615781231362309,-0.009868505249889178,-0.03618339993437195,-0.029391295735892442,-0.020724560385361013,-0.028141323124203903,-0.04138233579465368,0.04160680936893919,0.04258283631918559,-0.0646815665877979,-0.054957948452313166,0.03544986935198627,-0.03587629466730131,-0.03767112402970696,0.04609209634310278
2022-06-14,-0.054335346230341384,-0.029966119473669714,-0.010803542933018955,-0.04181998960025964,-0.034537351090370066,-0.024433460277876302,-0.034953393629450616,-0.0430007932395927,0.06926216524541148,0.06766283299187821,-0.07319282052440934,-0.06373217771288035,0.0,-0.04407731462644707,-0.04488922843937673,0.047958455171465894
2022-06-15,-0.05524172681148167,-0.030893202461031326,-0.01066294285823987,-0.04119444304583252,-0.03492845067728689,-0.024265272760328145,-0.03538259145723542,-0.04341600028173496,0.07219890241173416,0.06579341276485126,-0.06881995852094026,-0.06917235665564515,0.0,-0.04298028256631523,-0.046326583783037625,0.04868544882723257
2022-06-16,-0.05111868343732766,-0.028798555708170928,-0.012188996081430446,-0.04107201204517055,-0.031066152171541333,-0.022149224239329354,-0.032177334056680974,-0.047785536804547946,0.0681660379326698,0.06501220933942978,0.0,-0.1331782472720996,0.0,-0.04412636216377932,-0.04299860017215117,0.04605328493616908
2022-06-17,-0.06329970246779905,-0.03646413906638897,-0.014717406704628086,-0.05115800355067157,-0.03774991073515063,-0.02622898687980849,-0.04153154697987571,-0.06012880719465282,0.0,0.0,-0.0643757137401545,-0.10126353804933318,0.0,-0.05112915762814122,-0.05101653396893973,0.06349356019240668
2022-06-20,-0.06352595133203684,-0.03659447095939236,-0.011692326165259068,-0.05244702559674111,-0.038940099889720574,-0.027055941304647366,-0.041383435432352386,-0.056880297426709046,0.0,0.0,-0.06383957956369572,-0.10042019448973366,0.0,-0.05432963208439031,-0.05263133447097607,0.05729880749806297
2022-06-21,-0.06468680693230577,-0.037721816493317406,-0.00802419869307039,-0.053771512335295917,-0.038250691692790745,-0.02692076458469142,-0.041921616649383854,-0.057111261527123466,0.0,0.0,-0.07130193337321093,-0.09290240108077856,0.0,-0.05141868599950355,-0.05341011005223045,0.05937553840225549
2022-06-22,-0.06384392781007155,-0.036486768592535114,-0.013298427898045629,-0.05030471811330652,-0.036853976948363315,-0.025913286683125616,-0.041161740010408565,-0.0600048387720613,0.0,0.0,-0.06754366418919028,-0.09639017822476853,0.0,-0.053544223684265466,-0.05220029029600181,0.05818932843369154
2022-06-23,-0.06158761126421422,-0.036731601765393744,-0.01727249621500057,-0.04695685449553848,-0.03540877337914283,-0.02463814563904351,-0.04168390739859607,-0.06081773732336461,0.0,0.0,-0.07312967303315679,-0.08941889070699024,0.0,-0.05082217851922046,-0.05246430802535652,0.059262077195570056
2022-06-24,-0.06278425488659656,-0.03801008906699779,-0.01538449047522918,-0.04452804209079821,-0.0364537925197908,-0.025258503894020984,-0.041296075404497194,-0.05769850470131275,0.0,0.0,-0.07760910465749007,-0.08309777186213169,0.0,-0.05513488760844647,-0.05136980843903525,0.05420218047214002
2022-06-27,-0.062469716261574625,-0.03743167650373107,-0.015500340769547202,-0.04623575064935499,-0.0371795362468195,-0.02608712556806057,-0.04261332794530738,-0.05575749442402043,0.0,0.0,-0.08016303463688348,-0.08147444954732443,0.0,-0.054147290366780086,-0.05151443417773914,0.055975759639688705
2022-06-28,-0.05657985418481151,-0.03388258904981979,-0.01437879127202657,-0.042049051953714923,-0.03570474876478775,-0.025619333149743115,-0.039316527959195165,-0.04624967658664679,0.1468902864603728,0.0,-0.07366263408135565,-0.07322765237901716,0.0,-0.04988470902636486,-0.046447666212775456,0.05055791122123247
2022-06-29,-0.06146451339497395,-0.03659764229750025,-0.016800538751312998,-0.046486374033497445,-0.0386914946233231,-0.02782660237767975,-0.043819340655230354,-0.051011630821051424,0.0,0.0,-0.08088113965650659,-0.08046792882077805,0.0,-0.05570463944337124,-0.0513372210398047,0.0543072079941087
2022-06-30,-0.04435336220643308,-0.027725358230636217,-0.015659023651904698,-0.03883230477549248,-0.029040710387892986,-0.02109913679138565,-0.03403991731254834,-0.04239028437263951,0.0,0.0,-0.0658398552263652,-0.06073019363810129,-0.1265700488644665,-0.04552101119885029,-0.03990980045719295,0.041139237208423246
2022-07-01,0.0,-0.04143840751281211,-0.03898585851973713,-0.0728742943322226,-0.03418991542635529,-0.025192036135808837,-0.041252437029778787,-0.05266417177282896,0.0,0.0,-0.08335209320857673,-0.06994646715619512,0.0,-0.05274256402404877,-0.04999038398745447,0.05056561235326864
2022-07-04,0.0,-0.03932007124411576,-0.036577378386245,-0.07717018430757636,-0.03488859121218046,-0.02570683897823279,-0.04186136379598102,-0.050610839951542835,0.0,0.0,-0.08322653298799763,-0.06984110094993942,0.0,-0.05538218836259852,-0.0506982542941518,0.046987191281186766
2022-07-05,0.0,0.0,-0.042251850107242375,-0.07222122911636904,-0.025417538488937817,-0.018310579689997664,-0.031321601161020465,-0.03942335988365548,0.0,0.0,-0.06855116607344808,-0.04592191315016336,-0.11447307922361141,-0.04132827023448368,-0.037036781669636365,0.036108027319491386
2022-07-06,0.0,-0.024632755279036182,-0.02849119515567016,-0.053130878647960025,-0.023976227394125166,-0.01711482150321617,-0.028891097361021405,-0.03627268282430363,-0.038842506992820304,-0.0355913270685293,-0.0650051811253434,-0.041249647957322964,-0.03182099502131676,-0.040646778252970424,-0.034730139463682835,0.030877911366013106
2022-07-07,-0.052800850688396773,-0.03452028157845974,-0.021388728486960905,-0.045699945919713145,-0.03513191171391941,-0.024642544551051613,-0.04153822183392995,-0.053097128574629594,0.0,0.0,-0.09816814665723214,-0.05624166001629844,0.0,-0.06034578497907408,-0.05024830554891701,0.0438157161455395
2022-07-08,-0.05548120611689756,-0.03619728653770082,-0.019528014033918125,-0.04344111829124938,-0.03617046061897317,-0.02500178926527107,-0.039924609997954004,-0.05355076509756763,0.0,0.0,-0.0981104499601504,-0.05653717501961548,0.0,-0.06323626397371918,-0.0487873116242009,0.04262404938184578
2022-07-11,-0.06514569679631417,0.0,-0.028442620141361175,-0.05789212451797045,-0.036351444498541295,-0.02570195675425878,-0.038331997822677454,-0.05109504238016826,0.0,0.0,-0.09697154571846921,-0.054508895737176606,0.0,-0.060859876384976745,-0.04770940387523566,0.04291116119543341
2022-07-12,0.0,0.0,-0.04046885799444706,-0.0798637054450998,-0.02990697504090483,-0.02094661055807158,-0.030077099151917086,-0.039401878688653365,-0.061116355295154856,-0.059216208144392005,-0.07825434423501214,-0.042078219204534716,0.0,-0.047991632102104394,-0.03761989848824518,0.03472103284919728
2022-07-13,0.0,0.0,-0.0447351298961345,-0.07610657578035986,-0.02867751757666605,-0.019758744988476542,-0.03060171261218615,-0.041803730499165616,-0.06184138831812433,-0.059000317358370025,-0.07827660537351978,-0.04256510030297457,0.0,-0.048190933091286685,-0.03743025507519839,0.03522051751000926
2022-07-14,0.0,0.0,-0.04606629175699388,-0.0744973080835881,-0.02639135677025275,-0.017785714424507857,-0.03205216878207237,-0.044334359863749014,-0.061566001861957924,-0.058997597978624056,-0.07940002771225518,-0.04116357212832681,0.0,-0.048173361612211814,-0.036253318296343075,0.036136919932027105
2022-07-15,0.0,0.0,-0.046040747377068286,-0.07493737356662217,-0.028143236430092446,-0.019640462153258615,-0.031047323771684347,-0.042147098588655035,-0.061303621448246574,-0.05967449949544386,-0.08019471386408375,-0.0407834070796067,0.0,-0.046781897289519654,-0.03677383263664612,0.037422391017524655
2022-07-18,0.0,0.0,-0.05116155581826924,-0.09086500702198687,-0.03523524698760969,-0.024446099907904723,-0.036194600921633555,-0.046150615023108146,0.0,0.0,-0.095086669336647,-0.04693989350360911,0.0,-0.053674049938191644,-0.04549314514150074,0.042859367760563725
2022-07-19,-0.06001013614046747,0.0,-0.031711372038086647,-0.05720516319085604,-0.02934403332564354,-0.01928453053052489,-0.03039480611888431,-0.06990330139435741,0.0,0.0,-0.09966674926118271,-0.04925992210822746,0.0,-0.056904687052681355,-0.046912036292731565,0.04510994802399726
2022-07-20,-0.04984108844026548,0.0,-0.026739456827795275,-0.04437462066721766,-0.025236402425498548,0.0,-0.030464996808490512,-0.06525376670128934,0.0,0.0,-0.08152860213399346,-0.03942656380128496,0.12095516593527841,-0.044085286583813416,-0.0388438320518694,0.038026047299595585
2022-07-21,0.0,0.0,-0.03955021277145436,-0.06250256857252785,-0.02038479966491136,0.0,-0.025227630172400664,-0.0564403515066702,-0.036667458702185816,-0.043617334066195564,-0.06847551390785478,-0.03357726743612744,0.021767988575600822,-0.038566196586534415,-0.03215305042761443,0.03133353432983337
2022-07-22,0.0,0.0,-0.09599696440255322,0.0,-0.027291725175302973,0.0,0.0,-0.06870523922725025,-0.033422487686413774,-0.03992201809036446,-0.06390086057984712,-0.0320961038227061,0.02265245862577499,-0.035176248070718855,-0.03060247641682167,0.03021823991501269
2022-07-25,0.0,0.0,-0.09982649161100704,0.0,0.0,0.0,0.0,-0.09982649161100704,0.0,-0.054834282057724976,-0.06712140161256501,-0.03270508999844203,0.044992209553282064,-0.036031100085838395,-0.032061517039694114,0.03173387448547454
2022-07-26,0.0,0.0,-0.09742717645217203,0.0,-0.03129408720132037,-0.022027622297933706,-0.04410546695291795,0.0,0.0,-0.05354613012173457,-0.06583047693234045,-0.03159669951983158,0.04388104633043747,-0.03448222374485952,-0.030857814472933294,0.03208713823437921
2022-07-27,0.0,0.0,-0.0961202935089344,0.0,0.0,0.0,0.0,0.0,0.0,-0.054285736153119164,-0.06583874657650225,-0.030281546932432155,0.041834557355815226,-0.037174710437071774,-0.029301229943336796,0.029644353128525855
2022-07-28,0.0,0.0,-0.09613963778411937,0.0,0.0,0.0,0.0,0.0,0.0,-0.0637404343232031,-0.06348238513262358,-0.03265725265149578,0.03239920346091625,-0.037330892243672205,-0.028086096790756025,0.03072264874969112
2022-07-29,0.0,0.0,-0.09638772216032612,0.0,0.0,0.0,0.0,0.0,0.0,-0.06863522353052563,-0.0636083947006546,-0.03277932745967152,0.027752498629800493,-0.04004461818621519,-0.030053670057542458,0.026289433916568464
2022-08-01,0.0,0.0,-0.0843514077879358,0.0,0.0,0.0,0.0,0.0,-0.028316740663023428,-0.04046712754301556,-0.051186127384118325,-0.03316528040381748,0.015567539581896824,-0.0480567964692713,-0.036294611318664516,0.0
2022-08-02,0.0,0.0,-0.07643352672131853,0.0,0.0,0.0,0.0,0.0,-0.025996471686845445,-0.04034313758988315,-0.04544733810805799,-0.030986188613260555,0.01009391744458995,-0.07643352672131853,0.0,0.0
2022-08-03,0.0,0.0,-0.0839129107546853,0.0,0.0,0.0,0.0,0.0,-0.03487202240757927,-0.03675349880158457,-0.05123846091489846,-0.032674449839786845,0.012287389545521462,-0.05096257779000143,-0.03295033296468387,0.0
2022-08-04,0.0,0.0,-0.07899496007097555,0.0,0.0,0.0,0.0,0.0,-0.03473159967648296,-0.03588590437340443,0.0,-0.07899496007097555,0.008377456021088171,-0.04788738658267355,-0.031107573488302006,0.0
2022-08-05,0.0,0.0,-0.11151392640879138,0.0,0.0,0.0,0.0,0.0,-0.05484666877009225,-0.05666725763869912,-0.06274543758642497,-0.04876848882236641,0.0,-0.06352151319587879,-0.04799241321291258,0.0
2022-08-08,0.0,0.0,-0.1142459400505962,0.0,0.0,0.0,0.0,0.0,-0.05594691095877146,-0.058299029091824744,0.0,-0.1142459400505962,0.0,-0.04537131717813174,-0.037410025787609436,0.03146459708485504
2022-08-09,0.0,0.0,0.0,0.0,0.0,0.0,0.0,0.0,-0.03293976172023666,-0.03432046668956609,0.0,-0.07685708935811468,0.00959686094831193,-0.04213443768015805,-0.03472265167795663,0.0
2022-08-10,0.0,0.0,0.0,0.0,0.0,0.0,0.0,0.0,-0.03522491479083869,-0.037177392364596724,0.0,-0.08589432635554728,0.013492019200111846,-0.027899894094492346,-0.028699189019661602,0.029295243241393334
2022-08-11,0.0,0.0,0.0,0.0,0.0,0.0,0.0,0.0,-0.01618997250915171,-0.027416821208276456,0.0,-0.05613789398672823,0.012531100269300063,0.0,0.0,0.0
2022-08-12,0.0,0.0,0.0,0.0,0.0,0.0,0.0,0.0,-0.022158441231426938,-0.023853996261755186,0.0,-0.056229971460024085,0.010217533966841967,0.0,0.0,0.0
2022-08-15,0.0,0.0,0.0,0.0,0.0,0.0,0.0,0.0,-0.03178079106808575,-0.03293071776603035,0.0,-0.0771384865252944,0.01242697769117829,-0.038100066246742385,-0.039038420278552005,0.0
2022-08-16,0.0,0.0,0.0,0.0,0.0,0.0,0.0,0.0,-0.03205290575414657,-0.03270470690992415,0.0,-0.07702654412646388,0.01226893146239316,-0.04102626231349575,-0.03600028181296814,0.0
2022-08-17,0.0,0.0,0.0,-0.09190538228152921,0.0,0.0,0.0,0.0,-0.038076441446043045,-0.039032434750049354,-0.05737013313742229,-0.034535249144106925,0.014796506085436818,-0.05092991152270495,-0.04097547075882427,0.0
2022-08-18,0.0,0.0,0.0,-0.0922466544976876,0.0,0.0,0.0,0.0,-0.03812851601481968,-0.04005400220158889,-0.05987966167012117,-0.03236699282756643,0.014064136281279019,-0.04896187483540923,-0.04328477966227836,0.0
2022-08-19,-0.03653995000580586,-0.02457503950483039,-0.01578136224418602,-0.03499136638402987,0.0,0.0,0.0,0.0,-0.04555000215227611,-0.04709446669748512,-0.08897818293550594,-0.02290953520334622,0.019243249289090956,-0.04626765593255307,-0.038927821710578084,0.026692240495720998
2022-08-22,-0.03886373126010152,-0.02521904792312232,-0.014406596702722973,-0.033211352149995266,0.0,0.0,0.0,0.0,-0.04506581163250993,-0.046329108128065254,-0.08977153343446966,-0.021929194601472392,0.020305808275366877,-0.04519153905644731,-0.03816562997433725,0.028343559005157514
2022-08-23,-0.03758753471800135,-0.02468365230457847,-0.01389101636083551,-0.03507190611673301,0.0,0.0,0.0,0.0,-0.03647805562883467,-0.05535210845539246,-0.08880375939082424,-0.022430350109324104,0.019403945415921213,-0.04504319704895722,-0.03790140828763197,0.02828950416355914
2022-08-24,-0.03898007766527376,-0.025953576742561185,-0.013432660236585445,-0.03287987491960623,0.0,0.0,0.0,0.0,-0.03642748989269505,-0.05459422942916278,-0.08756147541868249,-0.023684714145344142,0.02022447024216881,-0.04607512168473883,-0.03781408839757054,0.027356979481717263
2022-08-25,-0.03926860029926414,-0.02463407298218575,-0.014245257911068999,-0.0336502714197283,0.0,0.0,0.0,0.0,-0.03874770993784196,-0.053842626358246416,-0.08847373689259568,-0.02332446571965152,0.019207866316158825,-0.04445319801363184,-0.039269127778216,0.028075876820399377
2022-08-26,-0.04096582174008935,-0.02434921960961617,-0.01370036708416694,-0.03356943418940559,0.0,0.0,0.0,0.0,-0.03815298564556436,-0.054547957240484016,-0.09141006161656759,-0.021174781006710424,0.019883899737229652,-0.04639979488735093,-0.03992854866737116,0.02625649906855594
2022-08-29,-0.04518467233444295,-0.027347255056272106,-0.01421277177326727,-0.03277626149145513,0.0,-0.04327580997873754,-0.0762451506766999,0.0,0.0,-0.07480791254876706,-0.0918172290435906,-0.02770373161184686,0.04471304810667037,-0.047281964910575146,-0.04264028790994629,0.029598707834916024
2022-08-30,-0.044169894348309834,-0.026028050620692807,-0.013274796242328605,-0.03277623118225663,-0.029342111931497623,-0.021044818819271935,-0.034800817359959726,-0.031061224282858603,-0.040798135479925404,-0.05732625256977732,-0.0812976762880064,-0.034951296105581495,0.018124584343885194,-0.04105877253919603,-0.04187620177165019,0.03331399808274167
2022-08-31,-0.04216164695109114,-0.026298397136948745,-0.012603902772951626,-0.03560920671100268,-0.025743635793070593,-0.01807822481494321,-0.02876542002199752,-0.044085872941982907,-0.050832101089028844,-0.05031311170143395,-0.0819390500597888,-0.03473410351220542,0.01552794078153141,-0.040776013990882536,-0.042572771931903085,0.033324367649208604
2022-09-01,-0.04343900956340777,-0.027140583645621042,-0.012115106656284163,-0.03331200394793383,-0.02435600278652342,-0.01763037258418184,-0.030494549219590824,-0.0435257792229507,-0.051128492956851464,-0.05003917349173668,-0.08120296931698803,-0.03480373449625875,0.014839037364658641,-0.03886700731424629,-0.04332122415183772,0.03381847234716277
2022-09-02,-0.0509081912580087,-0.03252860696604917,-0.013932503254109075,-0.04123879387657732,-0.0326088457183111,-0.02331475798915807,-0.03208256295463619,-0.05060192869263892,-0.06976901792215132,-0.06883907743259295,-0.09610059721351974,-0.04250749814122453,0.0,-0.05108581303833409,-0.04998291120835934,0.03753937110805085
2022-09-05,-0.050385423153859916,-0.032194575884330716,-0.016592513279692807,-0.04052334417543768,-0.03328288293589359,-0.023796682885837153,-0.03472180000291401,-0.04789449066867636,-0.07031654745986089,-0.06937930903346022,-0.09685477029969738,-0.04284108619362373,0.0,-0.05245178468657892,-0.050958460091863306,0.03628561171487888
2022-09-06,-0.05136135076504264,-0.03286091626830963,-0.015295821515705663,-0.04071040391473493,-0.03620439623177686,-0.02588413099140452,-0.036699162642602715,-0.04144080259800877,-0.07088095845484663,-0.06934753400894625,-0.09875169450363876,-0.04147679796015411,0.0,-0.05254930296090409,-0.05206883776503173,0.035610351737857045
2022-09-07,-0.050397001693060696,-0.03221823650395271,-0.01604529445605814,-0.041363002620509015,-0.0336316903412712,-0.024581877195838552,-0.03504888816321357,-0.046761079573257223,-0.07093455443188337,-0.0690889808416972,-0.09696181522801765,-0.0430617200455629,0.0,-0.051784658260127674,-0.05118744977971739,0.037051427233735494
2022-09-08,-0.05895505734719067,-0.03783872434788411,0.0,-0.0472786259863834,-0.0364411204302137,-0.027115982127728214,-0.03966027486148419,-0.04085503026203206,-0.07320990438020657,-0.07086250330125159,-0.11322993348675058,-0.030842474194707585,0.0,-0.0459475086339254,-0.05615076450095231,0.04197413454658046
2022-09-09,-0.06122582674902534,-0.03865644998375224,0.0,-0.046012074296554274,0.0,0.0,-0.14589435102933185,0.0,-0.07364180669965191,-0.07225254432967997,-0.11512819098029514,-0.03076616004903671,0.0,-0.045058092691173224,-0.05815758867227686,0.0426786696658818
2022-09-12,-0.06173760979333089,-0.04058638667329612,0.0,-0.04658381916068637,0.0,0.0,0.0,0.1489078156273134,-0.07490247103153481,-0.07400534459577858,-0.11796213768355764,-0.03094567794375576,0.0,-0.0461970756918312,-0.056986056082650366,0.045724683852831814
2022-09-13,-0.05553403882177577,-0.034498865602776374,0.0,-0.04471038011628498,-0.05103308475944657,-0.03761627513816501,-0.04609392464322553,0.0,-0.06802573507196183,-0.0667175494688753,-0.10829541036959725,-0.026447874171239866,0.0,0.0,-0.0733885322533885,0.061354752287448654
2022-09-14,-0.04965172907662462,-0.03125066281523451,0.0,-0.03977909238205472,-0.031991106514396,-0.023563037732746147,-0.027465840272595004,-0.03766149975417669,-0.051927046081132994,-0.051456572461891135,-0.09670991536814867,-0.023971568905765194,0.01729786573088973,-0.037051844033095714,-0.04608534555325952,0.03754429468755861
2022-09-15,-0.060237199292146486,-0.0375912438310875,0.0,-0.04702774765275284,-0.04137669384958102,-0.03060175893546914,-0.03534746193786184,-0.03753027605307484,-0.07283702473118141,-0.07201916604480543,-0.11515033391782493,-0.029705856858161888,0.0,-0.0468944861501937,-0.057409238583360736,0.04055246604243239
2022-09-16,-0.05952992242390318,-0.0396538165673729,0.0,-0.04650137768534077,-0.03512307526524091,-0.025397460733752895,-0.035899772116834316,-0.04926480856078873,-0.07265966969153011,-0.07302544698508674,-0.1175684422992747,-0.02811667437734213,0.0,-0.04636697649752033,-0.05807790561814718,0.04124023456094932
2022-09-19,-0.06252933105294699,-0.040298628166841106,0.0,-0.04436020154540706,-0.03414699313560073,-0.02551492903877391,-0.03817092518309891,-0.049355313407721604,-0.07353281421435381,-0.07365534655084133,-0.11765784634485975,-0.029530314420335407,0.0,-0.044514809613910605,-0.06279995462122244,0.03987339653006208
2022-09-20,-0.06221380562906514,-0.03989086808991449,0.0,-0.04672883754467897,-0.03497946276807812,-0.024580186829333186,-0.03394501866797124,-0.05532884299827604,-0.07442831609561139,-0.0744051951680472,-0.11865568614322494,-0.030177825120433665,0.0,-0.04388812495535256,-0.06284347397667797,0.04210191233162807
2022-09-21,-0.06253234718173417,-0.03940116073163327,0.0,-0.04687523056953265,-0.03910269395797056,-0.027233117115790146,-0.0325767402339737,-0.04989618717516568,-0.07424793377063686,-0.07456080471226322,-0.10815948740540184,-0.04064925107749825,0.0,-0.04471875390894902,-0.062233848331319536,0.041856136242631535
2022-09-22,-0.06399361671789969,-0.040326650209046584,0.0,-0.04435338091351431,-0.03679946021362952,-0.026104575706001266,-0.03555833480990954,-0.050211277110920244,-0.07445940348308815,-0.07421424435737241,-0.10842498167612886,-0.040248666164331676,0.0,-0.050668730400075,-0.05822144188874498,0.03978347555164058
2022-09-23,-0.0475659633705335,-0.028515324573902864,-0.011758512065753833,-0.032622532462795645,-0.028503746251983375,-0.02002612080813721,-0.027683684959145683,-0.044248780453719584,-0.05429867678864324,-0.05395773255653435,-0.08667239964842481,-0.03378993282456107,-0.012205923127808297,-0.04331226218140364,-0.049281087795588374,0.027868982495993865
2022-09-26,-0.049274051690604136,-0.029809676569805408,-0.011731712649057409,-0.030571909639245,-0.029025889079460673,-0.020047468455011652,-0.02683616151058678,-0.04547783150365284,-0.05389231405790406,-0.053859448769487776,-0.08645417476423652,-0.03493317578447544,-0.013635587721320102,-0.04715927304026806,-0.042492730435031593,0.03173534707341231
2022-09-27,-0.05068523564876623,-0.03060926632642155,-0.011957248011149203,-0.02810004428496206,-0.0282123243834611,-0.018786077539162293,-0.02683101937265065,-0.047522372976025025,-0.05267618513594837,-0.052927640690538576,-0.0857129012396981,-0.035638893031600956,-0.01574796844481211,-0.04729832042944726,-0.04202111322978535,0.03203236061206646
2022-09-28,-0.04755248483226306,-0.03311325227978777,-0.016611427276704675,-0.023724116713356627,-0.02627593413804551,-0.01782469405063747,-0.028192338433410985,-0.04870831448001818,-0.05375071643056979,-0.053242960499823196,-0.08265348005635675,-0.0383478010457554,-0.014007604171719165,-0.048885037975378985,-0.041237930928576895,0.03087831219815627
2022-09-29,-0.05756131288105586,-0.03825911533671859,-0.019964701145957074,-0.02593056882292452,-0.030102353787837193,-0.02075247929888686,-0.03272657445876739,-0.058134290641164564,-0.07139421802244039,-0.07032148016421563,-0.10052050781111165,-0.04119519037554439,0.0,-0.05452004820256221,-0.04946675414727765,0.03772889583681617
2022-09-30,-0.053218211062649255,-0.03426220621747162,-0.014846265446558305,-0.02115314173135097,-0.027538201306628936,-0.019167097991907873,-0.025719166609431344,-0.051055358550062005,-0.054064506529338384,-0.05491269556593475,-0.08736404556755646,-0.036115778890473696,-0.01450262236275702,-0.04649190183915564,-0.03965373575554162,0.037334186863332904
2022-10-03,-0.04934851235239707,-0.034311011097167055,-0.015948263253641463,-0.022971412772587303,-0.025432557516786677,-0.018619600455898475,-0.025018579227310142,-0.05350846227579759,-0.04995659873502088,-0.04732630019472546,-0.08459910771351127,-0.037980091762281634,-0.025296300546046563,-0.043706767400252526,-0.03983651954178208,0.039035912533758294
2022-10-04,-0.0554991105047886,-0.04029657790874541,-0.014626170335036442,-0.02803590284701069,-0.03200670681882798,-0.024778732684916625,-0.02337038301057056,-0.058301939081265956,-0.07092360973994538,-0.06753415185563576,-0.09077710216956987,-0.04768065942601128,0.0,-0.04910903619981802,-0.041067618907031665,0.048281106488731476
2022-10-05,-0.04635272774384985,-0.033441319969048026,-0.014344970517877581,-0.02382067110123909,-0.025715119160021678,-0.019612356014594327,-0.02248947488973506,-0.0501427392676635,-0.05182658264214932,-0.05018285592007047,-0.07432679063232102,-0.04363289869969353,-0.01595025076979478,0.0,-0.055341134637263124,0.06261855469475142
2022-10-06,-0.05677563878132953,-0.03897551504791499,-0.017258703317683526,-0.027739710514156492,-0.030869648089660154,-0.0229258610246021,-0.02518918579942432,-0.061764872747397954,-0.08665683309497448,-0.05409273456611007,-0.08906490337516941,-0.05168466428591512,0.0,-0.039805153052246495,-0.05010638784725505,0.050838026761583
2022-10-07,-0.05685825930868524,-0.038084958013889336,-0.017472865447365735,-0.026146472231722836,-0.03143124806013526,-0.023436307979145452,-0.02665731751040041,-0.057037681451982056,0.0,0.0,-0.08605040791114589,-0.052512147090517276,-0.13856255500166317,-0.04864180924894552,-0.04782288702396542,0.04209785872875222
2022-10-10,-0.050645646896748366,-0.0339737860520795,-0.01553404699933104,-0.022682733056687023,-0.026938369033943966,-0.020024589647202374,-0.02547352882538855,-0.05039972549831105,-0.04020767682354063,-0.037236368698587194,-0.08355627786264226,-0.03927993514220368,-0.04539216748271811,-0.044117671164399276,-0.04153444431975674,0.03718409752068992
2022-10-11,-0.05073482322774407,-0.03383371014208366,-0.01692045720190601,-0.023134556695008357,-0.02624831519924715,-0.019690835166332007,-0.02554636138408143,-0.053138035517081524,-0.042361884652956115,-0.03915455736825428,-0.08310750460753107,-0.04151604265921105,-0.04310710524553171,-0.046358264518282725,-0.04112733119924939,0.037137951549210006
2022-10-12,-0.05010078213668005,-0.03398499529189509,-0.017232037543720564,-0.024042014882415197,-0.026320426259636796,-0.019478834470403106,-0.024884560519027127,-0.0546760086056439,-0.04862449219803129,-0.046209506503200444,-0.08343908669158692,-0.041920743163124,-0.03052583115347918,-0.04742779857737918,-0.04282230134095442,0.03510972993637731
2022-10-13,-0.052921987480120544,-0.03503896295969399,-0.014637458034328631,-0.022657899390781278,-0.02500510004906924,-0.019510767890204606,-0.025622276678589986,-0.055118163247060585,-0.047137923276393164,-0.04538011193847921,-0.08459332237139808,-0.04066298549352635,-0.03273827265005208,-0.048905723070571915,-0.040025603928151944,0.03632498086620058
2022-10-14,-0.052855783230437194,-0.034682711334701403,-0.015174338333777161,-0.022429192640773327,-0.026030917380731954,-0.020141905629844335,-0.024384924465790412,-0.054584278063322354,-0.04731954934533058,-0.04682127545753856,-0.08389647780296021,-0.04124554773672885,-0.031001200736819955,-0.04802211973943262,-0.034086407513823275,0.04303349828643318
2022-10-17,-0.05411024871193888,-0.03629762597517631,-0.013579810217653613,-0.020201672224458986,-0.025281565270991842,-0.01947449984932637,-0.02258657642390093,-0.05684671558500862,-0.04657583673624784,-0.04617961357280996,-0.0811792104978341,-0.04301014663139368,-0.031433906820169985,-0.047974706258374265,-0.032710771738902536,0.04350387913195098
2022-10-18,-0.05300771788783943,-0.037252785249482556,-0.01322107523569985,-0.020642344268308896,-0.0247704968009831,-0.01995144945676,-0.021993489634244058,-0.057408486749343596,-0.04615331987892642,-0.046299757004373415,-0.07937041631315774,-0.04475350632817301,-0.03167084575803089,-0.04140531147739291,-0.03105057396083189,0.05166803720310595
2022-10-19,-0.05674732510686713,-0.03805578273761408,-0.011455548878156382,-0.017457649613436686,-0.02556933065973644,-0.02023593821054256,-0.02133039584075035,-0.05658064162504492,-0.04473699563888998,-0.04420065716206191,-0.08059890580347726,-0.04311740053259702,-0.03477865353512238,-0.03780713590288483,-0.03117424517081625,0.05473492526237319
2022-10-20,-0.05784429624602865,-0.03827391167082474,-0.010898760609031624,-0.017461907636799577,-0.026484969009535935,-0.020879124434073384,-0.019512713023033285,-0.057602069696042,-0.045176514458305755,-0.043408088260338165,-0.08539970908078677,-0.03907916708189783,-0.03589427344404069,-0.04097735890991177,-0.03129741143632562,0.05220410581644721
2022-10-21,-0.05515532535577826,-0.03905445891164764,-0.011265200711765625,-0.018421942228199935,-0.023479392624575785,-0.01914294308537164,-0.02026896993707832,-0.06100562156036569,-0.03225589969266765,-0.05043958353560493,-0.12389692720739144,0.0,-0.04120144397911885,-0.03549745247232075,-0.031571744729094034,0.05682773000597665
2022-10-24,-0.05957581900404036,-0.0426294254138351,0.0,-0.015171150827072972,-0.02526042714844081,-0.021661498564802116,0.0,-0.0704544695317055,-0.029103712068751904,-0.04824775678506469,-0.08233441191315484,-0.03504198333179359,-0.040024926391131845,0.0,-0.041995918639169925,0.07538047660577851
2022-10-25,-0.058504135211180454,-0.0441873552002238,0.0,-0.015643023274263954,-0.022699833004801703,-0.02050463079942196,0.0,-0.07513004988144453,-0.032089081305184224,-0.04878559163868304,-0.08109725002795459,-0.0372372636577136,-0.03745984074180093,0.0,-0.03882909505923591,0.07950541862643229
2022-10-26,-0.0562100812241715,-0.04185572764676784,0.0,-0.015311610977154298,-0.024328578117031773,-0.023031904600049797,0.0,-0.06601693713101207,-0.03555524828242973,-0.032348936846483434,-0.11337741984809363,0.0,-0.045473234719180494,0.0,0.0,0.11337741984809363
2022-10-27,-0.06821622473076351,-0.0519569235860648,0.0,0.0,-0.02875046365981555,-0.02764774536341124,0.0,-0.06377493929360149,-0.037238965717484,-0.03462639048074452,-0.12017314831682831,0.0,-0.048307792118599785,0.04728210754557532,0.0,0.07289104077125298
2022-10-28,-0.06787252758800717,-0.049394767679225474,0.0,0.0,0.0,-0.02756513262610725,0.0,-0.08970216264112539,0.0,-0.05157631580267107,-0.0864634043766814,-0.03080389089055125,-0.06569097946456155,0.0,0.0,0.11726729526723265
2022-10-31,-0.05787759541897834,-0.042695633486509954,0.0,-0.010418871450782024,0.0,-0.028782129034146967,0.0,-0.08220997132212335,-0.031185455551368035,-0.04960343553477935,-0.08073502717750254,-0.03025707317876777,-0.03020320927012294,0.0,0.0,0.11099210035627032
2022-11-01,-0.058232917393118984,-0.04106098370853046,0.0,-0.00876599627539606,0.0,-0.10805989737704551,0.0,0.0,0.0,-0.049061055362924426,-0.10805989737704551,0.0,-0.058998842014121096,0.0,0.0,0.10805989737704551
2022-11-02,-0.07270852472709237,-0.04998178490861976,0.0,0.0,-0.038341407912048715,-0.03622228047412464,0.0,-0.04812662124953879,0.0,0.0,-0.12269030963571212,0.0,-0.12269030963571212,0.0,0.0,0.12269030963571212
2022-11-03,-0.06314129899416333,-0.042931622852923866,0.0,-0.009341743054999048,-0.03890963235288191,-0.03704184962388211,0.0,-0.03946318292532223,-0.039664381795166646,-0.03686437798609608,-0.08612011765568922,-0.029294547246397015,-0.038885905120823516,-0.04199115739855955,0.0,0.0734235075035267
2022-11-04,-0.07483938985126695,-0.05380197019813942,0.0,0.0,-0.06400089112008454,-0.06464046892932183,0.0,0.0,0.0,0.0,-0.12864136004940638,0.0,-0.12864136004940638,-0.03850133235510172,-0.03232995620499421,0.05781007148931044
2022-11-07,-0.0917239592612822,-0.06516753549776912,0.0,-0.014051551384907237,0.0,-0.07463271808370706,0.09631032806025151,0.0,0.0,0.0,-0.17094304614395855,0.0,0.0,0.0,-0.05295511438857266,0.11798793175538588
2022-11-08,-0.05603390351842366,-0.040589279795479195,0.0,0.0,0.0,-0.04152265219091555,0.05510053112298732,0.0,-0.0344904217968299,-0.03236779280958931,0.0,0.0,-0.029764968707483654,0.0,0.0,0.09662318331390286
2022-11-09,-0.060612346559708624,-0.04463820509094644,0.0,0.0,-0.03217247538866813,-0.03227709420332502,0.040800982058661894,0.0,-0.03349208004906519,-0.04631385481864207,0.0,0.0,-0.025444616782947783,0.0426007668419963,0.0,0.06264978480865875
2022-11-10,0.0,-0.09215633435934924,0.0,0.0,0.0,0.0,0.051239067261617866,0.04091726709773137,-0.033485870592374754,-0.032422648660130886,0.0,0.0,-0.02624781510684359,0.0,0.0,0.09215633435934924
2022-11-11,0.0,-0.08416364618329891,0.0,0.0,0.0,0.0,0.08416364618329891,0.0,0.0,-0.04196999383828848,0.0,0.0,-0.042193652345010435,0.08416364618329891,0.0,0.0
2022-11-14,-0.04514731218518457,-0.037201655423732966,0.013997450237662867,0.0,0.0,0.0,0.09634641784658042,0.0,-0.028390999488046284,-0.04287739904536114,0.0,0.0,-0.025078019313172984,0.09634641784658042,0.0,0.0
2022-11-15,0.0,-0.06171179443804038,0.025847501021678737,0.0,0.0,0.0,0.08755929545971912,0.0,-0.03077675972503011,-0.029233941472157274,0.0,0.0,-0.027548594262531735,0.08755929545971912,0.0,0.0
2022-11-16,0.0,0.0,0.08086111510636278,0.0,0.0,0.0,0.08086111510636278,0.0,-0.024888105789846612,-0.03653018160239827,0.0,0.0,-0.019442827714117907,0.08086111510636278,0.0,0.0
2022-11-17,0.0,0.0,0.08641328590232078,0.0,0.0,0.0,0.08641328590232078,0.0,-0.03765393211807513,-0.034039151821945675,0.0,0.0,-0.01472020196229998,0.06208313157359712,0.024330154328723656,0.0
2022-11-18,0.0,0.0,0.08046413844768235,0.0,0.0,0.0,0.08046413844768235,0.0,-0.035507837254712515,-0.03167051548784829,0.0,0.0,-0.01328578570512156,0.08046413844768235,0.0,0.0
2022-11-21,0.0,0.0,0.1085512827259207,0.0,0.0,0.0,0.1085512827259207,0.0,-0.05804128965586435,-0.05050999307005634,0.0,0.0,0.0,0.1085512827259207,0.0,0.0
2022-11-22,0.0,0.0,0.11913520485794271,0.0,0.0,0.0,0.0725930773766939,0.04654212748124879,-0.06420577703985107,-0.05492942781809164,0.0,0.0,0.0,0.11913520485794271,0.0,0.0
2022-11-23,0.0,0.0,0.12082680394682498,0.0,0.0,0.0,0.07258691688724726,0.048239887059577706,-0.06540970067140642,-0.05541710327541855,0.0,0.0,0.0,0.12082680394682498,0.0,0.0
2022-11-24,0.0,0.0,0.11774310352710624,0.0,0.0,0.0,0.11774310352710624,0.0,-0.06374033663275434,-0.054002766894351885,0.0,0.0,0.0,0.08510026212486062,0.03264284140224561,0.0
2022-11-25,0.0,0.0,0.13463890094816952,0.0,0.0,0.0,0.08093618293296247,0.05370271801520705,-0.07314679372685594,-0.06149210722131357,0.0,0.0,0.0,0.07284181696538053,0.02955216668039264,-0.032244917302396335
2022-11-28,0.0,0.0,0.13629346732959594,0.0,0.0,0.0,0.08000517004393386,0.056288297285662064,-0.07557420954383327,-0.06071925778576264,0.0,0.0,0.0,0.06388557434790874,0.03446536796398386,-0.0379425250177033
2022-11-29,0.0,0.0,0.1360933547970165,0.0,0.0,0.0,0.06857857439260981,0.06751478040440667,-0.0764162382728843,-0.059677116524132184,0.0,0.0,0.0,0.06289910420089515,0.030746141018715627,-0.04244810957740572
2022-11-30,0.0,0.0,0.13233748317975128,0.0,0.022065137789280802,0.0,0.050710406639782504,0.05956193875068798,-0.07438394953331859,-0.05795353364643268,0.0,0.0,0.0,0.05899403752780887,0.028765586917857442,-0.04457785873408498
2022-12-01,0.0,0.0,0.1373847933475997,0.0,0.02290614312846447,0.0,0.05641817416158579,0.05806047605754943,-0.07574276998286522,-0.06164202336473448,0.1373847933475997,0.0,0.0,0.06951547001734693,0.027027617234339964,-0.04084170609591282
2022-12-02,0.0,0.0,0.10709019173504389,0.0,0.019954073187871697,0.0,0.044445837327144966,0.04269028122002722,-0.05022262648313978,-0.040858165535930656,0.10709019173504389,0.0,-0.016009399715973465,0.04773753073834227,0.02854882488828518,-0.030803836108416437
2022-12-05,0.0,0.0,0.10239142455369216,0.0,0.0,0.0,0.05166428899937909,0.050727135554313074,-0.047904787171102935,-0.03867658201646277,0.0,0.0,-0.015810055366126455,0.04097996510130622,0.02478517459637063,-0.03662628485601531
2022-12-06,0.0,0.0,0.10212831563313299,0.0,0.0,0.0,0.05112356284102363,0.05100475279210936,-0.047897996879737746,-0.03881931187864819,0.0,0.0,-0.015411006874747038,0.04650648722314012,0.028011950598991545,-0.027609877811001316
2022-12-07,0.07201385689293656,0.0,0.03755997427820672,0.0,0.0,0.0,0.05519502306130563,0.05437880810983761,-0.05176211630145122,-0.042230630580506585,0.0,0.0,-0.015581084289185457,0.05467758625958521,0.023477442059891235,-0.031418802851666816
2022-12-08,0.0,0.0,0.10738759423859877,0.0,0.0,0.0,0.0555286845001015,0.051858909738497265,-0.05143706415280388,-0.041728512975405065,0.10738759423859877,0.0,-0.014222017110389834,0.048733397263333575,0.029705371734987464,-0.028948825240277712
2022-12-09,0.0,0.0,0.14485246952752914,0.0,0.0,0.0,0.08104631389736042,0.06380615563016873,-0.07995945527025325,-0.06489301425727588,0.14485246952752914,0.0,0.0,0.06667690864763862,0.03990459408469918,-0.038270966795191375
2022-12-12,0.0,0.0,0.1411802287131143,0.0,0.0,0.0,0.08021692815260058,0.06096330056051373,-0.07817659278283733,-0.063003635930277,0.0,0.0,0.0,0.06554596213598761,0.03920861105062346,-0.036425655526503245
2022-12-13,0.07544694976569177,0.03937133132699755,0.03848768882614798,0.0,0.0,0.0,0.07252348254965052,0.0807824873691868,-0.084186247705951,-0.0691197222128863,0.1533059699188373,0.0,0.0,0.0722008280557368,0.04406212180293677,-0.03704302006016374
2022-12-14,0.07636460131447018,0.039290994746925,0.03719587039103214,0.0,0.0,0.0,0.07029737503045001,0.0825540914219773,-0.08403813385740322,-0.06881333259502408,0.1528514664524273,0.0,0.0,0.06988280787505569,0.04286524556426749,-0.040103413013104106
2022-12-15,0.0971761953285061,0.054400428490942655,0.0,0.0,0.0,0.0,0.0682813260606269,0.08329529775882183,-0.08328050093094735,-0.06829612288850137,0.0,0.0,0.0,0.06383809730351936,0.038078258570198815,-0.04966026794573054
2022-12-16,0.09561765555618897,0.0,0.04595991413185658,0.0,0.0,-0.020233930316103935,0.06389299444998253,0.057450644921959095,-0.07785168051619752,-0.063725889171848,0.14157756968804555,0.0,0.0,0.07118962736240426,0.03765189579909792,-0.032736046526543335
2022-12-19,0.0,0.0,0.10563860278991286,0.0,0.0,-0.017400913204669546,0.04448868082196277,0.043749008763280535,-0.05034558844137607,-0.04061977186719822,0.10563860278991286,0.0,-0.014673242481338571,0.05039645462054608,0.029328844131159687,-0.025913304038207106
2022-12-20,0.0,0.0,0.0616567154525153,-0.0454632685258148,0.0,-0.015341902636361099,0.04099378561161887,0.05078429573035012,-0.05064939907713331,-0.03957532190018325,0.1071199839783301,0.0,-0.016895263001013537,0.05237158614942114,0.029194048778651085,-0.025554349050257892
2022-12-21,0.0,0.0,0.10632828921053242,0.0,0.0,0.0,0.04335935198275302,0.0629689372277794,-0.05044144813939411,-0.03858547320807756,0.10632828921053242,0.0,-0.017301367863060753,0.04603093454579612,0.026245358076438734,-0.034051996588297564
2022-12-22,0.0,0.0,0.10561626720417941,0.0,0.0,-0.01572185580590038,0.03671568028293458,0.053178731115344456,-0.05008205474663257,-0.03814444258820307,0.10561626720417941,0.0,-0.01738976986934377,0.05071720575913223,0.018349844719704838,-0.03654921672534233
2022-12-23,0.0,0.0,0.10591915290276288,0.0,0.0,-0.0157177376003944,0.03758700293352549,0.052614412368843004,-0.048851840104786846,-0.03757872762459267,0.10591915290276288,0.0,-0.01948858517338336,0.05154538346834954,0.017465367169859008,-0.03690840226455432
2022-12-26,0.0,0.0,0.10592621455212091,0.0,0.0,-0.015718785504844103,0.03758950886590751,0.05261792018136931,-0.04885509706592995,-0.03758123300525833,0.10592621455212091,0.0,-0.019489884480932626,0.052732286027965515,0.017298264085594473,-0.035895664438560924
2022-12-27,0.0,0.0,0.10600468451125822,0.0,0.0,-0.016144082896010804,0.038558168042472904,0.05130243357277451,-0.04890619268678593,-0.0383447592879519,0.10600468451125822,0.0,-0.018753732536520382,0.04738265418304264,0.0262220286287626,-0.03240000169945297
2022-12-28,0.0,0.0,0.10743445454620014,0.0,0.0,-0.01747802329259412,0.03993632460319739,0.05002010665040862,-0.048320660293581376,-0.04005282892132861,0.10743445454620014,0.0,-0.019060965331290165,0.05452381159416482,0.01758575157780515,-0.03532489137423017
2022-12-29,0.0,0.0,0.10911348162029585,0.0,0.0,-0.010675041171048295,0.038386733953050006,0.060051706496197545,-0.04942760157713821,-0.04072682436516356,0.10911348162029585,0.0,-0.018959055677994097,0.05578363707404002,0.01897479794237673,-0.034355046603879114
2022-12-30,0.0,0.0,0.06885608504839831,-0.03977165097499258,0.0,-0.020235976442416658,0.0,0.08839175958097426,-0.04651438255737737,-0.04158762854493139,0.10862773602339089,0.0,-0.020525724921082126,0.051332384609971,0.025823599707282534,-0.03147175170613737
2023-01-02,0.0,0.0,0.06949806855329242,-0.03899733262603859,0.0,-0.020211324130908207,0.0,0.08828407704842282,-0.04645771679421587,-0.04153696475923739,0.108495401179331,0.0,-0.020500719625877756,0.051239350727884166,0.025008032011513612,-0.032248018439933246
2023-01-03,0.0,0.0,0.10712191867137755,0.0,0.0,-0.013753610893288788,0.03635134111912926,0.05701696665895951,-0.04593119349929162,-0.041788690941517506,0.10712191867137755,0.0,-0.019402034230568434,0.05078902711839224,0.023994377735548363,-0.03233851381743695
2023-01-04,0.0,0.0,0.10187685611286787,0.0,0.0,-0.012880684408978734,0.0349125862839474,0.05408358541994172,-0.04432634639600404,-0.040975325040446126,0.10187685611286787,0.0,-0.016575184676417717,0.05983376674890032,0.0,-0.04204308936396755
2023-01-05,0.0,0.0,0.10629459712429741,0.0,0.0,-0.014849313995928929,0.03512870588312334,0.05631657724524514,-0.04587181433409791,-0.04215939279851537,0.10629459712429741,0.0,-0.018263389991684136,0.04802246398499068,0.027022636085258456,-0.03124949705404828
2023-01-06,0.0518606166248182,0.0,0.05586521021225459,0.0,0.0,-0.0101289929739892,0.03773881772708825,0.059858016135995326,-0.04647333798283499,-0.042513861297408334,0.07355772980022081,0.03416809703685199,-0.018738627556829476,0.06468296839191114,0.0,-0.043042858445161654
2023-01-09,0.05468539075775581,0.0,0.05842683785099138,0.0,0.0,0.0,0.04282946265966213,0.07028276594908506,-0.04857180825357035,-0.04481509370559349,0.07508298667626526,0.03802924193248193,-0.01972532664958334,0.04995514862958477,0.029512510142078546,-0.033644569837083874
2023-01-10,0.05101262722947715,0.0,0.06230752087443825,0.0,0.0,0.0,0.04357583591785686,0.06974431218605855,-0.04807259684834657,-0.04432214121474059,0.07450946878412393,0.03881067931979148,-0.020925410040828266,0.05102781711348616,0.02965799948016514,-0.032634331510264104
2023-01-11,0.05532022029144569,0.0,0.05822616306861499,0.0,0.0,0.0,0.04362092566866187,0.06992545769139882,-0.04687010889574508,-0.043820017569895196,0.0731647944024499,0.04038158895761079,-0.02285625689442041,0.05169424642238039,0.028706504477084407,-0.0331456324605959
2023-01-12,0.052306743916711834,0.018805787424856595,0.04648222185859324,0.0,0.0,0.0,0.04435866051015877,0.0732360926900029,-0.04779151246153123,-0.0454969403753637,0.0770585507859525,0.04053620241420918,-0.024306300363266767,0.053993984749762226,0.029700359651611566,-0.03390040879878788
2023-01-13,0.05517805061816187,0.0,0.059697968221144954,0.0,0.017610254822697236,0.0,0.0357338331850471,0.0615319308315625,-0.041671561300684244,-0.0388755372971611,0.07630421499713966,0.03857180384216715,-0.03432892024146148,0.05234922650792481,0.028678887233930955,-0.03384790509745104
2023-01-16,0.05460790865216297,0.0,0.06039376304829837,0.0,0.017813193211473753,0.0,0.03616975528864398,0.06101872320034361,-0.04171714218831521,-0.03891805985791542,0.07638767752508425,0.038613994175377066,-0.03436646965423073,0.05041501850288044,0.030075153087165594,-0.03451150011041532
2023-01-17,0.05585126775013698,0.0,0.05976122430724951,0.0,0.018736222257208623,0.0,0.03747066781771847,0.05940560198245939,-0.042182666509418355,-0.03980792213109463,0.07674221042670426,0.03887028163068223,-0.03362190341687349,0.05110333168367004,0.030408991685501013,-0.03410016868821544
2023-01-18,0.05265139598762117,0.021135069784231467,0.044100711673008185,0.0,0.0,0.0,0.04725189580751654,0.07063528163734428,-0.04344560226185717,-0.04075127471471103,0.07691283914897548,0.04097433829588534,-0.033690300468292605,0.050691814094289744,0.03253302203513064,-0.03466234131544043
2023-01-19,0.05826185726992913,0.02454262908872152,0.04565413871457381,0.0,0.0,0.0,0.05136320866843718,0.0770954164047873,0.0,0.0,0.08482518664334918,0.043633438429875306,-0.12845862507322447,0.05590913480435909,0.03654001496950803,-0.03600947529935733
2023-01-20,0.05674759260425355,0.021689321702273442,0.05097124894413081,0.0,0.021520319993617896,0.0,0.044212332934189365,0.06367551032285053,0.0,0.0,0.08494499957298375,0.04446316367767404,-0.1294081632506578,0.05720645654250485,0.03682052353743919,-0.03538118317071374
2023-01-23,0.06261153323871219,0.0,0.06301947721681861,0.0,0.023171700739602685,0.0,0.041681253476594064,0.06077805623933405,0.0,0.0,0.08244914218549046,0.043181868270040336,-0.1256310104555308,0.056436358904500335,0.035809272172835804,-0.03338537937819465
2023-01-24,0.050394985038121176,0.022042321033270525,0.04798631277387721,0.0,0.022137751201888774,0.0,0.04107619979559929,0.05720966784778083,-0.044007412085571844,-0.04137957599739045,0.07839456495682358,0.04202905388844532,-0.03503663076230663,0.05478147004665997,0.03439765107960957,-0.031244497718999353
2023-01-25,0.05347741668934811,0.02210077702717812,0.049726191306588556,0.0,0.023097212052726877,0.0,0.041176158520181166,0.06103101445020673,-0.06743931854395604,0.0,0.08179150506833933,0.04351287995477545,-0.05786506647915875,0.05811270037813495,0.03451706029715885,-0.032674624347820994
2023-01-26,0.05749027187890895,0.0,0.05986633689809716,0.0,0.0195659647144318,0.013869935519594095,0.03454770191376506,0.049373006629215156,-0.04131706858714626,-0.039642722421338907,0.07410292825305376,0.04325368052395235,-0.03639681776852095,0.0535341099630855,0.03322534146771242,-0.030597157346208194
2023-01-27,0.055905984550420625,0.0,0.06278848228315652,0.0,0.019862751042940423,0.015012807851207736,0.03479657763786557,0.04902233030156343,-0.0426142438942447,-0.04196151967171363,0.07648128705736443,0.042213179776212736,-0.03411870326761883,0.05340199398543197,0.03511136573805311,-0.030181107110092063
2023-01-30,0.0,0.0,0.11369668500806338,0.0,0.020289048066742237,0.0,0.03826972741956038,0.055137909521760765,-0.04152766183504581,-0.04169003418660585,0.07339824845139481,0.040298436556668565,-0.030478988986411725,0.05254949516497767,0.03323460590931015,-0.027912583933775548
2023-01-31,0.052848738709418676,0.0,0.06752775384070601,0.0,0.019176610419575024,0.014134435242635907,0.03636715009681841,0.05069829679109535,-0.04362826206073942,-0.04172537396284059,0.07581906472132319,0.04455742782880151,-0.035022856526544695,0.05616770854681021,0.03564360466745229,-0.02856517933586219
2023-02-01,0.05308748559560633,0.022967256822372394,0.047498037156929226,0.0,0.020828745355148073,0.015642816180006267,0.036303050535889246,0.05077816750386435,-0.05058419781385872,-0.04898294808064974,0.08187614983175975,0.04167662974314818,-0.023985633680399472,0.058291930791006114,0.03591384162681852,-0.029347007157083296
2023-02-02,0.05559010300541642,0.024116841207076172,0.04694841757847933,0.0,0.021753121250450598,0.01666027162568116,0.03611563421645441,0.05212633469838578,-0.05106332502569244,-0.05103440074019652,0.07991279045867387,0.046742571332298054,-0.024557636025082964,0.0587916150497739,0.03801485530346796,-0.029848891437730066
2023-02-03,0.05390395180516709,0.0,0.07031457739736889,0.0,0.020217972752076204,0.01523130171118453,0.035512114490660635,0.0532571402486146,-0.04963065558611156,-0.04997968898896549,0.0680793542022338,0.05613917500030219,-0.024608184627458937,0.05694308538667356,0.03512633480899474,-0.0321491090068677
2023-02-06,0.0,0.0,0.11400226690190664,0.0,0.019950384442292475,0.015168332590623978,0.034328967518967225,0.044554582350022943,-0.04509013664112356,-0.04601877568817482,0.06657885787994329,0.04742340902196337,-0.022893354572608243,0.07609050857827299,0.0,-0.037911758323633644
2023-02-07,0.0,0.0,0.11366501723330863,0.0,0.020296852161738908,0.015538288391303763,0.032210224131696275,0.04561965254856968,-0.032743661622879026,-0.05300860494533817,0.0663345630908207,0.047330454142487925,-0.027912750665091437,0.08533703574778854,0.0,-0.028327981485520088
2023-02-08,0.0,0.0,0.11657984312617918,0.0,0.02167145341824381,0.016475889628861578,0.03177466790562425,0.04665783217344953,-0.0390239956499979,-0.040048861529086946,0.07115370244207685,0.045426140684102334,-0.03750698594709431,0.07546174577175434,0.0,-0.04111809735442484
2023-02-09,0.0,0.0,0.11762930550857316,0.0,0.019119082324776607,0.015336477162649657,0.0329690139890321,0.05020473203211481,-0.039983331932726664,-0.0407181015907451,0.0654302420112567,0.05219906349731646,-0.0369278719851014,0.07569098307863834,0.0,-0.041938322429934824
2023-02-10,0.0,0.0,0.12709838711612914,0.0,0.022541766391359026,0.017038830723028323,0.03547310816857359,0.0520446818331682,0.0,0.0,0.07759227899151395,0.049506108124615214,-0.12709838711612914,0.08198461902504657,0.0,-0.04511376809108257
2023-02-13,0.0,0.0,0.12683645574298555,0.0,0.02117784674687968,0.01641012253615232,0.03538737869930761,0.053861107760645954,0.0,0.0,0.0677868328735664,0.05904962286941916,-0.12683645574298555,0.0681725478246815,0.0,-0.05866390791830406
2023-02-14,0.0,0.0,0.12289930812318346,0.0,0.02033211888134454,0.016499993027220702,0.03427958919977959,0.05178760701483862,-0.043258635054933554,-0.043765146853973896,0.06361207497374816,0.0592872331494353,-0.03587552621427601,0.07180686709086133,0.029272107515826356,-0.02182033351649578
2023-02-15,0.0,0.0,0.12035431021546592,0.0,0.019671665566713317,0.015947262826876567,0.0328990173470771,0.051836364474798946,-0.041491157453549185,-0.043008758988057255,0.0,0.12035431021546592,-0.035854393773859475,0.06999646425434777,0.03046204959294662,-0.019895796368171546
2023-02-16,0.0,0.0,0.10953876864469883,0.0,0.015694789640861427,0.012982316859061583,0.0317321877051385,0.04912947443963731,-0.03784311285560428,-0.039294903479961604,0.0,0.10953876864469883,-0.03240075230913297,0.10953876864469883,0.0,0.0
2023-02-17,0.0,0.0,0.10997600978910482,0.0,0.015668326047540638,0.012735781716014373,0.03137074513582049,0.05020115688972933,-0.03349130400231593,-0.0516015174724407,0.0,0.10997600978910482,-0.02488318831434818,0.10997600978910482,0.0,0.0
2023-02-20,0.0,0.0,0.10998047627679754,0.0,0.015612825100209681,0.012690668540037923,0.030950566140156028,0.05072641649639393,-0.03349266419439261,-0.05160361317988779,0.0,0.10998047627679756,-0.024884198902517137,0.10998047627679756,0.0,0.0
2023-02-21,-0.04304857884837746,-0.02634984852187586,0.05262119048864984,0.0,0.014281582954285962,0.012776571348567705,0.03611834184608011,0.058843121709969394,-0.03682290426079928,-0.05722920408436625,0.0,0.12201961785890317,-0.02796750951373764,0.12201961785890317,0.0,0.0
2023-02-22,0.0,0.0,0.10967234803702613,0.0,0.013337903122505651,0.012256720906889815,0.03358915785788991,0.05048856614974077,-0.04423886361213232,-0.044792788026218465,0.0,0.10967234803702613,-0.020640696398675357,0.10967234803702613,0.0,0.0
2023-02-23,0.0,0.0,0.1086897810549811,0.0,0.014914345915646067,0.013414391743599518,0.032849571720774205,0.047511471674961316,-0.04364109846945333,-0.0443359376871392,0.0,0.1086897810549811,-0.020712744898388577,0.1086897810549811,0.0,0.0
2023-02-24,-0.04081019579165079,-0.02547647585249811,0.05026759264765101,0.0,0.0,0.015619181727500325,0.03991412275246059,0.061020959811838964,-0.04682530952025509,-0.04782384641546574,0.0,0.0,-0.021905108356079058,0.11655426429179988,0.0,0.0
2023-02-27,-0.033682186036739836,-0.02210023274193767,0.041859824665392,-0.024591151788487305,0.0,0.013341521813822785,0.04025423927597197,0.06863763414276206,-0.050025354995667244,-0.050566044125879,0.0,0.0,-0.02164199611101056,0.1222333952325568,0.0,0.0
2023-02-28,0.0,-0.03776632124836314,0.07223855531972992,0.0,0.0,0.014916773989720189,0.03887401361433036,0.056214088964042494,-0.032191827485527236,-0.053027823399385075,0.0,0.11000487656809306,-0.02478522568318074,0.11000487656809306,0.0,0.0
2023-03-01,-0.03979454061358918,-0.025619615665930146,0.03900430549585185,-0.023979871348764798,0.0,0.01711979236321916,0.04213502427764642,0.06914351648327038,-0.07306609814702303,0.0,0.0,0.12839833312413598,-0.05533223497711295,0.12839833312413598,0.0,0.0
2023-03-02,-0.05198224375425511,-0.03251153504650524,0.04220157531459963,0.0,0.0,0.01748410640764526,0.04000648349706638,0.06920476421064833,0.0,0.0,0.0,0.12669535411535995,-0.12669535411535995,0.12669535411535995,0.0,0.0
2023-03-03,-0.04786271742799586,-0.02679364301434693,0.047001635466452724,0.0,0.017495780009105188,0.014880023352736936,0.03413948579979438,0.055142706747159015,0.0,0.0,0.0,0.12165799590879552,-0.12165799590879552,0.0,0.0,0.0
2023-03-06,-0.05152862604995521,-0.02861833165456382,0.04862873494690688,0.0,0.018287145848370476,0.015292952718050267,0.03651549367942429,0.05868010040558086,0.0,0.0,0.0,0.1287756926514259,-0.1287756926514259,0.1287756926514259,0.0,0.0
2023-03-07,-0.04992966146615877,-0.025515899605663108,0.04125609891380903,0.0,0.0,0.0156445911314078,0.03714914734902881,0.06390792150519432,-0.04862705557704618,-0.04707163186584293,0.0,0.0,-0.021002972542741822,0.11670165998563092,0.0,0.0
2023-03-08,-0.0506773958078292,0.0,0.05097328313138972,0.0,0.0,0.01516768187079027,0.03139801553782935,0.0550849815305993,-0.042223059139834304,-0.040943322269012,0.0,0.0,-0.018484297530372635,0.0,0.0,0.0
2023-03-09,0.0,0.0,0.09171750506364697,0.0,0.0,0.012149432561310377,0.03011581213853915,0.04945226036379744,-0.03779243872246326,-0.037240574136356716,0.0,0.0,-0.01668449220482699,0.0,0.0,0.0
2023-03-10,0.0,0.0,0.0950345046316721,0.0,-0.029553983480425487,0.0,0.06548052115124663,0.0,-0.03816020685010764,-0.038382116809449855,0.0,0.0,-0.018492180972114598,0.0950345046316721,0.0,0.0
2023-03-13,0.06074233458101854,0.030338517014128666,0.0,0.03385755785403826,-0.04327283984688916,0.03399433328406682,0.047671236318229476,0.0,-0.05159463409914631,-0.05180518613533328,0.12493840944918547,0.0,-0.021538589214705885,0.07920332456041068,0.0,-0.045735084888774785
2023-03-14,0.11582393639995237,0.0,0.0,0.0,0.0,0.05208622398807285,0.06373771241187952,0.0,-0.048870323907718054,-0.04883167707537107,0.11582393639995237,0.0,-0.01812193541686324,0.0413971938295741,0.04794844015631908,-0.026478302414059185
2023-03-15,0.06181294296283374,0.030521968403561004,0.0,0.03688167403934141,0.0,0.048311155299110065,0.0,-0.08090543010662608,-0.05497329770200684,-0.05465048318239329,0.12921658540573613,0.0,-0.01959280452133602,0.04421018947776547,0.052644580470987266,-0.03236181545698342
2023-03-16,0.05567311067225175,0.028482521106938906,0.0,0.040481492815097504,0.0,0.03971229616743007,0.03283482950709465,-0.052089998919763444,-0.05284734490142538,-0.05265072684070737,0.12463712459428816,0.0,-0.01913905285215542,0.0,0.05604062036450189,-0.06859650422978626
2023-03-17,0.0650398457026528,0.03668188462825865,0.0,0.0291082960764366,0.0,0.039017716811544596,0.02985104071824565,-0.061961268877557804,-0.05558764268468735,-0.05515967640923831,0.13083002640734806,0.0,-0.020082707313422387,0.042767639290017624,0.043625667612536376,-0.04443671950479403
2023-03-20,0.06034064371370496,0.03008424598933831,0.0,0.04107011110846863,0.0,0.043614290166582206,0.03528896150038154,-0.05259174914454816,-0.05538979431196221,-0.05494876883352102,0.13149500081151191,0.0,-0.02115643766602866,0.03612868734146493,0.051158168001559846,-0.044208145468487135
2023-03-21,0.05523810548653894,0.02797902176885765,0.0,0.0429817617867601,0.0,0.06579877694259056,0.060400112099566104,0.0,-0.05314820998253856,-0.05231031644881528,0.12619888904215668,0.0,-0.02074036261080283,0.03593337482236326,0.04909546469554708,-0.04117004952424632
2023-03-22,0.05640305776312325,0.0308216844704959,0.0,0.03893566685265472,0.0,0.06542744326264145,0.06073296582363245,0.0,-0.0531272624214595,-0.051318892155572636,0.12616040908627388,0.0,-0.02171425450924173,0.04870373272490983,0.04248513898890793,-0.03497153737245613
2023-03-23,0.0596903506696154,0.036396256251655476,0.0,0.029508969838424656,0.0,0.054544563936020765,0.07105101282367476,0.0,-0.05292512615440373,-0.05113322003373894,0.08918947778270878,0.03640609897698676,-0.02153723057155287,0.04902727899956584,0.04104170393866252,-0.03552659382146721
2023-03-24,0.060919664621513145,0.03760670607032644,0.0,0.031495183362900844,0.0,0.047550597338917776,0.03615677353912036,-0.04631418317670231,-0.05577014664819127,-0.05337275908858786,0.13002155405474045,0.0,-0.020878648317961327,0.049890921863154934,0.04270073010575683,-0.03742990208582865
2023-03-27,0.0635572627595827,0.02712977824274755,0.0,0.034572134936194404,0.0,0.06855645456145175,0.05670272137707291,0.0,-0.05234709214342413,-0.04776918110981238,0.08354300623970488,0.04171616969881978,-0.025142902685288137,0.046234774257279565,0.04089956939096138,-0.038124832290283725
2023-03-28,0.06357892406872805,0.02836188999014229,0.0,0.03371253836597839,0.0,0.0674228099727357,0.05823054245211301,0.0,-0.052245290275358625,-0.04717487521472651,0.08539289597861097,0.04026045644623775,-0.026233186934763564,0.04667233518276601,0.04153376289900579,-0.03744725434307691
2023-03-29,0.06539589707160554,0.029870227768173167,0.0,0.034109622326790635,0.040731346885057966,0.03876090010821142,0.049883500173299934,0.0,-0.05557979402033404,-0.048200508897951494,0.08857427382094553,0.040801473345623826,-0.02559544424828379,0.049172806183352354,0.042109144563981994,-0.03809379641923501
2023-03-30,0.06679764553772446,0.030914085753496034,0.0,0.03356814138800265,0.04129320207898834,0.03852534272889734,0.051461327871337434,0.0,-0.05692364269048614,-0.0482450305486776,0.13127987267922311,0.0,-0.026111199440059393,0.05140881047310273,0.04362228781989866,-0.036248774386221747
2023-03-31,0.06176311700313859,0.03979362993727147,0.0,0.030741214062616724,0.04367090628927184,0.039154144999604,0.049472909714150956,0.0,-0.05923222843374955,-0.04726921070002838,0.09155732046826984,0.04074064053475696,-0.02579652186924887,0.05681398652272434,0.05002099348101817,-0.025462980999284287
2023-04-03,0.06684714082723159,0.042540864750339934,0.0,0.0348103735620775,0.04950830583560092,0.04274471336462941,0.05194535993941874,0.0,0.0,0.0,0.14419837913964906,0.0,-0.14419837913964906,0.06050963444956686,0.05510903902505944,-0.028579705665022725
2023-04-04,0.06785654801992275,0.043028515912449564,0.0,0.033803277181055344,0.048590355219342185,0.04322747981697044,0.05287050607711503,0.0,0.0,0.0,0.14468834111342763,0.0,-0.14468834111342763,0.056157594550240754,0.0503116900508932,-0.03821905651229368
2023-04-05,0.06796413045539493,0.04370928275568929,0.0,0.03353452016485186,0.048520681606419196,0.04268907788641038,0.05399817388310653,0.0,0.0,0.0,0.1452079333759361,0.0,-0.1452079333759361,0.05570897271555191,0.05085939705211539,-0.03863956360826881
2023-04-06,0.06704307784701617,0.04412725274544752,0.0,0.03433034599971499,0.05045390069296821,0.0435040319060287,0.051542743993181775,0.0,0.0,0.0,0.1455006765921787,0.0,-0.1455006765921787,0.05461376192703626,0.050954185159025556,-0.03993272950611687
2023-04-07,0.06732639731610472,0.04431373150241487,0.0,0.03447542369773566,0.050667115432160174,0.043687876974283966,0.051760560109811116,0.0,0.0,0.0,0.14611555251625524,0.0,-0.14611555251625524,0.05515745773968093,0.049490964053342926,-0.04146713072323139
2023-04-10,0.06498445786215767,0.043657105032436895,0.0,0.036391330253994214,0.05108780993569594,0.043574720606909347,0.050370362605983474,0.0,0.0,0.0,0.1450328931485888,0.0,-0.14503289314858878,0.05475282872986483,0.04892593751648239,-0.041354126902241585
2023-04-11,0.06736638286284402,0.04558087622540141,0.0,0.035969140502534344,0.04144975866099819,0.0341100065323363,0.040508943825276596,0.032847690572168686,0.0,0.0,0.14891639959077976,0.0,-0.14891639959077976,0.061298203591954495,0.05706176148338431,-0.03055643451544097
2023-04-12,0.06884653941481562,0.045980878019785544,0.0,0.03306160700157121,0.03907041172392119,0.032046317007231984,0.039312541079754376,0.03745975462526481,0.0,0.0,0.10518685556136534,0.04270216887480703,-0.14788902443617238,0.062270422112456286,0.05910937172288824,-0.026509230600827865
2023-04-13,0.08480563202256815,0.05712102544341157,0.0,0.0,0.03791593468602901,0.030503024087488412,0.03796052139361697,0.03554717729884534,0.0,0.0,0.0994909139154826,0.04243574355049712,-0.1419266574659797,0.054718232687991926,0.05148765508579451,-0.035720769692193274
2023-04-14,0.07472659302857136,0.05129956055255423,0.011842033778926366,0.0,0.03740178428968957,0.02945598333033051,0.03606062746439672,0.03494979227563514,0.0,0.0,0.09101413741968929,0.04685404994036266,-0.13786818736005196,0.054108414860023935,0.050141232838226475,-0.03361853966180155
2023-04-17,0.07177165134272359,0.046836502310535634,0.018649065698690372,0.0,0.03524809897510647,0.027611738897267698,0.03627049275687532,0.038126888722700085,0.0,0.0,0.09262344419397997,0.04463377515796963,-0.1372572193519496,0.06126081273710896,0.053774178059428045,-0.022222228555412574
2023-04-18,0.07945209888826998,0.03676001645554024,0.016168791082709945,0.0,0.03558608537701125,0.0271992518517418,0.0333347698077679,0.03626079938999922,0.0,0.0,0.08922361959434945,0.04315728683217072,-0.13238090642652017,0.0697099155421323,0.06267099088438788,0.0
2023-04-19,0.05870335063056106,0.04280680409835887,0.0316974425508515,0.0,0.03600984674578245,0.02754651092387901,0.03371464459612413,0.035936595013985835,0.0,0.0,0.0905540484651509,0.04265354881462055,-0.13320759727977144,0.07037031752306688,0.06283727975670454,0.0
2023-04-20,0.06825936495016804,0.0474207789212314,0.01368111977593034,0.0,0.03299445573509706,0.02606884847633156,0.03350463030422403,0.03679332913167715,-0.08403251200518617,0.0,0.1293612636473298,0.0,-0.0453287516421436,0.06655964450239232,0.06280161914493748,0.0
2023-04-21,0.08304967904278328,0.0387036876180565,0.013165999291919082,0.0,0.03510392204880091,0.027824600532503824,0.03496935615227671,0.037021487219177404,-0.09017370780331774,0.0,0.13491936595275886,0.0,-0.04474565814944111,0.05740448158688366,0.054993682305311944,-0.02252120206056322
2023-04-24,0.07143404987001907,0.05079986652308038,0.01226253655109835,0.0,0.03658583389866242,0.02756591269571191,0.034052762164925074,0.036291944184898395,0.0,0.0,0.1344964529441978,0.0,-0.1344964529441978,0.06936435484805833,0.06513209809613946,0.0
2023-04-25,0.07838058305290876,0.05483741792509009,0.0,0.0,0.033674955944103385,0.02618536040466589,0.034019668485720536,0.039338016143509034,-0.08915865301924256,0.0,0.13321800097799885,0.0,-0.0440593479587563,0.06959175196746818,0.06362624901053066,0.0
2023-04-26,0.07908048225056122,0.05464215722400378,0.0,0.0,0.03226633956727885,0.027566604070382885,0.033491129239404956,0.04039856659749829,-0.06137637716539303,-0.04662954449690383,0.13372263947456497,0.0,-0.02571671781226815,0.05152784294451272,0.04769688440897216,-0.0344979121210801
2023-04-27,0.08827541001688438,0.06145009900085271,0.014880266162912784,0.0,0.04421734493841148,0.03563781554996962,0.03947964892319736,0.04527096576907139,-0.0930354981254183,-0.07157027705523156,0.16460577518064987,0.0,0.0,0.06564973985256439,0.05753201519780403,-0.04142402013028142
2023-04-28,0.11410635171570618,0.08039076294216828,0.0,0.0,0.0529252927388308,0.04210905028523571,0.04562679767200823,0.0538359739617997,-0.19449711465787448,0.0,0.19449711465787448,0.0,0.0,0.08421344723278222,0.07794687465798657,-0.032336792767105695
2023-05-01,0.08992081531101796,0.0387713991390344,0.0,0.0,0.034922509530140554,0.029103070282768886,0.02966468163165179,0.03500195300549113,-0.06014605249693829,-0.0457581973798404,0.12869221445005236,0.0,-0.022787964573273665,0.06380490294802596,0.06488731150202638,0.0
2023-05-02,0.07732243512421097,0.05059534104503656,0.0,0.0,0.035058125256547445,0.031715865037245515,0.03032975658401674,0.030814029291437856,-0.05864158449759097,-0.048982431259394214,0.12791777616924754,0.0,-0.020293760412262357,0.06357763496341601,0.06434014120583152,0.0
2023-05-03,0.07728706303293781,0.04999577806818521,0.0,0.0,0.03309142789437828,0.0313852408467814,0.031170282732591547,0.03163588962737177,-0.059289239955939294,-0.05008489081134824,0.127282841101123,0.0,-0.017908710333835485,0.06441914379073412,0.0628636973103889,0.0
2023-05-04,0.0765926459174288,0.04747195505787233,0.0,0.0,0.041202148716140266,0.04168927316582075,0.04117317909334011,0.0,-0.05707295155478906,-0.04927097716372021,0.12406460097530111,0.0,-0.01772067225679185,0.06263589996679932,0.061428701008501806,0.0
2023-05-05,0.07840376041780381,0.04930603312226159,0.0,0.0,0.0351500794289996,0.03348696918710179,0.030807273829037685,0.028265471094926317,-0.057846893497045276,-0.0488237997472339,0.1277097935400654,0.0,-0.021039100295786196,0.0632125166693368,0.06449727687072856,0.0
2023-05-08,0.07869731791041655,0.048609239814484055,0.0,0.0,0.03652473164424399,0.033842346091578324,0.029433530260272844,0.02750594972880545,-0.0584994973049227,-0.0479946951559115,0.1273065577249006,0.0,-0.020812365264066407,0.062155953269644015,0.06515060445525658,0.0
2023-05-09,0.1234155692425557,0.0,0.0,0.0,0.03478862251339883,0.033144744834061865,0.029897726515609898,0.025584475379485123,-0.056444663916108515,-0.04671790212661578,0.1234155692425557,0.0,-0.0202530031998314,0.059342151142612334,0.06407341809994335,0.0
2023-05-10,0.07928755501173959,0.048695864803806735,0.0,0.0,0.038120470186697474,0.03625854981269794,0.028750670219094908,0.024853729597056003,-0.058606966514555985,-0.04948109239585552,0.1279834198155463,0.0,-0.019895360905134805,0.060372373194347496,0.06761104662119882,0.0
2023-05-11,0.07605885197441756,0.04823566797406685,0.0,0.0,0.04562390032314907,0.04421675620020944,0.03445386342512593,0.0,-0.05704626945401978,-0.048958913934100276,0.09048137156767452,-0.03381314838080991,-0.018289336560364373,0.05812709850710435,0.06616742144138009,0.0
2023-05-12,0.06923335531672936,0.04484436772516771,0.011383662991929524,0.0,0.037187654665273885,0.035967797030522226,0.026469685614608565,0.02583624872342191,-0.058300840699752186,-0.05022287906681444,0.09106806260150312,-0.034393323432323465,-0.016937666267259965,0.05766633663841514,0.06779504939541145,0.0
2023-05-15,0.09513054309345254,0.03735052960548998,0.017501299730642194,0.0,0.04301068621657274,0.043933477617750426,0.03270662550389363,0.03033158309136793,-0.08061873821082338,-0.06936363421876136,0.11187294438488404,-0.038109428044700674,0.0,0.0,0.14998237242958473,0.0
2023-05-16,0.15421468262428623,0.0,0.0,0.0,0.04232897231004903,0.04710550845344137,0.033350250434373056,0.031429951426422784,-0.08301420682973194,-0.07120047579455428,0.1008089270454053,-0.053405755578880915,0.0,0.0,0.15421468262428623,0.0
2023-05-17,0.12154295571557072,0.0,0.02913142342376485,0.0,0.05489358843189565,0.05727433903536654,0.038506451672073394,0.0,-0.0816680567361353,-0.06900632240320026,0.09132973268220779,-0.05934464645712782,0.0,0.049548733219131016,0.10112564592020458,0.0
2023-05-18,0.0,0.0,0.1344023386168214,0.0,0.050628302402700824,0.050813845945287484,0.03296019026883311,0.0,-0.07283362377126046,-0.06156871484556097,0.06640284637612756,-0.06799949224069382,0.0,0.0,0.1344023386168214,0.0
2023-05-19,0.0,0.0,0.0,0.0,0.05274755568051898,0.05215903690451178,0.03683669344024432,0.0,-0.07719345457613254,-0.06454983144914257,0.08257877730388861,-0.0591645087213865,0.0,0.0,0.14174328602527508,0.0
2023-05-22,0.0,0.0,0.13606668271117214,0.0,0.05181154981916777,0.0510519282331335,0.03320320465887088,0.0,-0.07491761268227289,-0.061149070028899265,0.07285020507049478,-0.06321647764067737,0.0,0.0,0.13606668271117214,0.0
2023-05-23,0.0,0.0,0.03780134034824062,-0.11043922134720256,0.046296602404852935,0.04789666293252139,0.029317570391982538,0.024729725966086316,-0.08224855401271218,-0.06599200768273099,0.07678208608754358,-0.07145847560789963,0.0,0.0,0.1482405616954432,0.0
2023-05-24,0.0,0.0,0.0,-0.14892662003122253,0.07162033085923833,0.07730628917198419,0.0,0.0,-0.08349921196149676,-0.06542740806972579,0.07061229443274424,-0.0783143255984783,0.0,0.0,0.14892662003122253,0.0
2023-05-25,0.0,0.0,0.0,-0.14446376347445047,0.0709040980263203,0.07355966544813018,0.0,0.0,-0.07881821920795906,-0.06564554426649144,0.0,-0.14446376347445047,0.0,0.0,0.14446376347445047,0.0
2023-05-26,0.0,0.0,0.018892971129201352,-0.08202461278476798,0.039108537070772345,0.03880327130323397,0.02300577553996303,0.0,-0.043029868769632544,-0.03460460169620101,0.0,-0.10091758391396934,-0.023283113448135766,0.0,0.0,0.0
2023-05-29,0.0,0.0,0.0,-0.10131971585970662,0.039264375047636864,0.038957892870506564,0.023097447941563203,0.0,-0.04320133229642391,-0.034742492589659384,0.0,-0.10131971585970662,-0.02337589097362332,0.0,0.0,0.0
2023-05-30,0.0,0.0,0.0,-0.13645772914122603,0.04859439797030881,0.049001082798955244,0.0,-0.038862248371961984,-0.07408437839759491,-0.06237335074363112,0.0,-0.13645772914122603,0.0,0.0,0.0,0.0
2023-05-31,0.0,0.0,0.0,0.0,0.0371787517673024,0.038226873853304255,0.0,-0.03485517533575237,-0.05211997659390167,-0.04540563530470684,0.0543254130027318,-0.05593538795362722,-0.0127351890577505,0.0,0.11026080095635903,0.0
2023-06-01,0.11828323434304851,0.0,0.0,0.0,0.04247880631052692,0.04092208193437494,0.0,-0.034882346098146645,-0.050768078403023484,-0.04257335448540942,0.0730120172167903,-0.04527121712625821,-0.024941801454615626,0.0,0.11828323434304851,0.0
2023-06-02,0.0,0.0,0.10360950662650696,0.0,0.04203421143819209,0.0391570154224291,0.022418279765885774,0.0,-0.04206235289386989,-0.036232975180874025,0.0,-0.10360950662650696,-0.02531417855176304,0.0,0.10360950662650696,0.0
2023-06-05,0.0,0.0,0.12592968092906565,0.0,0.06525464696356596,0.06067503396549968,0.0,0.0,-0.06725406405910513,-0.05867561686996052,0.0,-0.12592968092906565,0.0,0.0,0.12592968092906565,0.0
2023-06-06,0.0,0.0,0.13148972839453402,0.0,0.06916774003479739,0.06232198835973661,0.0,0.0,-0.0702097153179985,-0.06128001307653552,0.07574686332820009,-0.05574286506633394,0.0,0.0,0.13148972839453402,0.0
2023-06-07,0.0,0.0,0.12756674072029153,0.0,0.06905791111002613,0.05850882961026542,0.0,0.0,-0.0691616030101922,-0.05840513771009936,0.0,-0.12756674072029153,0.0,0.0,0.12756674072029153,0.0
2023-06-08,0.0,0.0,0.13106972721388,0.0,0.07170031398013829,0.0593694132337417,0.0,0.0,-0.06960608616327416,-0.06146364105060586,0.0,0.0,0.0,0.0,0.13106972721388,0.0
2023-06-09,0.0,0.0,0.13432967954057276,0.0,0.07418684560775474,0.060142833932818,0.0,0.0,-0.07197989396213388,-0.06234978557843891,0.0,0.0,0.0,0.0,0.13432967954057276,0.0
2023-06-12,0.0,0.0,0.05490544604962682,-0.09568511261808606,0.08359981596633323,0.06699074270137963,0.0,0.0,-0.07995140943975892,-0.07063914922795393,0.0,0.0,0.0,0.0,0.15059055866771284,0.0
2023-06-13,0.0,0.0,0.05822029651271039,-0.09632211268834082,0.0680166691678378,0.053161262844904036,0.033364477188309365,0.0,-0.08224653992953493,-0.07229586927151631,0.0,0.0,0.0,0.0,0.15454240920105122,0.0
2023-06-14,0.0,0.0,0.14590547024464365,0.0,0.061535072154554823,0.0479436889486396,0.03642670914144921,0.0,-0.07665564672813098,-0.06924982351651267,0.0,0.14590547024464365,0.0,0.0,0.14590547024464365,0.0
2023-06-15,0.0,0.0,0.19664939364266523,0.0,0.08122469628356882,0.06227142647184095,0.05315327088725547,0.0,0.0,0.0,0.0,0.19664939364266523,0.0,0.0,0.19664939364266523,0.0
2023-06-16,0.0,0.0,0.21783993443594188,0.0,0.09175452371763448,0.06797574232879568,0.05810966838951169,0.0,0.0,0.0,0.0,0.21783993443594188,0.0,0.09869495261829367,0.11914498181764821,0.0
2023-06-19,0.0,0.0,0.10351463568338119,-0.13199887976208344,0.09845555206904215,0.0729401556143468,0.06411780776207572,0.0,0.0,0.0,0.0,0.23551351544546467,0.0,0.08773952078533785,0.10861125753723384,0.03916273712289298
2023-06-20,0.0,0.0,0.2295753557014869,0.0,0.09616334333382225,0.07286463286371057,0.06054737950395411,0.0,0.0,0.0,0.0,0.2295753557014869,0.0,0.08039346935047424,0.10585733497337987,0.04332455137763282
2023-06-21,0.0,0.0,0.2306587588000084,0.0,0.1327078241845369,0.09795093461547157,0.0,0.0,0.0,0.0,0.0,0.2306587588000084,0.0,0.08425641628468082,0.10619898049577411,0.040203362019553476
2023-06-22,0.0,0.0,0.16471021525425866,0.0,0.09467775521825554,0.07003246003600312,0.0,0.0,-0.08776681017474786,-0.07694340507951081,0.0,0.16471021525425866,0.0,0.06353115472312872,0.07267971319696923,0.0284993473341607
2023-06-23,0.0,0.0,0.0,0.0,0.09553771554950656,0.07083272702268344,0.0,0.0,-0.08790501938578153,-0.07846542318640848,0.0,0.0,0.0,0.06198731371894328,0.07247952329733004,0.031903605555916696
2023-06-26,0.0,0.0,0.16694331835203916,0.0,0.09706807155799047,0.06987524679404869,0.0,0.0,-0.08712196360483135,-0.07982135474720778,0.0,0.0,0.0,0.059361985347731,0.07376408462333961,0.03381724838096851
2023-06-27,0.0,0.0,0.17640886716640752,0.0,0.07698131287403696,0.0549489300855614,0.0,-0.044478624206809154,-0.09277551124546872,-0.08363335592093882,0.0,0.0,0.0,0.06388522967950225,0.07788528307048001,0.03463835441642524
2023-06-28,0.0,0.0,0.17416453569313098,0.0,0.07232750569276242,0.05119589314201954,0.050641136858349006,0.0,-0.09268242906130551,-0.08148210663182548,0.0,0.0,0.0,0.06381325534770235,0.07559309574598813,0.03475818459944048
2023-06-29,0.0,0.0,0.18846506400703664,0.0,0.06356977954067806,0.04400723421842274,0.04695066533938831,-0.03393738490854751,-0.10121192603254728,-0.08725313797448934,0.0,0.0,0.0,0.07110573611943767,0.07684081298525752,0.040518514902341436
2023-06-30,0.0,0.0,0.19407491687665104,0.0,0.0795285562419181,0.054780362614317374,0.05976599802041554,0.0,-0.19407491687665104,0.0,0.0,0.0,0.0,0.0,0.12031648112505594,0.07375843575159512
2023-07-03,0.0,0.0,0.17919227760446335,0.0,0.07458002645803537,0.05217339059048152,0.05243886055594643,0.0,-0.09107733277085475,-0.08811494483360861,0.0,0.0,0.0,0.06422165797297714,0.07307183964026175,0.041898779991224454
2023-07-04,0.0,0.0,0.17991997620124558,0.0,0.07494181385347008,0.05242648348933359,0.05255167885844192,0.0,-0.09144719718768143,-0.08847277901356418,0.0,0.0,0.0,0.06516485987768733,0.07245100381616848,0.04230411250738978
2023-07-05,0.0,0.0,0.2636138079802543,0.0,0.08586055360183971,0.061646783984158654,0.05205886809839171,-0.06404760229586418,0.0,0.0,0.0,0.0,0.0,0.08992108166773477,0.11010756085444773,0.0635851654580718
2023-07-06,-0.10354098236093201,-0.05108161562937168,0.03685100065182876,-0.0759320471203294,0.10077451424839899,0.07306516365029225,0.0,-0.09356596786377058,0.0,0.0,0.0,0.0,0.0,0.0,0.1696079932847762,0.09779765247768567
2023-07-07,-0.10640206702309316,-0.057660657624102905,0.03916159829136268,-0.07697959036792212,0.10082682911619119,0.07469821301369943,0.0,-0.10467887117659024,0.0,0.0,0.0,0.0,0.0,0.0988057270535371,0.11984912105769217,0.06154906519525163
2023-07-10,-0.09600863062010014,-0.05558791586442366,0.04632615582540816,-0.08525705603855291,0.10131357243849304,0.07528194508655904,0.0,-0.10658424082343278,0.0,0.0,0.0,0.0,0.0,0.10232988347715995,0.1265248024084818,0.05432507246284314
2023-07-11,-0.09829330073344934,-0.05559613038722589,0.05168164504889477,-0.07969036649293212,0.10240057769749562,0.07558467992767842,0.0,-0.10727618503732805,0.0,0.0,0.0,0.0,0.0,0.10847211276744727,0.12674952257825292,0.05003980731680192
2023-07-12,0.0,0.0,0.22986869771097226,0.0,0.07803197047455601,0.05758695123989614,0.034308386922058585,-0.05994138907446156,0.0,0.0,0.0,0.22986869771097226,0.0,0.10310342697875795,0.12676527073221433,0.0
2023-07-13,0.0,0.0,0.2268393127097597,0.0,0.07724871581288034,0.05668208825419655,0.035173403094736044,-0.05773510554794676,0.0,0.0,0.0,0.2268393127097597,0.0,0.10673023180357517,0.12010908090618452,0.0
2023-07-14,0.0,0.0,0.2262692404195492,0.0,0.07539383006174825,0.05604813663516451,0.0347461787251147,-0.06008109499752174,0.0,0.0,0.0,0.2262692404195492,0.0,0.10893839279034695,0.11733084762920226,0.0
2023-07-17,0.0,0.0,0.2489573013957967,0.0,0.09813760242775346,0.07260252590395956,0.0,-0.07821717306408361,0.0,0.0,0.0,0.0,0.0,0.12060089125701991,0.1283564101387768,0.0
2023-07-18,0.0,0.0,0.24556972226338672,0.0,0.08510886448633304,0.06330022495146746,0.0322144248459105,-0.06494620797967576,0.0,0.0,0.24556972226338672,0.0,0.0,0.12204576646233513,0.12352395580105158,0.0
2023-07-19,0.0,0.1548934780367141,0.09732293277993645,0.0,0.1454449283947052,0.10677148242194537,0.0,0.0,0.0,0.0,0.2522164108166506,0.0,0.0,0.12612623555396857,0.12609017526268199,0.0
2023-07-20,0.0,0.0,0.2426004292896558,0.0,0.11770779881943787,0.07942594885115482,0.0454666816190631,0.0,0.0,0.0,0.2426004292896558,0.0,0.0,0.12498675993061183,0.11761366935904398,0.0
2023-07-21,0.0,0.0,0.24568840552388432,0.0,0.11824980250758164,0.07806840008470207,0.04937020293160062,0.0,0.0,0.0,0.24568840552388432,0.0,0.0,0.12145983908566352,0.12422856643822082,0.0
2023-07-24,0.0,0.0,0.18391320835023395,0.0,0.08987109742468424,0.05785921492564344,0.03618289599990622,0.0,0.0916492063698493,0.09226400198038465,0.18391320835023395,0.0,0.0,0.07552742256018016,0.07545712097975596,0.03292866481029781
2023-07-25,-0.12017573232210255,0.0,0.06964210923962223,0.0,0.09356183371484443,0.06074227828181808,0.03551372956506226,0.0,0.09431000994297778,0.09550783161874694,0.12027460191481346,0.06954323964691131,0.0,0.07396090892172487,0.0799477119438456,0.035909220696154265
2023-07-26,-0.11561091587901044,0.0,0.06484823083839887,0.0,0.1100484621909333,0.07041068452647602,0.0,0.0,0.09068234993919755,0.08977679677821175,0.11298072936703063,0.06747841735037867,0.0,0.08323567386280353,0.09722347285460578,0.0
2023-07-27,-0.09185940648108201,-0.05550764975614791,0.04129569360583178,0.0,0.09107779643186394,0.059428371134974525,0.03815658227622321,0.0,0.0953868178331911,0.09327593200987058,0.0,0.0,0.0,0.08734294270675586,0.10131980713630584,0.0
2023-07-28,-0.08991854355923495,-0.05622726925003154,0.046883316024879156,0.0,0.09400875159294957,0.06057523747333535,0.03844513976786076,0.0,0.09797948247884254,0.09504964635530311,0.11534311581681177,0.07768601301733391,0.0,0.08424960997534882,0.10877951885879682,0.0
2023-07-31,-0.09028419519209308,-0.056358246212574827,0.049051345765736505,0.0,0.09560501719826808,0.06164596760593159,0.03844280236620475,0.0,0.09863174481985508,0.09706204235054934,0.11263178815322403,0.0830619990171804,0.0,0.08741027168928095,0.10828351548112343,0.0
2023-08-01,-0.09622721236307355,-0.06355730935063432,0.04085199585934796,0.0,0.09786970822419613,0.06278281613805488,0.03998399321080485,0.0,0.10094036185068239,0.09969615572237343,0.13346194981156878,0.06717456776148706,0.0,0.070501052233906,0.09096999514701913,0.039165470192130694
2023-08-02,-0.12609102906269043,-0.08716626157146526,0.0,0.0,0.13184868632535884,0.08140860430879684,0.0,0.0,0.10884035012556124,0.10441694050859446,0.21325729063415572,0.0,0.0,0.07874771774990451,0.09044067543364487,0.044068897450606326
2023-08-03,-0.10788823263273255,-0.07650006006118597,0.028510729485971546,0.0,0.09599292554158352,0.059356098924831284,0.0,-0.057549997713475264,0.10866501347185603,0.10423400870803401,0.21289902217989004,0.0,0.0,0.07510823093913016,0.0857872641565515,0.05200352708420841
2023-08-04,-0.09180010105269117,-0.0685044792841299,0.038557928327977026,0.0,0.1230311963850313,0.0758313122797668,0.0,0.0,0.10175007009102059,0.0971124385737775,0.19886250866479807,0.0,0.0,0.12772480222887536,0.0,0.07113770643592268
2023-08-07,-0.08879882662434109,-0.07214272230538467,0.04152612631873466,0.0,0.12549464057389215,0.07697303467456824,0.0,0.0,0.10345288972755996,0.09901478552090041,0.2024676752484604,0.0,0.0,0.10009878177140125,0.10236889347705912,0.0
2023-08-08,0.0,-0.20720197393158482,0.0,0.0,0.09370492773753765,0.056549619300980285,0.0,-0.056947426893066866,0.10554608182678006,0.10165589210480473,0.20720197393158482,0.0,0.0,0.07730644703573478,0.0843957640251303,0.04549976287071975
2023-08-09,0.0,-0.18109512967156488,0.0,0.0,0.13170121949061747,0.04939391018094742,0.0,0.0,0.09216411773857644,0.08893101193298844,0.0,0.0,0.0,0.105456861499374,0.0,0.0756382681721909
2023-08-10,-0.1145204476828667,-0.07974058232547526,0.0,0.0,0.11100606221819577,0.04137633623416691,0.0418786315559793,0.0,0.09922607071801726,0.0950349592903247,0.0,0.0,0.0,0.11433230250167858,0.0,0.0799287275066634
2023-08-11,-0.11833925222463701,-0.07672949444757748,0.0,0.0,0.10860293495476726,0.0,0.0,-0.08646581171744723,0.09985735045863295,0.09521139621358152,0.0,-0.19506874667221447,0.0,0.10420256199955455,0.0,0.09086618467265992
2023-08-14,-0.11601373043588825,-0.07282723928980568,0.0,0.0,0.08186168875784888,0.046972145987870466,0.0,-0.060007134979974605,0.09669794757551721,0.09214302215017676,0.0,0.0,0.0,0.0,0.0,0.18884096972569395
2023-08-15,-0.10741201061105124,-0.06728766894423256,0.0,0.0,0.0,0.0,0.0,-0.17469967955528382,0.08971575163168254,0.0849839279236013,0.0,-0.17469967955528382,0.0,0.0,0.0,0.17469967955528382
2023-08-16,-0.08543065077575879,-0.0558944325929574,0.0,-0.044825273123693166,0.0,0.0,0.0,-0.18615035649240932,0.09617712106285765,0.08997323542955167,0.0,-0.18615035649240932,0.0,0.0,0.0,0.18615035649240932
2023-08-17,-0.08406781742189595,-0.05614656201555189,0.0,-0.04637661345091099,0.0,0.0,0.0,-0.18659099288835887,0.09540326933314769,0.09118772355521117,0.0,-0.18659099288835887,0.0,0.0,0.0,0.18659099288835887
2023-08-18,-0.1048011347191367,-0.07459705828578281,0.0,0.0,0.0,0.0,0.0,-0.17939819300491952,0.09192839827441557,0.08746979473050398,0.0,0.0,0.0,0.0,0.0,0.17939819300491952
2023-08-21,-0.1058028600968761,-0.07415572200954057,0.0,0.0,0.0,0.0,0.0,-0.1799585821064167,0.0927341174291379,0.08722446467727878,0.0,0.0,0.0,0.0,0.0,0.1799585821064167
2023-08-22,-0.1201106974498655,-0.07946995197287417,0.0,0.0,0.0,0.0,0.0,-0.19958064942273965,0.10205957377079694,0.0975210756519427,0.0,0.0,0.0,0.0,0.09875802999802964,0.10082261942471
2023-08-23,-0.11421357209461934,-0.07725464252224587,0.0,0.0,0.053054404721530106,0.034211227266404756,0.0,-0.1042025826289304,0.10008805952570934,0.09138015509115588,0.0,0.0,0.0,0.0,0.0,0.19146821461686522
2023-08-24,-0.11588237321825887,-0.07272611898364868,0.0,0.0,0.0,0.0,0.0,-0.18860849220190756,0.09884244919732352,0.08976604300458403,0.0,0.0,0.0,0.0,0.0,0.18860849220190756
2023-08-25,-0.11772082922375891,-0.07272420675983286,0.0,0.0,0.0,0.0,0.0,-0.19044503598359178,0.10017244740019163,0.09027258858340015,0.0,0.0,0.0,0.0,0.0,0.19044503598359178
2023-08-28,-0.1162300510305609,-0.07644446572911079,0.0,0.0,0.0,0.0,0.0,-0.1926745167596717,0.09982268056743046,0.0928518361922412,0.0,0.0,0.0,0.0,0.0,0.1926745167596717
2023-08-29,0.0,0.0,0.0,0.0,0.0801852070905035,0.04485259973144244,0.0,-0.06368237675277756,0.09834337292743445,0.09037681064728907,0.1887201835747235,0.0,0.0,0.0,0.0,0.1887201835747235
2023-08-30,0.0,0.0,0.0,0.0,0.0818241821469922,0.04575769954247376,0.0,-0.06106719012371395,0.09849389123912206,0.09015518057405787,0.18864907181317994,0.0,0.0,0.0,0.0,0.18864907181317994
2023-08-31,0.0,0.0,0.0,0.0,0.07866431879704558,0.04573112693118679,0.0,-0.06363138447603435,0.09707960729133168,0.09094722291293504,0.18802683020426672,0.0,0.0,0.0,0.0,0.18802683020426672
2023-09-01,0.0,0.0,0.0,0.0,0.08135362651473882,0.04870126338255747,0.0,-0.058717065976738855,0.0974926045758162,0.09127935129821897,0.18877195587403514,0.0,0.0,0.0,0.0,0.18877195587403514
2023-09-04,0.0,0.0,0.0,0.0,0.08284504368850955,0.049594080380456367,0.0,-0.056389008424794065,0.0975216173862619,0.09130651510749811,0.18882813249376,0.0,0.0,0.0,0.0,0.18882813249376
2023-09-05,-0.12297353407130689,-0.08563782183200723,0.0,0.0,0.08551683921313619,0.05361059132369241,0.0,-0.06948392536648552,0.10876806869430561,0.09984328720900851,0.20861135590331412,0.0,0.0,0.0,0.0,0.20861135590331412
2023-09-06,-0.13106835076511383,-0.08071723510367393,0.0,0.0,0.05957557211724724,0.06348968761189559,0.0,-0.08872032613964492,0.11034522168991744,0.10144036417887034,0.0,0.0,0.0,-0.09837222865512829,0.0,0.11341335721365946
2023-09-07,0.0,-0.106543437478995,-0.09613468500895897,0.0,0.06634194675426848,0.04289704347392203,0.0,-0.0934391322597635,0.10563829261214011,0.09703982987581387,0.0,0.0,0.0,-0.09444595755343314,0.0,0.10823216493452084
2023-09-08,-0.09718934142571785,-0.06119047481340734,-0.04879512548147538,0.0,0.127328526497712,0.07984641522288856,0.0,0.0,0.108793554711942,0.09838138700865859,0.0,-0.20717494172060058,0.0,-0.10015770298430025,0.0,0.10701723873630035
2023-09-11,-0.13132406032962135,-0.08706001479712441,0.0,0.0,0.13362051221056392,0.08476356291618183,0.0,0.0,0.11491632291824458,0.10346775220850121,0.0,0.0,0.0,-0.10649643306519048,0.0,0.11188764206155528
2023-09-12,-0.13017691617816307,-0.08070004805487294,0.0,0.0,0.210876964233036,0.0,0.0,0.0,0.11147183334603415,0.09940513088700187,0.0,0.0,0.0,0.0,0.0,0.210876964233036
2023-09-13,0.0,-0.19879851448173957,0.0,0.0,0.0,0.10958668523601217,-0.08921182924572743,0.0,0.10509128889935848,0.09370722558238109,0.0,0.0,0.0,-0.09628351713914517,0.0,0.10251499734259441
2023-09-14,-0.08251237933687242,-0.05269565526108622,0.033456603687015744,0.060093075222035025,0.10650910007601122,0.06218364914362096,0.0,0.06006496428737724,0.12065686405716566,0.1081008494498438,0.0,0.0,0.0,-0.11937646054588841,0.0,0.10938125296112104
2023-09-15,-0.11668732404915039,-0.0741619495491473,0.04433614730537359,0.0,0.0,0.0,0.0,0.23518542090367128,0.12283042558146957,0.11235499532220171,0.0,0.0,0.0,-0.09457307837576459,-0.06721294435488594,0.07339939817302076
2023-09-18,-0.16350212387261967,-0.09859685216966793,0.0,0.0,0.0,0.0,0.0,0.2620989760422876,0.13745987916638475,0.1246390968759029,0.2620989760422876,0.0,0.0,-0.09851314641126072,-0.07672750757173784,0.08685832205928908
2023-09-19,-0.16586255832385072,-0.09673644018310588,0.0,0.0,0.0,0.0,0.0,0.26259899850695656,0.13779920497256687,0.12479979353438968,0.26259899850695656,0.0,0.0,-0.09684209141223611,-0.08113497222195591,0.08462193487276455
2023-09-20,-0.09035968576912234,-0.05278204449532596,0.047667113295626444,0.06533234413934953,0.0,0.0,0.0,0.2561411876994243,0.13446004860278735,0.12168113909663694,0.2561411876994243,0.0,0.0,-0.0981376352345245,-0.08008389384663342,0.07791965861826634
2023-09-21,-0.10887821452964366,-0.06816536979156063,0.050142781339015334,0.0,0.0,0.0,-0.07839923272777036,0.1487871329324493,0.12090124059586069,0.106285125064359,0.0,-0.22718636566021966,0.0,-0.08288773005751852,-0.07600637439602798,0.06829226120667316
2023-09-22,-0.11745355135131082,-0.0689591401931365,0.043022772183846494,0.0,0.0,0.0,-0.07712699905977549,0.15230846466851833,0.12137181768508248,0.10806364604321132,0.0,-0.2294354637282938,0.0,-0.08545336728833808,-0.07972500577027536,0.06425709066968036
2023-09-25,-0.12049564240686209,-0.07171945182141326,0.036166449949969585,0.0,0.0,0.0,-0.2283815441782449,0.0,0.12128352372415815,0.10709802045408677,0.0,-0.2283815441782449,0.0,-0.08413685641177653,-0.08221560543166806,0.062029082334800374
2023-09-26,-0.12071062496901136,-0.07667198264426277,0.03150369634295493,0.0,0.0,0.0,-0.22888630395622905,0.0,0.1215172169513039,0.10736908700492517,0.0,-0.22888630395622905,0.0,-0.08646370314570442,-0.07945974126490003,0.0629628595456246
2023-09-27,-0.14912212677500988,-0.09036621227433081,0.0,0.0,0.0,0.0,-0.2394883390493407,0.0,0.1274981849892787,0.11199015406006202,-0.15558697771045849,-0.0839013613388822,0.0,-0.08939449137967895,-0.08659375746412219,0.06350009020553957
2023-09-28,-0.09512228385302457,-0.06114380746605613,0.02660761975069743,0.0,0.0,0.0,-0.18287371106977815,0.0,0.08813098959100397,0.07552105171081637,-0.13241280620798937,-0.05046090486178876,0.019221669767957784,-0.06973365749253105,-0.06492200976859865,0.04821804380864846
2023-09-29,-0.09604590620049977,-0.06212621433909486,0.028000142719480633,0.0,0.0,0.0,-0.18617226325907527,0.0,0.09165043111501804,0.07639848637665297,-0.18617226325907527,0.0,0.01812334576740423,-0.069827955389728,-0.06514119621173581,0.051203111657611454
2023-10-02,-0.11195152368619739,-0.068737038135221,0.0,0.0,0.0,0.0,-0.18068856182141838,0.0,0.0808167586299236,0.08072380124386953,-0.12803584006420066,-0.05265272175721774,0.01914800194762526,-0.06514442176129784,-0.06462731026145038,0.05091682979867017
2023-10-03,-0.11309160681343974,-0.06726676543736883,0.0,0.0,0.0,0.0,-0.18035837225080859,0.0,0.07806178933603515,0.08011683278214572,-0.12810241542127432,-0.05225595682953427,0.022179750132627716,-0.0656054277608406,-0.06587624674846337,0.04887669774150461
2023-10-04,-0.11260708726457487,-0.07029866745553943,0.0,0.0,0.0,0.0,-0.1829057547201143,0.0,0.0,0.1068557368102447,-0.1308123654528237,-0.052093389267290596,0.07605001790986965,-0.0677225780023797,-0.06909486201703452,0.046088314700700045
2023-10-05,-0.12084171446673912,-0.07694141595918462,0.0,0.0,0.0,0.0,-0.19778313042592374,0.0,0.0,0.0,-0.1398880403256886,-0.05789509010023516,0.19778313042592374,-0.07569077454203554,-0.07086168784894904,0.05123066803493917
2023-10-06,-0.1084635068154399,-0.06383744047445945,0.02504800132150177,0.0,0.0,0.0,-0.19734894861140112,0.0,0.0,0.0,-0.1433541171700206,-0.05399483144138053,0.19734894861140112,-0.07605830917651514,-0.07162592265593941,0.049664716778946565
2023-10-09,-0.10832235810356823,-0.07425187256291328,0.0,0.0,0.0,0.0,-0.1825742306664815,0.0,0.0,0.12218242853138479,-0.13350536482445977,-0.049068865842021754,0.06039180213509675,-0.06746579195859638,-0.06371701538311927,0.051391423324765845
2023-10-10,-0.11092181003490288,-0.07125233954642217,0.0,0.0,0.0,0.07630071945411139,-0.10587343012721366,0.0,0.0,0.11792015119425364,-0.12432465440071978,-0.0578494951806053,0.06425399838707144,-0.07031543992421926,-0.06220554660831752,0.049653163048788244
2023-10-11,-0.10492074068679136,-0.06085102400555452,0.028720816668291942,0.0,0.0,0.08436995826261517,-0.11012262309802265,0.0,0.0,0.0,-0.12411805627259596,-0.07037452508804184,0.1944925813606378,-0.07377890770783198,-0.06482250466966503,0.05589116898314078
2023-10-12,-0.10920262120708067,-0.06316622440917105,0.026985971442742635,0.0,0.0,0.046692804667405094,-0.06882458670814016,0.08383742568344911,0.0,0.0,-0.12723889998829305,-0.07211591707070132,0.19935481705899438,-0.07511029152386954,-0.06611077374063813,0.058133751794486696
2023-10-13,-0.10241793667926437,-0.059172753345187255,0.0,0.0,0.0,0.0,-0.16159069002445162,0.0,0.06485609748918723,0.06339615705280259,0.0,-0.16159069002445162,0.033338435482461806,-0.06090854668025485,-0.05530315141797534,0.045378991926221454
2023-10-16,-0.10341053061981473,-0.05958184981882168,0.0,0.0,0.0,0.058695795141462656,-0.10429658529717376,0.0,0.0653330333609467,0.06459883425957773,0.0,-0.1629923804386364,0.033060512818111995,-0.0600800072910487,-0.05564498544480765,0.04726738770278004
2023-10-17,-0.10943235279974481,-0.059594003746057854,0.0,0.0,0.0,0.03957239082365426,-0.07122564568274663,0.05822832003940174,0.06922426718136328,0.06760508410762699,0.0,-0.16902635654580264,0.03219700525681237,-0.06285679480238843,-0.055445792946350735,0.050723768797063515
2023-10-18,-0.1045511035907896,-0.05720450956719133,0.0,0.0,0.0,0.0,-0.16175561315798093,0.0,0.06814049505344194,0.06642439596172665,0.0,-0.16175561315798093,0.027190722142812332,-0.05801586632493041,-0.05545537552645312,0.04828437130659738
2023-10-19,-0.09307355229803639,-0.0494892760904199,0.0,-0.03273436747629863,0.0,0.0,-0.08993647823574072,-0.08536071762901423,0.07473982059678583,0.07351455002459709,0.0,-0.17529719586475492,0.027042825243372027,-0.06378282589981894,-0.060784067954903466,0.05073030201003253
2023-10-20,-0.09583028092008498,-0.05366922624140132,-0.030284264716927863,0.0,-0.05071377941921117,0.0,-0.06354802081179244,-0.06552197164741057,0.07613351814128,0.07380953760565712,0.09708148573453705,-0.08270228614387713,0.029840716131477082,-0.060916510956697076,-0.06411547196110973,0.05475178896060738
2023-10-23,-0.10144527674627597,-0.055576166559635896,-0.03491701536306654,0.0,-0.054601208954269384,0.0,-0.06494631554222632,-0.0723909341724827,0.12942030334620622,0.0,0.09975678348467898,-0.09218167518429947,0.06251815532277223,-0.06298543460639973,-0.06533485424544942,0.06361816981712928
2023-10-24,-0.10895057207717845,-0.055233613159287466,-0.03816603928680324,0.0,0.0,0.0,-0.09454790194158524,-0.10780232258168393,0.0,0.0,0.10871163488050944,-0.09363858964275973,0.20235022452326917,-0.06269041491424962,-0.06573161997898896,0.0739281896300306
2023-10-25,-0.10511526492629979,-0.05305370024382699,-0.035172659803228506,0.0,-0.05502110224419014,0.0,-0.06916049897257516,-0.06916002375658994,0.1252935456768487,0.0,0.10832669750473475,-0.08501492746862048,0.06804807929650657,-0.06139166475729217,-0.06305034938665229,0.06889961082941078
2023-10-26,-0.10754376509643343,-0.056014856778055025,-0.04358156158954044,0.0,-0.06443134923713445,0.0,-0.06810146567433807,-0.07460736855255638,0.0,0.0,0.1150188535056818,-0.09212132995834708,0.2071401834640289,-0.06791430253447844,-0.06933217946586023,0.06989370146369023
2023-10-27,-0.09884491594989384,-0.05341776430959954,-0.04037971672573835,0.0,-0.058955700450903106,0.0,-0.06238144154578668,-0.07130525498854196,0.12501225213653033,0.0,0.10806173098725663,-0.08458066599797509,0.06763014484870142,-0.062244149424313125,-0.06258266819607844,0.06781557936484016
2023-10-30,-0.10767228247593323,-0.056300240414305994,-0.042823014421264224,0.0,-0.06052413986014266,0.0,-0.0692177939606945,-0.07705360349066627,0.0,0.0,0.12103798429387526,-0.08575755301762815,0.20679553731150344,-0.06942034118695868,-0.07095085296583253,0.06642434315871219
2023-10-31,-0.10762571277849345,-0.05467883777887093,-0.04499107589460651,0.0,-0.05851098640424593,0.0,-0.06852066902859166,-0.08026397101913328,0.0,0.0,0.12791397152496997,-0.07938165492700092,0.20729562645197092,-0.06776560476476601,-0.07262809104850083,0.06690193063870407
2023-11-01,-0.10001647682794393,-0.05428959408129596,-0.052136382773628656,0.0,-0.050146634260666303,0.0,-0.06997078026087736,-0.08632503916132488,0.0,0.0,0.12428919548652838,-0.08215325819634019,0.20644245368286857,-0.06686616314662806,-0.06803336166217715,0.07154292887406337
2023-11-02,-0.10302888741025376,-0.04918479794722355,-0.05221852530178985,0.0,0.0,0.0,-0.09623839778513803,-0.10819381287412914,0.0,0.0,0.12735540056408984,-0.07707681009517732,0.20443221065926717,-0.067512757457475,-0.06753618075160563,0.06938327245018654
2023-11-03,0.0,-0.0898673230521374,-0.09989973790219897,0.0,0.0,0.05684545561430558,0.0,-0.13292160534003078,0.0,0.0,0.18976706095433638,0.0,0.18976706095433638,-0.05968040157372864,-0.06399592020231641,0.06609073917829131
2023-11-06,-0.08763373651086324,-0.04400911570003198,-0.04612907140575107,0.0,0.0,0.03161764401371396,-0.06442711917342732,-0.08172716042950502,0.0,0.0,0.17777192361664632,0.0,0.17777192361664632,0.0,0.0,0.17777192361664632
2023-11-07,0.0,-0.0604634786454394,-0.08205022025548488,0.0,0.0,0.027426378054480477,-0.05104973756447378,-0.06403758328197001,-0.050907349665422055,-0.055647932481944405,0.14251369890092427,0.0,0.03595841675355778,0.0,0.0,0.14251369890092427
2023-11-08,0.0,0.0,-0.07017209422496043,0.0787205482312974,0.0,0.039599053936968096,0.0,-0.10929358851928973,-0.05538421815315652,-0.05850856571816115,0.0,-0.14889264245625783,0.034999858584940174,0.0,-0.06826840439757983,0.080624238058678
2023-11-09,-0.0721748846462225,-0.034391178299563646,-0.0377505438454738,0.0,0.0,0.0388920829175859,0.0,-0.10542452387367401,-0.051783613046716734,-0.0553616262137775,0.0,-0.14431660679125993,0.03717136753076569,0.0,0.0,0.14431660679125993
2023-11-10,-0.09265772942346175,-0.04007042075127857,-0.05469388954853312,0.0,0.04322181886003591,0.040773000031365365,0.0,-0.10342722083187214,0.0,0.0,-0.08952462206371699,-0.09789741765955641,0.18742203972327343,0.0,-0.09002644763184643,0.09739559209142701
2023-11-13,-0.12336028299386485,-0.05571337173131738,0.0,0.0,0.045418352340675906,0.043351760345729226,0.0,-0.09030354203877707,0.0,0.0,0.0,0.0,0.17907365472518222,0.0,-0.08296287016645637,0.09611078455872586
2023-11-14,0.0,0.0,0.0,0.15762261005001757,0.04926396686242798,0.039313104665418555,0.0,-0.06904553852217102,0.0,0.0,0.0,0.0,0.15762261005001757,0.0,0.0,0.15762261005001757
2023-11-15,0.0,0.0,0.0,0.15744352922436314,0.05255629365770109,0.041845585808906766,0.0,-0.06304164975775528,0.0,0.0,0.0,0.0,0.15744352922436314,0.0,0.0,0.15744352922436314
2023-11-16,0.0,0.0,0.0,0.1315940704749553,0.042762613793754053,0.03368073837186619,0.0,-0.055150718309335066,-0.050644562837675995,-0.0518822076707915,0.0,0.0,0.029067299966487794,0.0,0.0,0.1315940704749553
2023-11-17,0.0,0.0,0.0,0.19355397065562346,0.07380161443436833,0.05681867138439252,0.0,-0.06293368483686261,0.0,-0.19355397065562346,0.0,0.0,0.0,0.0,0.0,0.19355397065562346
2023-11-20,0.0,0.0,0.0,0.2610269096332971,0.10738807893891457,0.08007251913222618,0.0,-0.0735663115621564,0.0,0.0,0.0,0.0,0.0,0.0,0.0,0.2610269096332971
2023-11-21,0.0,0.0,0.0,0.2575412846817736,0.103725783363991,0.07437086808972523,0.0,-0.07944463322805738,0.0,0.0,0.0,0.0,0.0,0.2575412846817736,0.0,0.0
2023-11-22,0.0,0.0,0.0,0.23875539851603092,0.09566699354091765,0.06723709014597425,0.0,-0.07585131482913901,0.0,0.0,0.0,0.0,0.0,0.0,0.0,0.0
2023-11-23,0.0,0.0,0.0,0.0,0.08915705254229628,0.06266174525879466,0.0,-0.06517723009331772,0.0,0.0,0.0,0.0,0.0,0.0,0.0,0.0
2023-11-24,0.0,0.0,0.25507816952635437,0.0,0.10407162265397646,0.07307443994900556,0.0,-0.0779321069233724,0.0,0.0,0.25507816952635437,0.0,0.0,0.10114894895813745,0.0,0.15392922056821695
2023-11-27,0.0,0.0,0.0,0.0,0.07153646581377655,0.051651263133475116,0.0,-0.06353933863552079,0.0,-0.18672706758277244,0.18672706758277244,0.0,0.0,0.18672706758277244,0.0,0.0
2023-11-28,0.0,0.0,0.0,0.0,0.09074139923217743,0.06530396848793628,0.0,-0.09042571629710103,0.0,0.0,0.24647108401721474,0.0,0.0,0.24647108401721474,0.0,0.0
2023-11-29,0.0,0.0,0.08701768576979681,0.1732412475841704,0.09242393647575761,0.06510588756311081,0.0,-0.10272910931509878,0.0,0.0,0.2602589333539672,0.0,0.0,0.14537479847456358,0.1148841348794036,0.0
2023-11-30,0.0,0.0,0.24067775826923676,0.0,0.0887339164427939,0.05851185164766817,0.0,-0.09343199017877471,0.0,0.0,0.14926551491806553,0.09141224335117124,0.0,0.13116125041847865,0.10951650785075813,0.0
2023-12-01,0.0,0.0,0.14974131670836538,0.0,0.06419264476720432,0.041845083983416624,0.04370358795774444,0.0,-0.07507291037068906,-0.07466840633767631,0.09329461195049508,0.05644670475787032,0.0,0.0,0.0,0.0
2023-12-04,0.0,0.0,0.1575539129713435,0.0,0.0662689862209051,0.03983673013157067,0.051448196618867736,0.0,-0.07359227804888639,-0.08396163492245712,0.1575539129713435,0.0,0.0,0.0,0.1575539129713435,0.0
2023-12-05,0.0,0.0,0.060778659625117346,0.09599370794784001,0.06095952296565673,0.03806129640020387,0.05775154820709677,0.0,-0.07493694958835069,-0.08183541798460667,0.15677236757295737,0.0,0.0,0.0,0.0,0.0
2023-12-06,0.0,0.0,0.042377856354157716,0.11325638927126111,0.058316929497484814,0.03720578222582748,0.06011153390210657,0.0,-0.07271471570504914,-0.08291952992036968,0.15563424562541883,0.0,0.0,0.0,0.0,0.0
2023-12-07,0.0,0.0,0.04556075305754216,0.11071714277646016,0.061766578335458615,0.03995169835725249,0.05455961914129124,0.0,-0.07379767959773678,-0.08248021623626556,0.15627789583400234,0.0,0.0,0.0,0.0,0.0
2023-12-08,0.0,0.0,0.05277197278768807,0.10386164138352837,0.061475992972618125,0.03844514763783134,0.056712473560766974,0.0,-0.07390516976775272,-0.0827284444034637,0.08635748276856957,0.07027613140264687,0.0,0.0,0.0,0.0
2023-12-11,0.0,0.0,0.05882749723475077,0.06604360522975809,0.047819156564531534,0.03130240553755031,0.045749540362427024,0.0,-0.048547632608937345,-0.04625701598150579,0.0,0.0,-0.03006645387406571,0.0,0.0,0.0
2023-12-12,0.0,0.0,0.03598033447013204,0.08798905766867057,0.04939074143927996,0.03205263271741455,0.042526017982108096,0.0,-0.04845023506071063,-0.04776729135326243,0.0,0.0,-0.027751865724829537,0.0,0.0,0.0
2023-12-13,0.05641420870580043,0.0,0.01956093120916536,0.05773558292107072,0.055920271956229714,0.03550201992189636,0.042288430957910454,0.0,-0.053061288337962406,-0.050106444158723853,0.0,0.0,-0.030542990339350273,0.0,0.0,0.0
2023-12-14,0.05185656696341447,0.024865568417345888,0.0177114012206311,0.048991649252016864,0.05684368092923971,0.035104871619491974,0.05147663330467663,0.0,-0.05253305448548834,-0.054467465612930435,0.08332666703431615,0.06009851881909216,-0.03642466575498953,0.0,0.0,0.0
2023-12-15,0.05413433362484085,0.026978592380623022,0.019293782260663375,0.05614108199527792,0.061197699035683485,0.039314501366917026,0.0560355898588047,0.0,-0.05308448787688581,-0.06615536411676395,0.08507233587992463,0.07147545438148056,-0.03730793826775545,0.0,0.07425276365383017,-0.08229502660757504
2023-12-18,0.05189587563434694,0.025907024203994173,0.017229961893893787,0.05394508168606218,0.06269982087834021,0.039856649498158765,0.046421473041798104,0.0,-0.05449525472962822,-0.056565500250368966,0.14897794341829707,0.0,-0.03791718843829987,0.0,0.0,-0.14897794341829704
2023-12-19,0.06620566980427807,0.034873516174044196,0.02068185743098312,0.06740036769109625,0.0782314603398176,0.05007137253219929,0.06085857822838476,0.0,0.0,-0.18916141110040163,0.116162259280639,0.07299915181976264,0.0,0.0,0.0,0.0
2023-12-20,0.060335276471145914,0.031008236377679275,0.018709881745739596,0.05933008290074849,0.05230169328821098,0.03341438074649254,0.04482055952170034,0.03884684393890943,0.0,-0.0982040276170365,0.09609711202224894,0.07328636547306433,-0.07117944987827675,0.0,0.16938347749531327,0.0
2023-12-21,0.0685254014689795,0.03522880986319684,0.021527095697909095,0.07162124520144238,0.06641152230888019,0.04247809057204597,0.0504522098412203,0.037560729509381344,0.0,-0.1969025522315278,0.10970917724620209,0.08719337498532569,0.0,0.0,0.0,0.0
2023-12-22,0.0754263771616969,0.038578384077722655,0.02455385484433292,0.07934553439823225,0.07368367708702653,0.0472793502557864,0.05548725752772575,0.04145386561144602,0.0,-0.21790415048198472,0.13295084345750893,0.0849533070244758,0.0,0.07382937959147357,0.06544947652470326,-0.07862529436580787
2023-12-25,0.07542370725268947,0.0385770184974175,0.024552985698011925,0.07934272576065794,0.0736810688653333,0.04727767668259008,0.05548529341471587,0.04145239824613757,0.0,-0.21789643720877683,0.13294613732329102,0.08495029988548582,0.0,0.07767816502196703,0.06266884310031606,-0.07754942908649375
2023-12-26,0.08943428115640982,0.04637318872281091,0.02811607295079514,0.09085680629799013,0.08727550327002125,0.05691133923873635,0.06330162251026,0.04729188410898847,0.0,0.0,0.1548922357651821,0.09988811336282397,0.0,0.09040612431086958,0.073714077099179,-0.09066014771795743
2023-12-27,0.07916189447830753,0.04194443381297657,0.02295143004643688,0.07689332637010712,0.07295489873936428,0.047390467644447085,0.053189690225847144,0.047416028098169596,0.0,-0.2209510847078281,0.13275520112832428,0.08819588357950382,0.0,0.0801016227090085,0.06364973259696294,-0.07719972940185664
2023-12-28,0.07741340812343431,0.041544543097092816,0.0,0.07861389212405609,0.06718080290405058,0.04358646113751041,0.04614400759858465,0.04066057170443754,-0.090484123728706,-0.1070877196158772,0.12375065517910112,0.07382118816548207,0.0,0.07416694075847786,0.05708327076246606,-0.06632163182363926
2023-12-29,0.07951508872504764,0.04201011991788839,0.0,0.07773745029813506,0.06589285340446112,0.042665081998261314,0.04716682063634748,0.043537902902001206,-0.09240234682894194,-0.1068603121121292,0.12330053209631425,0.07596212684475685,0.0,0.07494888844709123,0.05417931804663367,-0.07013445244734624
2024-01-01,0.07953617067328993,0.04202125812056113,0.0,0.07775806093858016,0.06591032367013373,0.042676393851959295,0.047179326042394956,0.043549446167943234,-0.09242684559420207,-0.10688864413822918,0.12333322294125425,0.07598226679117699,0.0,0.07375418491755494,0.05442846060266075,-0.07113284421221552
2024-01-02,0.07127183038679125,0.038110504500634114,0.02140895922289512,0.06412017162679554,0.06172319494233937,0.03497138274882788,0.04817819644749923,0.05003869159844951,-0.09932889475054107,-0.09558257098657492,0.12314081954762891,0.07177064618948706,0.0,0.0990725013809502,0.0,-0.09583896435616578
2024-01-03,0.07719998283761034,0.04066243301818045,0.021357850253611255,0.06866718441311889,0.07125920859671099,0.04060803052667843,0.04352275809761628,0.05249745330151521,0.0,-0.20788745052252092,0.12013615593996817,0.08775129458255272,0.0,0.0,0.0,-0.20788745052252092
2024-01-04,0.07415960682573555,0.03872634803596228,0.027367730087593856,0.0686127617531487,0.06590089002008062,0.03560720520838747,0.045904231385907886,0.06145412008806445,0.0,-0.20886644670244042,0.12389326736007356,0.08497317934236684,0.0,0.0,0.0,-0.20886644670244042
2024-01-05,0.06823879658995292,0.023620636813966315,0.03071839962055061,0.06580089867006537,0.06283979718636817,0.03367712757839371,0.03967673061659387,0.0521850763131795,0.0,0.0,0.18837873169453528,0.0,0.18837873169453528,0.0,0.0,0.0
2024-01-08,0.05319743969627018,0.02741786356720183,0.023133465751560976,0.051379445619305,0.05245425512828053,0.029816004611610318,0.035725170147465644,0.03713278474698152,-0.05017302087261343,-0.05079488905158467,0.155128214634338,0.0,0.05416030471013994,0.0,0.0,0.0
2024-01-09,0.05604481124780654,0.029820279098577682,0.021797732780383553,0.0554128752626561,0.07135337279496973,0.040850795170162386,0.0,0.05087153042429175,0.0,-0.07038768424394914,0.08341114064687373,-0.07966455774255012,0.09268801414547469,0.0,0.0,0.0
2024-01-10,0.05701526238900785,0.029950610654857903,0.0,0.054304422337201425,0.08960767118484742,0.05166262419621975,0.0,0.0,-0.04371681771151139,-0.05056444923602926,0.07367489646361451,-0.06759539891745266,0.04698902843352655,0.0,0.0,0.0
2024-01-11,0.06341074518180705,0.0319639218496365,0.0,0.0500717079056455,0.09293965069243211,0.05250672424465695,0.0,0.0,-0.042364416330417785,-0.049866417265844676,0.0,-0.14544637493708906,0.053215541340826594,0.0,0.14544637493708906,0.0
2024-01-12,0.06816383538156685,0.033303717525426324,0.0,0.058528084904301475,0.10322216806438335,0.056773469746911324,0.0,0.0,0.0,-0.06451183744643332,0.08779739970458529,-0.0721982381067094,0.09548380036486134,0.0,0.15999563781129467,0.0
2024-01-15,0.06513670463099698,0.03182471173202912,0.0,0.05370266074284232,0.09720185438199054,0.053462222723877906,0.0,0.0,0.0,-0.0607492590687653,0.08267671781394395,-0.06798735929192452,0.08991481803710313,0.0,0.0,0.0
2024-01-16,0.06969278821560201,0.0,0.0,0.06453660304755139,0.08459476813396291,0.04963462312919048,0.0,0.0,0.0,-0.06939844862306851,0.0,-0.1342293912631534,0.06483094264008486,0.0,0.0,0.0
2024-01-17,0.13438909199534366,0.0,0.0,0.0,0.03923227027382773,0.0235376662584829,0.0,-0.07161915546303303,-0.04458695905203878,-0.04967608568843343,0.0,-0.13438909199534366,0.04012604725487147,0.0,0.0,0.13438909199534366
2024-01-18,0.2549269366194975,0.0,0.0,0.0,0.08341702128443827,0.05168667515714339,0.0,-0.1198232401779159,0.0,0.0,0.0,-0.2549269366194975,0.0,0.0,0.0,0.2549269366194975
2024-01-19,0.1709127034202579,0.0,0.0,0.0,0.06127387329277212,0.03977237506872042,0.0,-0.06986645505876538,-0.08584774143869908,-0.08506496198155883,0.0,0.0,0.0,0.0,0.0,0.1709127034202579
2024-01-22,0.1449628952261637,0.0,0.0,0.11691710353711218,0.0988762247193742,0.06417601640626139,0.0,-0.0988277576376403,0.0,0.0,0.0,-0.2618799987632759,0.0,0.0,0.0,0.2618799987632759
2024-01-23,0.29888536335373705,0.0,0.0,0.0,0.11412775721337885,0.07787626740720355,0.0,-0.10688133873315463,0.0,0.0,0.0,0.0,0.0,0.0,0.14443873978258795,0.15444662357114913
2024-01-24,0.0,0.0,0.0,0.0,0.0911795036458815,0.06398888322778702,0.05890925402353126,-0.0762879044843575,0.0,0.0,0.0,0.0,0.0,0.0,0.14235237416696314,0.1480131712145942
2024-01-25,0.3,0.0,0.0,0.0,0.09440085075503668,0.06317824350269365,0.06484139178503429,-0.07757951395723535,0.0,0.0,0.0,0.0,0.0,0.0,0.16457393397867615,0.13542606602132387
2024-01-26,0.2271504895313391,0.0,0.0,0.0,0.09663898239943584,0.061834057490405096,0.06867744964149816,0.0,0.2271504895313391,0.0,0.0,0.0,0.0,0.0,0.1122127213703645,0.1149377681609746
2024-01-29,0.3,0.0,0.0,0.0,0.12771116361938206,0.08358573284477529,0.08870310353584264,0.0,0.0,0.0,0.0,0.0,0.0,-0.11943207510492675,0.09427770783505482,0.08629021706001842
2024-01-30,0.12307718555926708,0.0,0.04295997587725119,0.0,0.06996048833126978,0.04349240817060231,0.052584264934646165,0.0,0.10823412059449815,0.0,0.0,0.16603716143651825,-0.05780304084202009,-0.06964303250760019,0.051279403554261374,0.04511472537465667
2024-01-31,0.07932674824644582,0.040079805472562936,0.0,0.05738169670927574,0.06933567779456798,0.04128887815299646,0.06616369448072006,0.0,0.0,0.0,0.0,0.1767882504282845,-0.1767882504282845,-0.10777724955379574,0.0,0.06901100087448876
2024-02-01,0.08133219448797104,0.042954356433044585,0.0,0.05695260933303011,0.07365663559762375,0.04526578392670249,0.062316740729719475,0.0,0.0,0.0,0.18123916025404574,0.0,-0.18123916025404574,-0.12273513167979802,0.0,0.05850402857424773
2024-02-02,0.08730354629457746,0.04828660179156412,0.0,0.0,0.056097092817670495,0.03512719071492404,0.04436586455354702,0.0,-0.05781337477146736,-0.05283422434345506,0.0,0.0,-0.024942548971219156,0.0,0.13559014808614156,0.0
2024-02-05,0.0,0.0,0.0,0.0,0.05333266510503496,0.033394127059224316,0.041331516498759956,0.0,-0.04758996205843077,-0.05400720854566568,0.0,0.0,-0.02646113805892281,-0.08753272651186964,0.0,0.0405255821511496
2024-02-06,0.0,0.0,0.0,0.0,0.05647565071058707,0.03405273759957505,0.04794149348359486,0.0,-0.05295345391483819,-0.05442032124370623,0.0,0.0,-0.03109610663521256,-0.06744569940783136,-0.04216624045977959,0.028857941926146033
2024-02-07,0.0,0.0,0.0,0.0,0.06086561939230186,0.03648113945541648,0.04986271384021478,0.0,0.0,0.0,0.08309590760648813,-0.06411356508144499,-0.1472094726879331,-0.1472094726879331,0.0,0.0
2024-02-08,0.0,0.0,0.0,0.0,0.062176898206744685,0.03703629489250797,0.05079139683366374,0.0,0.0,0.0,0.08434459929975041,-0.06565999063316594,-0.15000458993291638,-0.15000458993291638,0.0,0.0
2024-02-09,0.0,0.0,0.0,0.0,0.058253863894684954,0.03565796143504497,0.048645436561356184,0.0,0.08799874716449795,0.0,0.0,-0.1425572618910861,-0.05455851472658817,-0.10183915703016413,0.0,0.04071810486092197
2024-02-12,0.0,0.0,0.0,0.0,0.058914396385930566,0.03459700689874308,0.046492320818200414,0.0,0.08090467214240776,0.0,0.0,0.0,-0.05909905196046632,-0.09963917248189248,0.0,0.040364551620981584
2024-02-13,0.0,0.0,0.0,0.0,0.045507536167427726,0.025286335407218127,0.040041122552951405,-0.030220072481437724,0.0571277650194799,0.04618257915424296,0.0,0.0,-0.03774472243531214,-0.09972561100162453,0.0,0.04132945560741045
2024-02-14,0.0,0.0,0.0,0.0,0.06423141877002221,0.03667289681961489,0.05200790593923638,0.0,0.0,0.0,0.0,-0.1529122215288735,-0.1529122215288735,-0.10761747152615925,0.0,0.045294750002714254
2024-02-15,0.0,0.0,0.0,0.0,0.0554440490222466,0.0306235716974673,0.047546709628276076,0.0,0.05494821902545899,0.04578171833287791,0.0,0.0,-0.03288439298965308,-0.09343331375536405,0.0,0.040181016592625934
2024-02-16,0.0,0.0,0.15115273475966737,0.0,0.04771587131305559,0.024384149756018034,0.04237932531085335,0.03667338837974044,0.06459603711939631,0.054005493620114,0.0,0.1511527347596674,-0.0325512040201571,-0.10454389241756347,0.0,0.046608842342103905
2024-02-19,0.0,0.0,0.15122119469994627,0.0,0.04805182159494932,0.024555829781109227,0.04234557025130535,0.036267973072582366,0.06462529388971196,0.054029953732422545,0.0,0.15122119469994627,-0.03256594707781178,-0.10303902418528227,0.0,0.04818217051466399
2024-02-20,0.0,0.0,0.15537906431719467,0.0,0.0487800876628463,0.02301349480383866,0.04450324013307638,0.039082241717433346,0.05998172276050062,0.05898014181061375,0.07949615800836025,0.07588290630883443,-0.0364171997460803,-0.10751236171037666,0.0,0.047866702606817996
2024-02-21,0.0,0.0,0.14777547696277055,0.0,0.04834350843948675,0.0205708332471998,0.04604270493469466,0.032818430341389336,0.06391844603261179,0.05453847896820066,0.0,0.14777547696277055,-0.02931855196195808,-0.10064564630855961,0.0,0.04712983065421095
2024-02-22,0.0,0.0,0.14642968759891803,0.0,0.04678332464944915,0.02388258020246643,0.043985137557009675,0.03177864518999278,0.06575173440260952,0.053107469640317095,0.0,0.14642968759891803,-0.02757048355599142,-0.09781368008519924,0.0,0.04861600751371878
2024-02-23,0.0,0.0,0.07941903354147302,0.09413769897407571,0.054680882291884274,0.025873200670056083,0.05294829559900538,0.040054353954602974,0.0,0.0,0.09718416323644957,0.07637256927909913,-0.17355673251554873,-0.11373911264792487,0.0,0.059817619867623864
2024-02-26,0.0,0.0,0.15036584726874455,0.0,0.04964574522575381,0.02494467479148737,0.04609419553357961,0.029681231717923764,0.09185334656886426,0.0,0.0,0.0,-0.058512500699880295,-0.09391349582751035,0.0,0.05645235144123419
2024-02-27,0.0,0.0,0.13846475022481014,0.0,0.04482276130790254,0.023142748886577236,0.043682471380964906,0.026816768649365455,0.055556933084639624,0.050374492584575936,0.13846475022481014,0.0,-0.03253332455559458,0.0,0.0,0.13846475022481014
2024-02-28,0.0,0.0,0.11897785248492687,0.0,0.04850537344173339,0.022985530307403784,0.047486948735789694,0.0,0.05111051669549436,0.04739480024107202,0.0,0.0,-0.020472535548360492,0.0,0.0,0.11897785248492687
2024-02-29,0.0,0.0,0.12359755562372157,0.0,0.04973456445312725,0.02472720588094877,0.04913578528964553,0.0,0.08854481765461465,0.0,0.0,0.0,-0.03505273796910692,0.0,0.0,0.12359755562372157
2024-03-01,0.0,0.0,0.1464449056286271,0.0,0.047123309220802996,0.026011344197926715,0.04486512207063876,0.028445130139258656,0.0580001940258581,0.06255847656723493,0.1464449056286271,0.0,-0.02588623503553406,-0.08501748696867482,0.0,0.0614274186599523
2024-03-04,0.0,0.0,0.13014732094799852,0.0,0.051457866905630846,0.027102240707234805,0.051587213335132866,0.0,0.0,0.0919562070444263,0.13014732094799852,0.0,-0.03819111390357222,0.0,0.0,0.13014732094799855
2024-03-05,0.0,0.0,0.055644742486918315,0.09344625690534632,0.047436858812569115,0.020568473833258733,0.052074381152942335,0.02901128559349442,0.0,0.11006588472700467,0.1490909993922646,0.0,-0.03902511466525994,0.0,0.0,0.1490909993922646
2024-03-06,0.0,0.044844291154279826,0.045698813826855755,0.06348296861567695,0.049075706062807985,0.022612361015932246,0.051137750109592914,0.031200256408479395,0.0704990518015051,0.06274945396389142,0.10118018025607435,0.05284589334073819,-0.020777567831416006,0.0,0.0,0.15402607359681253
2024-03-07,0.0,0.04212134884278206,0.05109500739739479,0.061483480361361205,0.04849476394774913,0.025145446019418257,0.05101230338448738,0.030047323249883254,0.07076695162788894,0.06096401519318639,0.09612750850098324,0.05857232810055482,-0.022968869780462732,0.0,0.0,0.15469983660153805
2024-03-08,0.0,0.04401889010308383,0.05247398041530426,0.07307361228270724,0.05454053537580678,0.02465729473621782,0.05796635387167293,0.03240229881739782,0.0,0.12317479052784955,0.10725987226714132,0.06230661053395404,-0.046391692273245785,0.08236167778675883,0.08720480501433653,0.0
2024-03-11,0.0,0.04427216031426577,0.057140993857316275,0.07804978638396579,0.05850776615133497,0.024282806723125258,0.05900517096262927,0.03766719671845828,0.0,0.0,0.11248372970277322,0.06697921085277461,-0.17946294055554782,0.07996408269684227,0.09949885785870553,0.0
2024-03-12,0.0,0.03855810908024828,0.05639257584790267,0.07364042838438391,0.04981853203891801,0.021664416095797927,0.05083934594773115,0.04626881923008775,0.0,0.0,0.10230617847854322,0.06628493483399166,-0.16859111331253487,0.0,0.16859111331253487,0.0
2024-03-13,0.0,0.0,0.07031681814459277,0.08333248065242589,0.04442502081477796,0.017509072178346345,0.049929131730923705,0.04178607407297061,0.07208848944743396,0.05813344419413435,0.0895101201043426,0.06413917869267603,-0.023427365155450332,0.0,0.1536492987970186,0.0
2024-03-14,0.0,0.0,0.0797385209721872,0.08284243169545778,0.04778648530747925,0.0180453154753092,0.05093295458605635,0.04581619729880018,0.07828884275091696,0.067493424999086,0.0925546784944338,0.0700262741732112,-0.016798684917642023,0.07902113710825642,0.08355981555938853,0.0
2024-03-15,0.0,0.0,0.07020495489468706,0.06991177109083747,0.04352982513475621,0.0,0.05557728595997702,0.04100961489079132,0.06671700657115295,0.0570860138764808,0.07592718229336097,0.06418954369216358,-0.016313705537890803,0.0,0.0,0.0
2024-03-18,-0.05173806369998722,-0.023439907726703405,0.04604412086540535,0.04340383758505661,0.04788506843171709,0.01655195450934079,0.055777524362191855,0.044411382573902876,0.08021899311011427,0.06781116424376622,0.08512691676022492,0.07949901311692767,-0.016595772523272108,0.0,0.0,0.1646259298771526
2024-03-19,0.0,0.0,0.07841610688505081,0.07301274978601056,0.047152439072936196,0.01606588619616846,0.051933947586466016,0.03627658381549071,0.07395997281179605,0.06288307174710726,0.08212215856825897,0.0693066981028024,-0.014585812112158075,0.0,0.0,0.15142885667106137
2024-03-20,0.0,0.0,0.07637000084830257,0.0748360495799642,0.049244205415026804,0.019381601770309387,0.0496415281925044,0.032938715050426184,0.07307048857775392,0.06004239708223519,0.08508965627694298,0.06611639415132378,-0.01809316476827765,0.0,0.0,0.15120605042826676
2024-03-21,0.0,0.0,0.08202409913902788,0.07762251058957578,0.04711551332552447,0.02023061169786453,0.048700918766698076,0.04359956593851658,0.07517908696555252,0.06168100446140367,0.094429181617911,0.06521742811069263,-0.02278651830164745,0.0,0.08466626531321705,0.07498034441538659
2024-03-22,0.047434223236463485,0.0,0.05535861554279475,0.05647199208428903,0.04584968089744833,0.020316057630048318,0.044436717240946444,0.04866237509510419,0.07535867504936695,0.059486633012037334,0.09296090434107256,0.06630392652247472,-0.024419522802142966,0.0,0.0,0.15926483086354726
2024-03-25,0.0,0.0,0.08469549384822608,0.07571555282568772,0.04501756718638819,0.019112559014743718,0.0468059176151446,0.04947500285763729,0.07775706202164877,0.061798418921135995,0.09500474346677892,0.06540630320713485,-0.020855565731129,-0.09193779338778062,0.0,0.06847325328613317
2024-03-26,0.0,0.0,0.08072416441614401,0.08065806694037693,0.04389839977717682,0.017657650346062218,0.049836345191817226,0.04998983604146468,0.07364639757351636,0.0639832503525704,0.09593192659158337,0.06545030476493756,-0.023752583430434158,-0.08914143374463732,0.0,0.07224079761188361
2024-03-27,0.05046684316462777,0.028046683374498636,0.044520141234867895,0.050670276160032716,0.04733055934861441,0.019897653664647876,0.05485749506324274,0.05161823585752197,0.08114328308496828,0.06910280460269166,0.10610782747502231,0.06759611645900465,-0.023457856246367016,-0.09550185047182706,0.0,0.07820209346219993
2024-03-28,0.04649426134259866,0.02796235309613709,0.04679037886795245,0.05317303258259241,0.04763942956768658,0.020152690355359593,0.05446639719535083,0.05216150877088361,0.08405848030692975,0.06820092734472814,0.11012505379348012,0.06429497209580051,-0.022160618237622758,-0.09753598481593216,0.0,0.07688404107334847
2024-03-29,0.04656476852652699,0.02800475718463934,0.046861335105424624,0.0532536679272579,0.04771167336564734,0.020183251319326006,0.054548993889524944,0.05224061016935057,0.08418595252738433,0.06830435205112242,0.11029205520825085,0.06439247353559803,-0.022194224165342145,-0.09826069980918006,0.0,0.07642382893466883
2024-04-01,0.0,0.0,0.0763075956411116,0.08671667910137762,0.04394210127108222,0.01819673907426664,0.05153309625005858,0.04935233814708176,0.07615433459348371,0.07010109946483656,0.10196204695883875,0.06106222778365047,-0.016768840684168947,-0.0892423559747092,0.0,0.07378191876778
2024-04-02,0.0,0.0,0.09019760292909584,0.08128528519509182,0.0460668778693187,0.01663541182147218,0.05291511711152241,0.05586548132187437,0.08795309294423476,0.0690764761354562,0.10515851120582906,0.0663243769183586,-0.014453319044496715,-0.06911539948760985,-0.05572385426882969,0.04664363436774812
2024-04-03,0.0,0.0,0.08965810042024555,0.08129555720472417,0.0452811017038055,0.017266744280468985,0.0534578129912988,0.05494799864939644,0.08439160232772454,0.07132937701305102,0.10078029020008411,0.07017336742488561,-0.015232678284194192,-0.0694096498090375,-0.05598663480620326,0.045557373009728966
2024-04-04,0.0,0.0,0.0772040327966815,0.07529863760342938,0.042785485631106554,0.0,0.05265238430632704,0.05706480046267729,0.07934434571277393,0.059443526845211536,0.0878733273320862,0.06462934306802469,-0.013714797842125401,0.0,0.0,0.1525026704001109
2024-04-05,-0.04497928097379445,-0.025096122238408552,0.05221826321426258,0.0471325516184441,0.04734086297731031,0.019723881847763455,0.04879343432289544,0.053568038896940486,0.08646784797067654,0.06816312829007158,0.09770990900477838,0.07171630904013132,-0.014795241784161571,0.0,0.0,0.16942621804490968
2024-04-08,-0.0674825879790055,-0.03380871474010181,0.07517776529151862,0.06353112531012735,0.06412030198440986,0.026446419544412715,0.07108917819696531,0.07834429359496542,0.13108808353807513,0.10891210978267815,0.13871148716423282,0.10128870615652044,0.0,0.0,0.0,0.24000019332075329
2024-04-09,-0.06994962916015836,0.0,0.08404946199356082,0.08269413352998987,0.06650834274422888,0.02653334763569046,0.06368149519574853,0.07997003910804118,0.12735826762739605,0.10933495705631302,0.137318792018656,0.0993744326650531,0.0,0.0,0.0,0.23669322468370907
2024-04-10,-0.1016183336616777,-0.04791241144777486,0.08547997712273812,0.0,0.06715063062824557,0.0,0.0755276774846889,0.09233241411925619,0.12988062911358078,0.10513009311860988,0.13547952973255442,0.09953119249963625,0.0,0.0,0.0,0.23501072223219066
2024-04-11,-0.0816694331695988,-0.03999090262835613,0.059700434309096474,0.0,0.04861546036656971,0.02110451347360716,0.04879396481241195,0.06284683145446258,0.09277746126830937,0.07056013595978851,0.10822252227768903,0.07313824782936235,-0.01802317287895352,-0.06669173756450343,-0.057991711850953816,0.05667732069159417
2024-04-12,-0.07666423187332838,-0.036727242394886436,0.0682554555372762,0.0,0.04621944762497322,0.0,0.053470854775608805,0.08195662740490903,0.09261190002662936,0.07207651806989838,0.11000360022373408,0.07164332958175697,-0.016958511708963304,-0.06911537394737033,-0.0544691315299651,0.05806242432815563
2024-04-15,-0.07774825181075332,-0.0395266275998308,0.059762887467658864,0.0,0.0,0.0,0.0754074211937684,0.10163034568447454,0.08293866551082535,0.07301079017625806,0.10665676479670791,0.07038100208153508,-0.021088311191159587,-0.0704332102859942,-0.05650414425795762,0.05010041233429115
2024-04-16,-0.08190713011579734,-0.040333425970872895,0.05301727392162741,0.0,0.0,0.0,0.08467818687865467,0.090579643129643,0.08809561224789009,0.06774999986165306,0.10982509051775921,0.0654327394905384,-0.019412217898754528,-0.06995278089057312,-0.05671941057873076,0.048585638538993774
2024-04-17,-0.06928155316057934,-0.03586313818639924,0.06361558565573822,0.0,0.0,0.0,0.0,0.16876027700271679,0.07985494297300287,0.06257601398500463,0.10319171987176717,0.06556855713094963,-0.026329320044709278,-0.06692046336670278,-0.056759041380925565,0.045080772255088435
2024-04-18,-0.10495064919593598,-0.052179795368903215,0.0899598601623123,0.0,0.0,0.0,0.10812554051404728,0.1389647642131042,0.13637266970548484,0.11071763502166669,0.14953329125350176,0.09755701347364977,0.0,-0.09604060145895228,-0.08554676761901596,0.0655029356491833
2024-04-19,-0.10153003727596227,-0.0456323511887943,0.0904288317339835,0.0,0.0,-0.053836537924511464,0.0,0.18375468227422856,0.12960050990304883,0.10799071029569124,0.14201150291511894,0.09557971728362111,0.0,-0.09365124289999875,-0.08008994461121943,0.06385003268752186
2024-04-22,-0.10693222764980855,-0.04811990779647779,0.09343594223268882,0.0,0.0,0.0,0.10159820453375573,0.14688987314521948,0.13584131859147447,0.11264675908750073,0.13466844898700595,0.11381962869196924,0.0,-0.09177301069798507,-0.09034322248270787,0.06637184449828223
2024-04-23,-0.10553832976086819,-0.049834116534897034,0.09311477827037483,0.0,0.0,0.0,0.10877508107196691,0.13971214349417316,0.14312507798147775,0.10536214658466231,0.13449832634591102,0.11398889822022909,0.0,-0.08801242931736665,-0.08920872641295473,0.07126606883581868
2024-04-24,-0.07820090518135434,-0.0380716872125045,0.060122614834922525,0.0,0.0,0.0,0.07449649250500748,0.10189871472377388,0.088045295305467,0.06311170093777363,0.09550095506743138,0.08089425216135,-0.02523821098554072,-0.06169687637405897,-0.05907981843408457,0.05561851242063782
2024-04-25,-0.07929011811145223,-0.03824188009211659,0.05892505052802986,0.0,0.0,0.0,0.0,0.1764570487315987,0.08453219023246565,0.06663761612671212,0.09569522851780918,0.08076182021378954,-0.025287242372420936,-0.06196775809923539,-0.058738407810869246,0.05575088282149408
2024-04-26,-0.08147204746007153,-0.03878015904453323,0.06305900371749275,0.0,0.0,0.0,0.07108345775588691,0.1122277524662106,0.08809191429975403,0.06621617312097594,0.09961629568732724,0.08369491453477021,-0.02900312280136751,-0.05960628413941934,-0.057702697659045454,0.0660022284236327
2024-04-29,-0.10935582733753854,-0.05281412048116567,0.09318718860572933,0.0,0.0,0.0,0.09339458273776817,0.16196255368666537,0.14278011191855475,0.11257702450587882,0.13908053280175459,0.11627660362267894,0.0,-0.0850922410520208,-0.07403106431763723,0.09623383105477552
2024-04-30,-0.11726721194751091,-0.05450705803689689,0.08717097029844542,0.0,0.0,0.0,0.0,0.2589452402828532,0.2589452402828532,0.0,0.12917262635882454,0.1297726139240287,0.0,-0.13707951797351878,0.0,0.12186572230933448
2024-05-01,-0.12866106721899984,-0.05833476816312086,0.10807207049325082,0.0,0.0,0.0,0.0,0.2950679058753715,0.0,0.0,0.1441393516833352,0.15092855419203632,0.0,-0.10958503170223519,-0.0906404151772968,0.09484245899583953
2024-05-02,-0.12623838562691728,-0.06163227874295999,0.1052299248968816,0.0,0.0,0.0,0.0,0.2931005892667589,0.0,0.0,0.14161581762673006,0.15148477164002883,0.0,-0.10994502471656366,-0.09683021491821593,0.08632534963197931
2024-05-03,-0.11493779052958483,-0.058076725320608,0.11128749788591413,0.0,0.0,0.0,0.0,0.284302013736107,0.0,0.0,0.13439644556924943,0.14990556816685757,0.0,-0.15204419840308825,-0.13225781533301867,0.0
2024-05-06,-0.1312117716977425,0.0,0.14883389801478428,0.0,0.09308884259468178,0.0,0.0,0.186956827117845,0.0,0.0,0.13684460354130867,0.1432010661712181,0.0,-0.1394087898998575,-0.14063687981266929,0.0
2024-05-07,0.0,0.0,0.12122676439638358,0.1483328401382998,0.061546554544735885,0.0,0.07373062050587378,0.13428242948407376,0.0,0.0,0.13003088442519095,0.1395287201094924,0.0,-0.16912983529517464,0.0,0.10042976923950873
2024-05-08,-0.08152269729507183,0.0,0.09461353659053527,0.1177522416294894,0.06447567643132905,0.0,0.08093911617995911,0.14847368290380838,0.0,0.0,0.14346946106475877,0.15041901445033776,0.0,-0.11459316446052731,-0.11798547189251887,0.06130983916205035
2024-05-09,0.0,0.0,0.13219091514142003,0.15246725808804776,0.06873901141127196,0.0,0.0755537891331094,0.1403653726850864,0.0,0.0,0.14571783020107992,0.13894034302838779,0.0,-0.1138965433742178,-0.11190481267209568,0.05885681718315423
2024-05-10,0.0,0.0,0.1305533573992775,0.15429869522596207,0.0633215917254122,0.0,0.08461683770251982,0.13691362319730757,0.0,0.0,0.14944265490903166,0.1354093977162079,0.0,-0.10365071178827738,-0.11438125122447916,0.06682008961248305
2024-05-13,0.0,0.0,0.07730037932009602,0.09439061244716793,0.04074064301340583,0.0,0.05034651445198279,0.0806038343018753,0.0,0.0,0.08564995529751973,0.08604103646974416,0.1716909917672639,-0.061552823207103875,-0.06892178409651742,0.04121638446364261
2024-05-14,0.0,0.0,0.06881268027508093,0.0800255893376897,0.03812072640633067,0.0,0.04280508760891014,0.06791245559752981,-0.11726509716408265,0.0,0.07645406013465494,0.07238420947811568,0.03157317244868797,0.0,0.0,0.1488382696127706
2024-05-15,0.04578792126673806,0.02837007696520662,0.038258461158993395,0.054880989745373386,0.03965063293112727,0.015569341408102233,0.042294659867179916,0.06978281492990207,0.0,0.0,0.08820053226680018,0.07909691686951131,0.16729744913631148,0.0,0.0,0.16729744913631148
2024-05-16,0.0,0.06483258033974214,0.08781032189757096,0.0,0.035381341213721815,0.013346110033987188,0.03812021188976711,0.065795239099837,0.0,0.0,0.08198074974867801,0.07066215248863508,0.1526429022373131,0.1526429022373131,0.0,0.0
2024-05-17,0.0,0.0,0.1428651310235217,0.0,0.03510345067802796,0.013331995792825575,0.0350612986935625,0.059368385859105664,0.0,0.0,0.07902566400467786,0.06383946701884383,0.1428651310235217,0.0,0.0,0.1428651310235217
2024-05-20,0.0,0.0,0.1443149988472518,0.0,0.03545230340570905,0.015397412279165579,0.03445296169761761,0.05901232146475958,0.0,0.0,0.08014873010567487,0.06416626874157691,0.1443149988472518,0.0,0.0,0.1443149988472518
2024-05-21,0.0,0.0,0.1444327747323226,0.0,0.036389308400991194,0.016077120873102074,0.032270070004846246,0.05969627545338309,0.0,0.0,0.08051748161068496,0.06391529312163766,0.1444327747323226,0.0,0.0,0.1444327747323226
2024-05-22,0.0,0.0,0.14342840527762185,0.0,0.03505103042900845,0.013946334538907394,0.03043742105305665,0.06399361925664938,-0.06050091911636031,-0.05401242729427046,0.08398056532146833,0.05944783995615352,0.028915058866991066,0.0,0.0,0.14342840527762185
2024-05-23,0.0,0.0,0.14626619950837327,0.0,0.0326890473194146,0.013990267260716754,0.03510614589495278,0.06448073903328912,-0.06083755640296038,-0.056420130311925824,0.07889031869113548,0.06737588081723773,0.029008512793487044,0.0,0.0,0.14626619950837325
2024-05-24,0.0,0.0,0.14549034806978747,0.0,0.03522850645888406,0.016328784685750025,0.033503286118833256,0.06042977080632012,-0.058634595295059946,-0.057510380264885995,0.0805058701082568,0.06498447796153069,0.029345372509841545,0.0,0.0,0.14549034806978747
2024-05-27,0.0,0.0,0.14547541118676344,0.0,0.03480447128057664,0.01613223990364731,0.034836304586624886,0.0597023954159146,-0.05862857552740729,-0.057504475915669144,0.08049760490867133,0.0649778062780921,0.02934235974368701,0.0,0.0,0.14547541118676344
2024-05-28,0.0,0.0,0.14448795423111474,0.0,0.03574534114693935,0.0161547245782706,0.03226026561557922,0.06032762289032557,0.0,0.0,0.08137480306084487,0.06311315117026992,0.14448795423111477,0.0,0.0,0.14448795423111477
2024-05-29,-0.05625405809951216,0.0,0.05389646979831598,-0.043762173532623225,0.05596058693403489,0.0,0.0,0.09795211449641644,0.0,0.0,0.08695666053046987,0.06695604089998149,0.15391270143045133,0.0,0.0,0.1539127014304513
2024-05-30,0.0,0.0,0.13123759885449945,0.0,0.044889369637163876,0.0,0.0,0.08634822921733556,-0.08798708732047492,0.0,0.07857861518400923,0.05265898367049023,0.043250511534024545,0.0,0.0,0.13123759885449945
2024-05-31,0.0,0.0,0.1327885909749957,0.0,0.0477710165593645,0.0,0.0,0.08501757441563124,-0.053530975220949066,-0.05241373308776368,0.06020909697227564,0.07257949400272007,0.026843882666282987,0.0,0.0,0.1327885909749957
2024-06-03,0.0,0.0,0.13100570565982492,0.0,0.04627253088204517,0.0,0.0,0.08473317477777975,-0.058357367368515545,-0.05094084538877051,0.07807895477095689,0.05292675088886804,0.021707492902538858,0.0,0.0,0.13100570565982492
2024-06-04,0.06801957992037652,0.041292492551387255,0.0459581647730937,0.0,0.05619206923065219,0.0,0.0,0.09907816801420528,-0.06809797257343377,-0.06511476840107791,0.09518102389047575,0.06008921335438171,0.02205749627034579,0.0772366822514975,0.0,0.07803355499335997
2024-06-05,0.07133371052898822,0.041316736075907946,0.04061529938374471,0.0,0.039618141555780896,0.018529701823738073,0.03328227036433259,0.0618356322447893,-0.0640060950705483,-0.06229570827473808,0.09493910148905785,0.05832664449958303,0.026963942643354485,0.0,0.0,0.15326574598864087
2024-06-06,0.06951000282518371,0.04072340206133126,0.0431245697162281,0.0,0.03831618314280256,0.01702334957138962,0.035561124703589714,0.0624573171849612,-0.0603126139832933,-0.057765386730540415,0.09532577492977727,0.05803219967296583,0.035279973888909355,0.0,0.0,0.15335797460274309
2024-06-07,0.0,0.0,0.13577171571810126,0.0,0.03603525223969124,0.017951929018819684,0.028540547441176522,0.05324398701841382,0.0,0.0,0.0,0.13577171571810126,0.13577171571810126,0.0,0.0,0.13577171571810126
2024-06-10,0.0,0.0,0.07164120495600584,-0.08605831695529315,0.04362221868227367,0.021588173878401316,0.028536182213303236,0.0639529471373208,0.0,0.0,0.0,0.15769952191129902,0.15769952191129902,-0.09177708283219835,0.0,0.06592243907910067
2024-06-11,0.0,0.04731972362425702,0.046483435411689,-0.06320721084072403,0.06854067959614177,0.035705551311303124,0.0,0.05276413896922516,0.0,0.0,0.0,0.15701036987667008,0.15701036987667008,-0.09083774805236756,0.0,0.06617262182430253
2024-06-12,0.08421791004328921,0.04606668296405522,0.036005185488742056,0.0,0.05877275003836309,0.03268401198138603,0.0,0.07483301647633735,0.0,0.0,0.16628977849608648,0.0,0.16628977849608648,-0.09814213765507417,0.0,0.06814764084101234
2024-06-13,0.08839768999564968,0.04738667068479394,0.0,0.0,0.08654220785270676,0.04924215282773687,0.0,0.0,0.0,0.0,0.0,0.0,0.1357843606804436,0.0,0.0,0.13578436068044358
2024-06-14,0.07806965424082785,0.04465897793619593,0.0,0.04217685308004031,0.10252076007185806,0.06238472518520606,0.0,0.0,0.0,0.0,0.1649054852570641,0.0,0.1649054852570641,-0.09943696043381685,0.0,0.06546852482324725
2024-06-17,0.0751664312520636,0.04241101590601124,0.0,0.04240556566359283,0.09719238456248738,0.06279062825918029,0.0,0.0,0.0,0.11128512564506739,0.0,0.0,0.04869788717660029,-0.1007054039914095,0.0,0.05927760883025819
2024-06-18,0.07710117497030052,0.040150479429921414,0.0,0.047124054968156116,0.0590829296821677,0.037326620957837425,0.0,0.06796615872837293,0.06734967155281683,0.06846743694590685,0.0,0.0,0.02855860086965439,-0.10184330770847196,0.0,0.06253240165990606
2024-06-19,0.07900734705823874,0.04114311959702825,0.0,0.04483121735213906,0.056104491833012686,0.03544494343710609,0.0,0.07343224873728728,0.06759795758646922,0.06871984364606888,0.0,0.0,0.028663882774867946,-0.10079882419513841,0.0,0.06418285981226762
2024-06-20,0.06818171158896427,0.03573194365318666,0.02523602910652456,0.0369481971917945,0.053537805348844815,0.0293640082580826,0.0,0.08319606793354258,0.06811926989500608,0.07428405811786712,0.16609788154046998,0.0,0.023694553527596793,-0.09838010641588309,0.0,0.06771777512458692
2024-06-21,0.07820606151385005,0.04275930855777152,0.0,0.04346794577150063,0.052234975914634295,0.028671597508955298,0.0,0.08352674241953258,0.07238245306357494,0.06617978572750723,0.0,0.0,0.025871077052040014,-0.09798043287714325,0.0,0.06645288296597891
2024-06-24,0.08049211815856476,0.04527976320604437,0.030369197775740743,0.0,0.06176121239271956,0.0,0.0,0.09437986674763033,0.06720203132807258,0.0658188175406251,0.15614107914034986,0.0,0.02312023027165217,-0.0910551448796743,0.0,0.06508593426067555
2024-06-25,0.10038499135812265,0.05663662875947274,0.0,0.0,0.05586594399550616,0.028305268703989507,0.0,0.07285040741809969,0.0650043641977665,0.06757325465759224,0.0,0.0,0.02444400126223659,-0.08778910632226077,0.0,0.0692325137953346
2024-06-26,0.10081850801894959,0.0561994913561014,0.0,0.0,0.056102896677071384,0.029635259741868616,0.0,0.07127984295611098,0.06757071387135251,0.06718143081957602,0.0,0.0,0.022265854684122448,-0.08918658490679364,0.0,0.06783141446825733
2024-06-27,0.09524572638546595,0.0537419035836488,0.0,0.0,0.09777487555431265,0.05121275441480212,0.0,0.0,0.06353465297805715,0.06352011017643486,0.0,0.0,0.021932866814622757,-0.08440064748661988,0.0,0.06458698248249488
2024-06-28,0.09867903238845896,0.049862582392587305,0.0,0.0,0.09835638878391485,0.05018522599713145,0.0,0.0,0.06640277309660257,0.06252248546643005,0.0,0.0,0.019616356218013664,-0.07847623505221966,0.0,0.07006537972882661
2024-07-01,0.0,0.0,0.047205673006152526,-0.0951197088445218,0.09102298920609521,0.051302392644579115,0.0,0.0,0.06233898846415727,0.0671501398544368,0.0,0.0,0.012836253532080254,-0.07454046514761213,0.0,0.06778491670306218
2024-07-02,0.0,0.0,0.0,-0.2318092287583371,0.14368017897283786,0.08812904978549926,0.0,0.0,0.11395438954703818,0.1178548392112989,0.0,0.0,0.0,-0.12400893025433504,0.0,0.10780029850400209
2024-07-03,0.12212651769057621,0.055412982269569436,0.042798322306379255,0.0,0.13323649691055514,0.08710132535596976,0.0,0.0,0.10877962220630061,0.11155820006022432,0.22033782226652493,0.0,0.0,-0.11684572622047917,0.0,0.10349209604604574
2024-07-04,0.11478400395596916,0.05208143240567574,0.0479348479829419,0.0,0.09211855119916387,0.06022109621138868,0.0,0.062460636934034246,0.10604576890365312,0.10875451544093367,0.21480028434458678,0.0,0.0,0.0,0.0,0.21480028434458678
2024-07-05,0.08922503995692167,0.04011049966920162,0.02761659901518275,0.047352764336645384,0.0914647275285157,0.061700395597867115,0.0,0.051139779851568604,0.09986328687279752,0.1044416161051539,0.1270259620479744,0.077278940929977,0.0,0.0,0.0,0.20430490297795142
2024-07-08,0.08961146721178491,0.0410387046682687,0.024956209054447138,0.04417901897344955,0.1191366734855352,0.08064872642241508,0.0,0.0,0.0955366255923066,0.10424877431564368,0.13728616356706427,0.062499236340886014,0.0,0.0,0.0,0.1997853999079503
2024-07-09,0.16176229064171058,0.07177486376818396,0.0,0.0,0.13836208010549672,0.09517507430439787,0.0,0.0,0.11156683857595351,0.1219703158339411,0.23353715440989456,0.0,0.0,0.0,0.10992133577141286,0.1236158186384817
2024-07-10,0.09683736578337214,0.0435240186420497,0.03252298519897995,0.04737064914611906,0.10153323082965826,0.0672631643908066,0.0,0.051458623550056,0.10295354302417037,0.11730147574635046,0.15731244453609308,0.06294257423442777,0.0,0.0,0.09841436936050343,0.12184064941001739
2024-07-11,0.08107478387422301,0.037376532037943305,0.023474173856005087,0.03861905414824208,0.08168782396976151,0.04456479268697899,0.0,0.05429192725967294,0.07410353378806112,0.08713006827652676,0.18054454391641347,0.0,-0.01931094185182563,0.05008441312257571,0.07030566377361537,0.06015446702022241
2024-07-12,0.11564450300583616,0.05364591528617117,0.03874115634948316,0.04378581853487997,0.09408283572141685,0.0490482078965684,0.04370220564929647,0.06498414390908874,0.11402026462919437,0.13779712854717607,0.2518173931763704,0.0,0.0,0.08763908152394267,0.1171039264636168,0.047074385188810984
2024-07-15,0.07896531821902612,0.03425017693318372,0.03132969392638218,0.0358802944205254,0.08804549336648382,0.04531722109519282,0.0,0.04706276903744083,0.0734526879412121,0.08473085598519986,0.18042548349911744,0.0,-0.022241939572705486,0.06572986045983657,0.08423997005561018,0.030455652983670707
2024-07-16,0.09093837470326714,0.04300902663234622,0.0,0.049389537595174504,0.08948189032461962,0.04460983727585485,0.0,0.04924521133031344,0.0,0.14198118945622928,0.18333693893078787,0.0,-0.041355749474558605,0.06750396150614055,0.08671247864978716,0.029120498774860164
2024-07-17,0.08995930577845809,0.042384564995790006,0.0,0.04360766398948395,0.10341202686958738,0.0,0.0,0.07253950789414465,0.06586238028131279,0.08774034276066721,0.17595153476373204,0.0,-0.022348811721752043,0.06524540928338829,0.0839005620931966,0.026805563387147142
2024-07-18,0.08666806956241598,0.038662042876786845,0.0,0.04431356350986631,0.09568250205453241,0.0,0.0,0.07396117389453667,0.06788675639083899,0.08337164921212425,0.1696436759490691,0.0,-0.01838527034610583,0.07710230666365155,0.09254136928541756,0.0
2024-07-19,0.08610040577429047,0.039468453503166454,0.0,0.03688236584018381,0.16245122511764074,0.0,0.0,0.0,-0.1271064162294324,0.0,0.16245122511764076,0.0,-0.035344808888208325,0.07104906401461972,0.091402161103021,0.0
2024-07-22,0.19317648915198485,0.08688964537005543,0.0,0.0,0.28006613452204027,0.0,0.0,0.0,-0.28006613452204027,0.0,0.28006613452204027,0.0,0.0,0.12711703043692082,0.15294910408511941,0.0
2024-07-23,0.13423339689911135,0.05992350355359594,0.0,0.059612850184850776,0.2537697506375581,0.0,0.0,0.0,-0.13646074581029483,-0.11730900482726325,0.2537697506375581,0.0,0.0,0.11333585023541083,0.14043390040214723,0.0
2024-07-24,0.096429477090255,0.0,0.0,0.046152209566600814,0.0,0.0,0.0,0.0,-0.06919891924001251,-0.05961965424817045,0.1425816866568558,0.0,-0.013763113168672866,0.05958218237260928,0.08299950428424652,0.0
2024-07-25,0.0910201863802797,0.039653285247346445,0.0,0.04672911858927372,0.0,-0.17740259021689989,0.0,0.0,-0.08033098093795997,-0.07236761921164785,0.0,0.0,-0.024703990067292077,0.060101328768587516,0.08513324880611907,-0.032168012642193274
2024-07-26,0.0979105576994462,0.04389909132179465,0.0,0.0436485379720544,0.0,0.0,0.0,0.18545818699329525,-0.0894230143515636,-0.07556400235798179,0.18545818699329522,0.0,-0.020471170283749823,0.07095518129320084,0.07982726940069104,-0.03467573629940335
2024-07-29,0.09261232070297344,0.04119253464038567,0.0,0.04316316636299154,0.0,0.0,0.0,0.17696802170635062,-0.08823319850826451,-0.06976259949778812,0.10265645599604144,-0.07431156571030918,-0.018972223700297993,0.06532357089507466,0.07908310468973336,-0.032561346121542635
2024-07-30,0.08257543091884274,0.03745816642358789,0.0,0.044711854560883134,0.0,-0.04666262941500661,0.0,0.11808282248830716,-0.08445933848104346,-0.06656899713162635,0.09707674414234323,-0.06766870776097053,-0.013717116290643941,0.0,0.11459819605538067,-0.05014725584793311
2024-07-31,0.0885947131751492,0.041097315048316055,0.0,0.047773166601735965,0.05766159540033251,0.0,0.0,0.1198035994248687,-0.09318292156078714,-0.06757874301930558,0.17746519482520123,0.0,-0.016703530245108515,0.0,0.12112943423775296,-0.05633576058744828
2024-08-01,0.07830482597343107,0.03712691122700364,0.0,0.04387813332786918,0.0,0.0,0.0,0.15930987052830387,-0.0812922479062758,-0.06168072753884908,0.10667489537959447,-0.052634975148709406,-0.016336895083178992,0.0,0.08831580782626194,-0.07099406270204195
2024-08-02,0.06386815469649226,0.031485285754182045,-0.007961681553322268,0.03826433760622589,0.0,-0.05297156658307971,-0.08860789302714275,0.0,-0.07254192430469679,-0.05537313706543618,0.09311747473051002,-0.04846198487971244,-0.013664398240089514,0.0,0.0,-0.14157945961022247
2024-08-05,0.07023631943958204,0.03519311111477102,-0.015294598989711238,0.03946051143972276,-0.047558259664446954,-0.0465677916124732,-0.06605848970686688,0.0,-0.0811336060610645,-0.0625524173850839,0.0961129532011184,-0.06407158778266864,-0.016498517537638653,0.059263695281372965,0.04751485492103614,-0.05340599078137792
2024-08-06,0.07099272489476803,0.0344918168763024,-0.016902027084896163,0.0377971700688757,-0.04264415748149307,-0.047040069783864824,-0.0704995116594844,0.0,-0.0812426561106245,-0.0630934344924272,0.09704001974797723,-0.06314371917686509,-0.0158476483217906,0.06427633098066746,0.043861655943852794,-0.052045752000322035
2024-08-07,0.0696946049857625,0.03282751613227258,-0.009113817136233946,0.0388384848725702,-0.04652248951352365,-0.04588172236675022,-0.05807021124656531,0.0,-0.07838772862782961,-0.058369333082886325,0.08945509545817207,-0.061019327668667106,-0.013717361416123277,0.07912071700327251,0.0,-0.07135370612356669
2024-08-08,0.082517086307388,0.03862818909369719,-0.011206532758154834,0.04942882065284029,0.0,-0.0718496210935288,-0.10993100771855152,0.0,-0.10476078814761806,-0.07701984066446227,0.11338545649686964,-0.06839517231521068,0.0,0.10089419125239864,0.0,-0.0808864375596817
2024-08-09,0.0803876311705884,0.03877878437887813,-0.010172221304105564,0.05392201061922533,0.0,-0.06860996900339428,-0.11465067846940319,0.0,-0.10455955184139559,-0.07870109563140183,0.11452558939232704,-0.0687350580804704,0.0,0.10093712242349284,0.0,-0.0823235250493046
2024-08-12,0.08850114737451259,0.04228952106578337,-0.00996050068828936,0.05809349122771764,0.0,-0.048937094592028316,-0.08224896152419155,0.0676586042400831,-0.19884466035630297,0.0,0.13204331640508224,-0.06680134395122074,0.0,0.10414200133063349,0.0,-0.09470265902566948
2024-08-13,0.09754807482049395,0.04668865771446909,0.0,0.0630146296254884,0.0,-0.03756394492653028,-0.0827728934723286,0.08691452376159257,-0.20725136216045145,0.0,0.13664826369019126,-0.0706030984702602,0.0,0.10981658125130843,0.0,-0.09743478090914301
2024-08-14,0.09099812082789954,0.04390832063333318,0.0,0.06803527144045907,0.0,-0.03555786457833455,-0.07532996784675587,0.0920538804766014,-0.11587298785425262,-0.0870687250474392,0.12603865542250622,-0.07690305747918559,0.0,0.08284320974811368,0.059671797177232,-0.0604267059763461
2024-08-15,0.11933823177323398,0.05901838156428461,0.0,0.09375099678340022,0.0,0.0,0.0,0.2721076101209188,-0.2721076101209188,0.0,0.2721076101209188,0.0,0.0,0.12010996991947796,0.06631622271923593,-0.08568141748220488
2024-08-16,0.10117207385529592,0.05029321851570679,0.0,0.07848733144907417,0.07756023369505693,0.0,0.0,0.15239239012502,-0.1305117009091483,-0.0994409229109286,0.22995262382007692,0.0,0.0,0.09267599913863821,0.06694392734916403,-0.0703326973322747
2024-08-19,0.10096308534521306,0.05057141455187911,0.0,0.0769632665293685,0.08654818193249506,0.0,0.0,0.1419495844939656,-0.12664952108255553,-0.10184824534390514,0.2284977664264607,0.0,0.0,0.09218631102474935,0.07446005662275768,-0.061851398778953626
2024-08-20,0.10190277904293774,0.051101994392369086,0.0,0.07646516635908958,0.09532804422372589,0.0,0.0,0.13414189557067055,-0.12699941035967668,-0.10247052943471972,0.2294699397943964,0.0,0.0,0.09691270353245672,0.07576779939685793,-0.05678943686508175
2024-08-21,0.09881013548127934,0.04928644158199208,0.0,0.08111585344456616,0.09254119713341676,0.0,0.0,0.13667123337442083,-0.1259458546806321,-0.1032665758272055,0.22921243050783757,0.0,0.0,0.09616002143178416,0.07885903714685202,-0.05419337192920142
2024-08-22,0.07755299665204336,0.03835200184691444,0.0,0.0582389036512182,0.062229702621951065,0.0,0.0,0.11191419952822496,-0.08670198834121469,-0.07133914836715725,0.17414390215017603,0.0,-0.01610276544180404,0.07260396261098938,0.06215834875555134,-0.03938159078363529
2024-08-23,0.10112496855232857,0.04938101897752088,0.0,0.0780326288561514,0.08975217981647385,0.0,0.0,0.138786436569527,-0.12619479624101898,-0.10234382014498189,0.22853861638600087,0.0,0.0,0.09318410164137461,0.08489555346032156,-0.05045896128430471
2024-08-26,0.07586489138915868,0.03730397393894518,0.0,0.05917245147893001,0.06427257819196489,0.0,0.0,0.10806873861506898,-0.08162406542468055,-0.06418533811350016,0.17234131680703388,0.0,-0.026531913268853177,0.06988983469078494,0.06611096629005275,-0.0363405158261962
2024-08-27,0.07650938703127488,0.037375137901031016,0.0,0.05800692779850037,0.06404800589003183,0.0,0.0,0.10784344684077443,-0.0829032181232197,-0.06709822042555241,0.17189145273080628,0.0,-0.02189001418203416,0.06952405529060889,0.06628131583073547,-0.036086081609461904
2024-08-28,0.07651182044101508,0.03702087789471311,0.0,0.055953142241179664,0.061980456134481096,0.0,0.0,0.10750538444242677,-0.08149310811987671,-0.06401094956257922,0.12384244140386198,-0.04564339917304588,-0.02398178289445193,0.06797966253979956,0.06618792876479715,-0.03531824927231112
2024-08-29,0.09772299598525154,0.047042782134267554,0.0,0.06893076724102931,0.06660372975056285,0.0,0.0,0.14709281560998558,-0.1179084956843707,-0.09578804967617773,0.15502760928812145,-0.05866893607242697,0.0,0.08371662748499642,0.082927720744975,-0.047052197130576984
2024-08-30,0.09774522208492482,0.0467422343317213,0.0,0.06846104896390481,0.07985220621956328,0.0,0.0,0.13309629916098767,-0.11301818155726098,-0.09993032382328991,0.1508287855838771,-0.062119719796673814,0.0,0.07935408363664402,0.0848976336224315,-0.048696788121475376
2024-09-02,0.08961342086021347,0.04285356795727496,0.013084370559100021,0.055726619830633,0.059619364320490836,0.0,0.038921411768017763,0.10273720311871283,-0.10682428203413907,-0.09445369717308234,0.14256269662165372,-0.05871528258556771,0.0,0.07715526016260228,0.08102816068314486,-0.04309455836147426
2024-09-03,0.08950049762625087,0.043884961067419674,0.0,0.06539652556278974,0.0,-0.047130602395105144,0.0,0.15165138186135513,-0.10833085300018336,-0.09045113125627693,0.12337953208705911,-0.07540245216940118,0.0,0.07937178211722129,0.08056350110813383,-0.03884670103110518
2024-09-04,0.09730937778392852,0.046150487001354275,0.0,0.06734506819942655,0.06706954415619976,0.0,0.0,0.14373538882850956,-0.11428647223028729,-0.09651846075442204,0.1377936818487171,-0.07301125113599219,0.0,0.07930856745339196,0.08580061339647398,-0.045695752134843365
2024-09-05,0.09022510629051385,0.04302392255845396,0.0,0.07070437755025749,0.0,-0.04926695377408646,0.0,0.15468645262513883,-0.11033221163384452,-0.09362119476538075,0.13947882501276923,-0.06447458138645605,0.0,0.08114214478139778,0.08119844036845233,-0.04161282124937516
2024-09-06,0.06966320113898165,0.03312016369385197,0.0,0.055605990167069345,0.0,-0.06100530160030004,-0.09738405339960293,0.0,-0.07801560949764418,-0.06668879518076293,0.10025424229867336,-0.05813511270122962,0.013684950321495849,0.065314395243915,0.06199307394978501,-0.031081885806202948
2024-09-09,0.08866501609177546,0.042708417506608025,0.0,0.06934502531373062,0.0,-0.03930004486881032,-0.059546544059759364,0.10187186998354442,-0.1089098530628446,-0.09180860584926949,0.14244492992068225,-0.058273528991431865,0.0,0.0831407488428359,0.0764748341394226,-0.04110287592985559
2024-09-10,0.08644791391084013,0.04147800299429624,0.0,0.06620763618748653,0.0,-0.06704760935710703,-0.12708594373551585,0.0,-0.10470514193843027,-0.08942841115419264,0.12953361229471078,-0.06459994079791215,0.0,0.07721613291085756,0.07413093912788364,-0.04278648105388166
2024-09-11,0.08648168084852974,0.04205951277706664,0.0,0.07437703534728107,0.0,0.0,-0.20291822897287748,0.0,-0.10980377611854172,-0.09311445285433578,0.13790194165271863,-0.06501628732015885,0.0,0.07863861610092442,0.07892159144682341,-0.04535802142512965
2024-09-12,0.07200555891064368,0.03444462432803602,0.0,0.058835163059263396,0.0,0.0,-0.07037863303772963,0.09490671326021347,-0.08043335452812254,-0.0676908497294469,0.11638592570361725,-0.048899420594325824,0.017161142040373625,0.06484457078442481,0.0621388717729934,-0.03830190374052491
2024-09-13,0.09569581879269459,0.045569828838591016,0.0,0.0804114955434557,0.08316358919417546,0.0,0.0,0.1385135539805659,-0.12066616155912253,-0.10101098161561875,0.2216771431747413,0.0,0.0,0.08747552378109093,0.08527032895154833,-0.048931290442102045
2024-09-16,0.07416679405363942,0.03514814362445996,0.0,0.0619129954135604,0.06356367939489377,0.0,0.0,0.10766425369676601,-0.08319229758976282,-0.06865266247040983,0.17122793309165976,0.0,0.019382973031487123,0.06994269351457771,0.06465314947970094,-0.03663209009738112
2024-09-17,0.07419437455123955,0.035391348554795046,0.0,0.0603852471547811,0.0,0.0,0.0,0.16997097026081573,-0.08310354188654129,-0.06847246960801083,0.16997097026081573,0.0,0.01839495876626363,0.07075114409760255,0.06445648919558684,-0.034763336967626325
2024-09-18,0.09915486290236747,0.045889482406574235,0.0,0.07485942236254597,0.0,0.0,0.0,0.0,-0.1199374965237999,-0.09996627114768779,0.2199037676714877,0.0,0.0,0.0926619196841455,0.0825396838961156,-0.044702164091226584
2024-09-19,0.0778950468379431,0.03553626743646658,0.0,0.057237975520704296,0.062022221773915455,0.0,0.0,0.10864706802119853,-0.08171515504186964,-0.06872384239660183,0.17066928979511398,0.0,0.020230292356642515,0.07047920255961995,0.06682346929800705,-0.03336661793748698
2024-09-20,0.07957951744815656,0.03535957456393377,0.0,0.050062088571478,0.16500118058356836,0.0,0.0,0.0,-0.07851250753571445,-0.06249414310902393,0.16500118058356836,0.0,0.023994529938829955,0.06977491782348044,0.06429990576645986,-0.030926356993628022
2024-09-23,0.07906289562197343,0.03504484752075715,0.0,0.04950503089203772,0.1636127740347683,0.0,0.0,0.0,-0.0749477998677702,-0.062361357380533486,0.1636127740347683,0.0,0.026303616786464607,0.07038339047153251,0.06399001243917561,-0.029239371124060175
2024-09-24,0.07496255947941423,0.03327679692752073,0.0,0.052179991544042625,0.1604193479509776,0.0,0.0,0.0,-0.07309281077790136,-0.061338968932260554,0.11774514310157139,0.04267420484940621,0.025987568240815686,0.06415448564598251,0.06615930151086889,-0.030105560794126192
2024-09-25,0.10449455380678088,0.04677157920958068,0.0,0.0,0.15126613301636155,0.0,0.0,0.0,-0.06790235574600423,-0.0582339384132017,0.1112359943855526,0.040030138630808954,0.025129838857155633,0.0629681903136896,0.06076603842740646,-0.0275319042752655
2024-09-26,0.10720354547363026,0.049131131475152384,0.0,0.0,0.05259597704491735,0.0,0.043093123082713354,0.06064557682115194,-0.07161022593988718,-0.061586853425223756,0.10702977775395847,0.04930489919482418,0.023137597583671704,0.06509868347659063,0.06199166236945861,-0.029244331102733397
2024-09-27,0.10488975971689028,0.04906460443074473,0.0,0.0,0.05012241423139273,0.0,0.04097994788840001,0.06285200202784226,-0.0689421613984323,-0.059293337919258025,0.10560473972585482,0.04834962442178016,0.02571886482994467,0.065185465786835,0.06170375502310087,-0.02706514333769916
2024-09-30,0.09959562099114039,0.048044478089048326,0.0,0.0,0.1476400990801887,0.0,0.0,0.0,-0.06606096062229053,-0.05713143977506549,0.10309081078870735,0.04454928829148137,0.02444769868283268,0.06234156522049947,0.05753012670000314,-0.027768407159686093
2024-10-01,0.07416692632223229,0.03627625249376134,0.0,0.05158567118602068,0.06865766809380357,0.0,0.0,0.09337118190821071,-0.07131708161189304,-0.06174598701455768,0.11362744357120917,0.048401406430805115,0.028965781375563594,0.06675858726819563,0.06471627435815404,-0.030553988375664635
2024-10-02,0.10346340733071296,0.04918679087650842,0.0,0.0,0.066713906717196,0.0,0.0,0.0859362914900254,-0.06570406565239688,-0.05847950860005923,0.10317939560703156,0.04947080260018986,0.02846662395476527,0.05741756017414671,0.061763020353177656,-0.033469617679897055
2024-10-03,0.1214302980539337,0.03669481490451099,0.0,0.0,0.0673036044820658,0.0,0.0,0.0908215084763789,0.0,-0.07352241264330099,0.11561497414301065,0.04251013881543403,0.08460270031514372,0.06414711741805615,0.07152455056891016,-0.022453444971478425
2024-10-04,0.0,0.0,0.0,0.0,0.06952618270321308,0.0,0.0,0.08385862474577646,0.0,0.0,0.10949330429517935,0.04389150315381017,0.15338480744898952,0.050944199967338295,0.07419265408611879,-0.02824795339553244
2024-10-07,0.0,0.0,0.0,-0.15442698167833666,0.04429131193054382,0.0,0.036716357757769,0.07341931199002386,0.0,0.0,0.11002990689842156,0.04439707477991512,0.15442698167833666,0.0,0.11860206065966236,-0.035824921018674336
2024-10-08,0.0,0.0,0.0,-0.14718229053032286,0.14718229053032286,0.0,0.0,0.0,0.0,0.0,0.14718229053032286,0.0,0.14718229053032286,0.0,0.10981732060416977,-0.0373649699261531
2024-10-09,0.0,0.0,0.0,-0.14992532208111123,0.08951873712714209,0.0,0.06040658495396915,0.0,0.0,0.0,0.14992532208111123,0.0,0.14992532208111123,0.0,0.11307013174974571,-0.036855190331365535
2024-10-10,0.0,0.0,0.0,-0.12055354052760883,0.12055354052760883,0.0,0.0,0.0,0.0,0.0,0.12055354052760883,0.0,0.12055354052760883,0.0,0.0,0.0
2024-10-11,0.0,0.0,0.0,-0.13808996667239473,0.08299067986973603,0.0,0.05509928680265871,0.0,0.0,0.0,0.09902736765935582,0.03906259901303892,0.13808996667239476,0.0,0.0,-0.13808996667239476
2024-10-14,0.0,0.0,0.0,-0.14065513409426464,0.05130927896114028,0.0,0.03471528093579345,0.054630574197330924,0.0,0.0,0.14065513409426464,0.0,0.14065513409426464,0.0,0.0,0.0
2024-10-15,0.0,0.0,0.0,0.0,0.06223107057323281,0.0,0.034994391857735674,0.0,-0.041056455182608385,-0.038741475030453366,0.09722546243096848,0.0,0.01742753221790673,0.0,0.0,0.0
2024-10-16,0.0,0.0,0.0,0.0,0.06451208802668806,0.0,0.0,0.0663991555560129,-0.0668343574532792,-0.06407688612942178,0.13091124358270098,0.0,0.0,0.0,0.0,0.0
2024-10-17,0.0,0.0,0.0,0.0,0.04838222360270368,0.019093497966549126,0.02316969158990461,0.06011069760401849,-0.07725444956480418,-0.07350166119837173,0.1507561107631759,0.0,0.0,-0.1507561107631759,0.0,0.0
2024-10-18,0.0,0.0,0.0,0.0,0.05195763769012362,0.023528695129121882,0.025436310779903947,0.05092398420818245,-0.07808345013280417,-0.07376317767452772,0.15184662780733188,0.0,0.0,-0.15184662780733188,0.0,0.0
2024-10-21,0.0,0.0,0.0,0.0,0.06035926474875416,0.029057363711908583,0.0,0.06058429261918129,-0.07726473807050002,-0.072736183009344,0.15000092107984403,0.0,0.0,-0.15000092107984403,0.0,0.0
2024-10-22,0.0,0.0,0.0,0.0,0.07064042491902202,0.037769367367666666,0.0,0.06347888472429249,0.0,-0.17188867701098118,0.17188867701098118,0.0,0.0,-0.17188867701098118,0.0,0.0
2024-10-23,0.0,0.0,0.0,0.0,0.13866114022157694,0.0,0.0,0.0,-0.07147882221768757,-0.06718231800388935,0.13866114022157694,0.0,0.0,-0.13866114022157694,0.0,0.0
2024-10-24,0.0,0.0,0.0,0.0,0.07503961406860468,0.03752295517947086,0.0,0.0,-0.04638682642949427,-0.04318987208006906,0.11256256924807555,0.0,0.02298587073851221,-0.11256256924807555,0.0,0.0
2024-10-25,0.0,0.0,0.0,0.0,0.0855794596607868,0.04892941233470667,0.0,0.0,0.0,0.0,0.1345088719954935,0.0,0.1345088719954935,-0.1345088719954935,0.0,0.0
2024-10-28,0.0,0.0,0.0,-0.15818676555771877,0.09881816688476217,0.0593685986729566,0.0,0.0,-0.08193650802922846,-0.07625025752849034,0.1581867655577188,0.0,0.0,-0.1581867655577188,0.0,0.0
2024-10-29,0.0,0.0,0.0,-0.1616381633289999,0.0991575786564122,0.06248058467258771,0.0,0.0,-0.08263048196085888,-0.07900768136814104,0.1616381633289999,0.0,0.0,-0.1616381633289999,0.0,0.0
2024-10-30,-0.054410009216612876,0.0,0.0,-0.07376721729747963,0.07970140042813101,0.04847582608596148,0.0,0.0,-0.05336261314915698,-0.05070193622753363,0.1281772265140925,0.0,0.02411267713740188,-0.1281772265140925,0.0,0.0
2024-10-31,-0.04975390680446337,-0.025900457580653746,0.0,-0.06500251627173978,0.14065688065685691,0.0,0.0,0.0,-0.058819613860631545,-0.056506178554408794,0.14065688065685691,0.0,0.025331088241816565,-0.10055394709057468,0.0,0.040102933566282216
2024-11-01,-0.04326744379425787,-0.023790104955597195,0.012571614087675827,-0.05111886247957544,0.08782818219342213,0.04291984312368421,0.0,0.0,-0.057867107783985,-0.05245864785024148,0.13074802531710636,0.0,0.02042226968287987,0.0,0.0,0.0
2024-11-04,-0.05095159072457227,-0.026812773440950403,0.015065952773410518,-0.06684547870024284,0.08273148306736296,0.0,-0.07694431257181307,0.0,0.0,0.0,0.15967579563917603,0.0,0.15967579563917603,0.0,0.0,0.0
2024-11-05,-0.04833965922009384,-0.023954987180605066,0.015670753482510923,-0.07155336108427035,0.07467879563568952,0.03692536981165,-0.047914595520140664,0.0,0.0,0.0,0.15951876096748016,0.0,0.15951876096748016,0.0,0.0,0.0
2024-11-06,-0.05521095532295142,-0.028692006463621494,0.0,-0.06656697131489388,0.06786245228508553,0.03701811921764254,-0.04558936159873872,0.0,0.0,0.0,0.09594869391535438,-0.05452123918611244,0.1504699331014668,0.0,0.0,0.0
2024-11-07,-0.05719870049985729,-0.0327344496959989,0.0,-0.08133837906076917,0.07890592754964694,0.04754879958551693,-0.04481680212146152,0.0,0.0,0.0,0.1712715292566254,0.0,0.1712715292566254,-0.1354847443017495,0.0,0.035786784954875896
2024-11-08,-0.05154634570040004,-0.02556342409445164,0.0,-0.06944631476922564,0.04224199482838612,0.024506216336442427,-0.027829022209481045,-0.05197885118976777,-0.06390339099222732,-0.05972311071641191,0.14655608456407734,0.0,0.022929582855438103,-0.14655608456407734,0.0,0.0
2024-11-11,-0.0527179337133246,-0.02466207861483342,0.0,-0.06112401430268141,0.04702207181712505,0.02646808611320822,-0.030840127690523834,-0.03417374100998233,-0.05869894795546225,-0.055843058006306505,0.0,-0.1385040266308394,0.023962020669070695,-0.1385040266308394,0.0,0.0
2024-11-12,-0.053856571827998086,-0.02742115533303076,0.0,-0.05726727052716878,0.03358265536243387,0.018420287987354362,-0.03209099916943859,-0.05445105516897081,-0.05852650005669785,-0.05555895016256154,0.0,-0.13854499768819764,0.02445954746893825,-0.13854499768819764,0.0,0.0
2024-11-13,-0.05832505566721069,-0.031425481926202654,0.0,-0.056314897671805884,0.032866733477556205,0.016518440653213638,-0.03583576249687142,-0.06084449863757796,-0.05981566524923957,-0.05775288324582342,0.0,-0.14606543526521923,0.028496886770156264,-0.08679735837656485,-0.05926807688865438,0.0
2024-11-14,-0.057212245037005144,-0.029291042268964843,0.0,-0.061953319626298464,0.034605823624596695,0.0,-0.03857578600226685,-0.07527499730540493,-0.061892219462281635,-0.061021469099156775,0.0,-0.14845660693226848,0.025542918370830083,-0.0749150982137193,-0.054206097989302315,0.01933541072924687
2024-11-15,-0.054743916110861324,-0.028992580052470004,0.0,-0.06094328821140937,0.0,0.0,-0.050789811110586364,-0.09388997326415432,-0.06023594544702564,-0.06081233214899988,0.0,-0.1446797843747407,0.023631506778715183,-0.07043119112879694,-0.052986566062452424,0.02126202718349133
2024-11-18,-0.05398555629782635,-0.029542396147117556,0.0,-0.06104689301337878,0.0,0.0,-0.055517086618933016,-0.0890577588393897,-0.05652623447596274,-0.054798700145769236,0.0,-0.1445748454583227,0.0332499108365907,-0.07086637229693932,-0.05675655071857916,0.01695192244280421
2024-11-19,-0.05386600966650917,-0.028211524587779355,0.0,-0.06329305992634161,0.0,0.0,-0.05814854327163722,-0.08722205090899292,-0.0568892274064356,-0.05430434767202714,0.0,-0.14537059418063014,0.034177019102167396,-0.07032769536882844,-0.05703725156014176,0.018005647251659918
2024-11-20,-0.054261775219256486,-0.028975496397181076,0.0,-0.06222882117273802,0.0,0.0,-0.05925645018142615,-0.08620964260774946,-0.05722535795291587,-0.054446509858592895,0.0,-0.1454660927891756,0.03379422497766685,-0.0692781297927983,-0.05819813242738548,0.01798983056899185
2024-11-21,-0.05388517314314543,-0.029577664021885105,0.0,-0.0598040054095142,0.05876838642416162,0.0,-0.0844984561503831,0.0,-0.052400946944556236,-0.05092439326372045,0.0,-0.14326684257454472,0.03994150236626807,-0.06798972206983402,-0.05668573238924254,0.01859138811546818
2024-11-22,-0.06452182864885393,-0.036574203492784785,0.0,-0.0650942965360217,0.07254631542311184,0.0,-0.0936440132545486,0.0,0.0,0.0,0.07944099981798383,-0.08674932885967661,0.16619032867766043,-0.0904648987482988,-0.07572542992936161,0.0
2024-11-25,0.0,0.0,0.0,-0.12623746820945908,0.05771542260247837,0.0,-0.06852204560698072,0.0,-0.04887026533953307,-0.047098783205555717,0.0,-0.12623746820945908,0.030268419664370275,-0.061067952471919186,-0.05155211651862623,0.01361739921891367
2024-11-26,0.0,0.0,0.0,-0.12907295297267019,0.0645117030450421,0.0,-0.0645612499276281,0.0,-0.04902295535856078,-0.04544318831605122,0.0,-0.12907295297267019,0.034606809298058185,-0.06171434860995714,-0.053212285481135525,0.014146318881577526
2024-11-27,0.0,0.0,0.0,-0.12154516512949541,0.05759627693679643,0.0,-0.06394888819269898,0.0,-0.047517119744929025,-0.04499195126582817,0.0,-0.12154516512949541,0.029036094118738226,-0.06475032204337741,-0.056794843086118006,0.0
2024-11-28,0.0,0.0,0.0,-0.12137374269971854,0.05947624045832666,0.0,-0.0618975022413919,0.0,-0.04745010350356726,-0.04492849642088906,0.0,-0.12137374269971854,0.028995142775262238,-0.06568953181496842,-0.05568421088475012,0.0
2024-11-29,0.0,0.0,0.0,-0.12159510492250894,0.0635857921472711,0.0,-0.05800931277523783,0.0,-0.04675999326837061,-0.046476313507687946,0.0,-0.12159510492250894,0.028358798146450384,-0.06700266590489891,-0.05459243901761006,0.0
2024-12-02,0.0,0.0,0.0,-0.13291847309435267,0.06137825112758819,0.032541925759322396,-0.03899829620744207,0.0,-0.05328716494512097,-0.0484633795429072,0.0,-0.13291847309435267,0.031167928606324488,-0.06407158637424484,-0.04951300093630731,-0.01933388578380052
2024-12-03,-0.06523276475216704,-0.03237073850990135,0.0,-0.08004301491272942,0.0638445443065375,0.0344243183720044,-0.03588679319630472,0.043490862299951125,0.0,0.0,0.0,-0.1776465181747978,0.1776465181747978,-0.0840561303369649,-0.0683938244391207,-0.025196563398712193
2024-12-04,0.0,0.0,0.0,-0.13717498870459233,0.06244055262021643,0.03509847779155428,0.0,0.0396359582928216,-0.054860974872087735,-0.05173493969303494,0.0,-0.13717498870459233,0.030579074139469656,-0.06493317024962951,-0.0523497291968325,-0.019892089258130297
2024-12-05,0.0,0.0,0.0,-0.13792376525973968,0.06231576321184303,0.03545371167621462,0.0,0.040154290371682014,-0.05477321142650217,-0.0525821671558449,0.0,-0.13792376525973968,0.030568386677392596,-0.06742024279699428,-0.05358078938064844,-0.016922733082096946
2024-12-06,0.0,0.0,0.02319735055205663,-0.11155045979578207,0.08280621993440068,0.05194159041343803,0.0,0.0,-0.05375595671781997,-0.05349659985598578,0.0,-0.13474781034783873,0.027495253774032963,-0.06255958536409528,-0.05034085134756896,-0.02184737363617447
2024-12-09,0.0,0.0,0.028672744492433757,-0.11266022567810793,0.05444799725330533,0.03118263876332748,0.0,0.05570233415390888,-0.05331465765543497,-0.052692170989593015,0.0,-0.1413329701705417,0.03532614152551369,-0.06595243074170885,-0.05338325470122851,-0.021997284727604316
2024-12-10,-0.04033073431358284,-0.02323976979036193,0.012984172796260171,-0.06769213514903467,0.14424681204923961,0.0,0.0,0.0,-0.05621828463329298,-0.054024446198262646,0.08374018970325396,-0.06050662234598565,0.03400408121768398,-0.08105672928867705,-0.06319008276056254,0.0
2024-12-11,-0.049653386400127016,-0.02971756767515095,0.014038271159892132,-0.06837897022231039,0.06332722408961773,0.040616580509727745,0.0,0.05784439085813499,-0.08610787946861964,0.0,0.10302212372581852,-0.05876607173166196,0.07568031598886084,-0.09405772064247597,-0.06773047481500452,0.0
2024-12-12,-0.05282214385737715,-0.03129667995740987,0.013712123055910025,-0.06578995190878272,0.16362089877947977,0.0,0.0,0.0,0.0,0.0,0.0938025106697278,-0.06981838810975194,0.16362089877947977,-0.09745276450084249,-0.06616813427863724,0.0
2024-12-13,-0.05636933295912917,-0.03233936574698521,0.010865436160833398,-0.057810969839103894,0.0,0.1573851047060517,0.0,0.0,0.0,0.0,0.0,-0.1573851047060517,0.1573851047060517,-0.08820826080436922,-0.06917684390168245,0.0
2024-12-16,-0.05464250337631534,-0.031564310456697185,0.011131888504798675,-0.05631453380170295,0.08033566861630806,0.0733175675232061,0.0,0.0,-0.08878081127846754,0.0,0.0,-0.15365323613951415,0.06487242486104662,-0.08165075733873224,-0.0720024788007819,0.0
2024-12-17,-0.057348914592012745,-0.03249749879660071,0.0,-0.06094675736254886,0.07791623078767902,0.0728769399634833,0.0,0.0,-0.08865782785983664,0.0,0.0,-0.15079317075116233,0.06213534289132571,-0.08534651804037348,-0.06544665271078885,0.0
2024-12-18,-0.05873380702735755,-0.03140662663166726,0.0,-0.05657348371263284,-0.14671391737165765,0.0,0.0,0.0,-0.09087016855020356,0.0,0.0,-0.14671391737165768,0.05584374882145411,-0.08519587507345222,-0.061518042298205435,0.0
2024-12-19,-0.06286842993011466,-0.034160539542132426,0.0,-0.0573650058163913,-0.037609576193091285,0.0,-0.04193526835852695,-0.07484913073702013,-0.06261229170746298,-0.05362327560582721,0.0,-0.15439397528863838,0.038158407975348196,-0.0740914956304572,-0.06187577361584773,0.01842670604233346
2024-12-20,-0.0622674515795453,-0.033334843070200994,0.0,-0.05495292012179356,0.0,0.0,-0.05468612571580233,-0.09586908905573754,-0.05996716784388938,-0.05401392183720666,0.0,-0.15055521477153985,0.03657412509044382,-0.0666639411409069,-0.060520782347751205,0.023370491282881753
2024-12-23,-0.06411948874063922,-0.03374384985751172,0.0,-0.0552455541390424,0.0,0.0,-0.056234487885440755,-0.0968744048517526,-0.06296187562648531,-0.05598539200892525,0.0,-0.15310889273719333,0.034161625101782785,-0.06692412156271521,-0.06152377642626109,0.024660994748217032
2024-12-24,-0.07255854375195558,-0.03768915734549571,0.0,-0.06531422165008395,0.0,0.0,-0.06660225082644607,-0.10895967192108917,0.0,0.0,0.0,-0.17556192274753527,0.17556192274753527,-0.07723629884798283,-0.0708812734732336,0.02744435042631885
2024-12-25,-0.07264763193351104,-0.037735432509227576,0.0,-0.06539441517293644,0.0,0.0,-0.06668402580574985,-0.10909345380992522,0.0,0.0,0.0,-0.17577747961567508,0.17577747961567508,-0.07794144931059882,-0.07142805826644504,0.026407972038631194
2024-12-26,-0.06817449666910341,-0.03579755981573258,0.0,-0.059022559681237846,0.0,0.0,-0.06183464010509966,-0.10115997606097418,-0.09897132592752785,0.0,0.0,-0.16299461616607386,0.06402329023854601,-0.07054677155987568,-0.06447468643641419,0.02797315816978399
2024-12-27,-0.07142877241457153,-0.03772677676179115,0.0,-0.061558525473827716,0.0,0.0,0.0,-0.1707140746501904,0.0,0.0,0.0,-0.1707140746501904,0.1707140746501904,-0.0700155848119908,-0.07042295233871029,0.03027553749948933
2024-12-30,-0.06979452342308648,-0.038061652564148965,0.0,-0.06871379805106019,-0.03800161946928379,0.0,-0.05362130223514011,-0.08494705233387174,0.0,0.0,0.0,-0.17656997403829564,0.17656997403829564,-0.07362855692873313,-0.07008676731052078,0.03285464979904174
2024-12-31,-0.07300444133259995,-0.037958538197367074,0.0,-0.06496976033615619,-0.042411998177033276,0.0,-0.054933441426706905,-0.07858730026238304,0.0,0.0,0.0,-0.1759327398661232,0.1759327398661232,-0.07404164117383372,-0.07248598479001,0.0294051139022795
2025-01-02,-0.06904428797418447,-0.03676930428564091,0.0,-0.06274637328176606,-0.07587712912962656,0.0,-0.09268283641196484,0.0,0.0,0.0,0.0,-0.16855996554159142,0.16855996554159142,-0.0711106199792479,-0.06770163698932331,0.02974770857302022
2025-01-03,-0.06429868291882468,-0.033562233326460314,0.0,-0.05765903625909334,0.0,0.0,0.0,0.0,0.0,0.0,0.0,-0.1555199525043783,0.1555199525043783,-0.06630014391026885,-0.06516554600687385,0.024054262587235614
2025-01-06,-0.06061334570307556,-0.03211142846867865,0.01121171309184387,-0.05446447482303689,0.0,0.0,0.0,0.0,0.0,0.0,0.0,-0.15840096208663498,0.15840096208663498,-0.06733753972266363,-0.06629751984038024,0.024765902523591125
2025-01-07,-0.0642613173774264,-0.03354157817067648,0.01138718259942899,-0.05648366473151762,-0.16567374287904946,0.0,0.0,0.0,0.0,0.0,0.0,0.0,0.16567374287904946,-0.06749793236285871,-0.06756198048992898,0.030613830026261772
2025-01-08,-0.06411468191265284,-0.03338620868192948,0.010937076892544566,-0.0566348339097048,-0.16507280139683167,0.0,0.0,0.0,0.0,0.0,0.0,0.0,0.16507280139683167,-0.06704627079634373,-0.06732894539018222,0.03069758521030572
2025-01-09,-0.06407271109908992,-0.03341001618785059,0.011328563277174868,-0.05699644127595304,-0.16580773184006842,0.0,0.0,0.0,0.0,0.0,0.0,0.0,0.16580773184006842,-0.06732472471748117,-0.06869102421797407,0.029791982904613185
2025-01-10,-0.06273371378398727,-0.03163271353873843,0.0,-0.05414036121362965,-0.09210619430204525,-0.056400594234310084,0.0,0.0,0.05973426286252586,0.05689570521276918,0.0,0.0,0.03187682046106031,-0.060392390784582535,-0.06280135285729237,0.025313044894480448
2025-01-13,-0.05983330237313425,-0.030053204331466535,0.008795131332583708,-0.05412154809908409,-0.09269009479674166,-0.06011309133952691,0.0,0.0,0.06153829633316442,0.06319986039778508,0.0,0.0,0.028065029405319065,-0.06217099638291774,-0.06383270494155137,0.02679948481179945
2025-01-14,-0.06093963858574466,-0.0314832229512049,0.010840788590831322,-0.05634391422848231,-0.05269932898619451,-0.03571699710125639,0.0,-0.07119123826881224,0.06358544985367609,0.06501470453308433,0.0,0.0,0.03100740996950274,-0.06558677825901592,-0.0678322292424407,0.026188556854806574
2025-01-15,-0.055796905077715474,-0.029570790053630967,0.014236631315713965,-0.05053827103784604,-0.15014259748490644,0.0,0.0,0.0,0.062433805780529664,0.061734181176931656,0.0,0.0,0.025974610527445114,-0.05985672366868164,-0.06428651541666133,0.02599935839956346
2025-01-16,-0.05889242447203128,-0.03192603583442251,0.015670796457224447,-0.052756854918774465,-0.040396550004838744,-0.026753579185259897,0.03695739705941865,0.05513858543293541,0.06643580681571613,0.06272693548252775,0.0,0.1592461116824527,0.0300833693842088,-0.06749246840556766,-0.07145072263967686,0.020302920637208167
2025-01-17,-0.05628903532724757,-0.02983251030652078,0.016046891609473108,-0.04903471669605536,0.0,0.0,0.054573168213324176,0.09662998572597266,0.06529161294752275,0.05950910161321171,0.1512031539392968,0.0,0.026402439378562334,-0.07248764394145796,-0.07871550999783886,0.0
2025-01-20,-0.05834990625855195,-0.03092474706170969,0.017864336767984507,-0.05051860985381138,0.0,0.0,0.06123637572679245,0.09642122421526507,0.06807873199381013,0.062049381184294455,0.15765759994205752,0.0,0.027529486763952914,-0.06316062113711951,-0.07127278953786745,0.023224189267070594
2025-01-21,-0.05656484964870731,-0.029635301638471872,0.018245860382033654,-0.04562874283871164,0.0,0.0,0.05818004435654388,0.09189471015138062,0.06572466606410507,0.0566052409250265,0.15007475450792448,0.0,0.027744847518792908,-0.0660600285859083,-0.08401472592201618,0.0
2025-01-22,-0.05736854635810568,-0.029020924969607974,0.017191865498007716,-0.04697306315728089,0.0,0.0,0.05947741995260404,0.09107698003039823,0.0643006647114151,0.05648071297275015,0.15055439998300227,0.0,0.029773022298837024,-0.06876110627861004,-0.08179329370439224,0.0
2025-01-23,-0.06158804153678258,-0.03163923715870434,0.020767700644703513,-0.049112188212429596,0.0,0.0,0.06145045839790734,0.10165670915471266,0.0,0.0,0.16310716755262,0.0,0.16310716755262,-0.07263616369377529,-0.09047100385884475,0.0
2025-01-24,-0.06061819867136512,-0.030899687577070296,0.02187126251488996,-0.05230776446140583,0.0,0.0,0.07129505176648351,0.09440186145824774,0.0,0.0,0.16569691322473123,0.0,0.16569691322473123,-0.07454616273018266,-0.09115075049454857,0.0
2025-01-27,-0.06611013772869498,-0.03497130557734672,0.028860727148142286,-0.04041582016722419,0.0,0.0,0.07201543491750673,0.09834255570390145,0.0,0.0,0.0,0.0,0.17035799062140816,-0.04420263165957995,-0.09014944664488334,0.03600591231694488
2025-01-28,-0.05908708940137049,-0.03150793305172801,0.02555289224331437,-0.056098265065378794,0.0,0.0,0.07012912643986279,0.10211705332192887,0.0,0.0,0.17224617976179166,0.0,0.17224617976179166,-0.061819057446787215,-0.11042712231500444,0.0
2025-01-29,-0.06148041195440039,-0.031826659868092536,0.02718795263512135,-0.060177448047884496,0.0,0.0,0.0717744080390396,0.10889806446645917,0.0,0.0,0.18067247250549878,0.0,0.18067247250549878,-0.07181152136787056,-0.07669028051503658,0.03217067062259167
2025-01-30,-0.11465339883694337,-0.05964717858286956,0.0525131132255003,-0.06746857131061589,0.0,0.0,0.11076035091068658,0.18352191104524257,0.0,0.0,0.2942822619559291,0.0,0.0,-0.1198259668160281,-0.12126481086127308,0.05319148427862793
2025-01-31,-0.14626287084621095,-0.07747460382112656,0.06209441708935958,0.0,0.0,0.0,0.10329336997440151,0.1825385217822956,0.0,0.0,0.2858318917566971,0.0,0.0,-0.14616553198986085,-0.13966635976683633,0.0
2025-02-03,-0.08620746279731457,-0.04467118247202685,0.033919676555694896,0.0,0.0,0.0,0.054691979232358155,0.11010634259267818,0.0,0.0,0.16479832182503634,0.0,0.16479832182503634,-0.07130410080693475,-0.06712416534079134,0.02637005567731028
2025-02-04,-0.08248134535211749,-0.04378998965512492,0.03768988850928438,0.0,0.0,0.024380598915652557,0.05665771311805604,0.08292291148281815,0.0,0.0,0.10882756244552506,0.0551336610710017,0.16396122351652676,-0.07285786299083591,-0.06325336152568738,0.02784999900000346
2025-02-05,0.0,0.0,0.14247113650198112,0.0,0.023968264779394663,0.018667979526534685,0.040740176609934745,0.05909471558611701,0.0,-0.11018353194240055,0.088408002652303,0.05406313384967812,0.03228760455958057,-0.0757784083359028,-0.06669272816607832,0.0
2025-02-06,0.0,0.0,0.1488220697500913,0.0,0.023858627954873254,0.0186175165457369,0.04327191316652692,0.06307401208295424,-0.06838858100780464,-0.06406329683870955,0.08547034626313611,0.0633517234869552,0.01637019190357711,-0.0709320313605511,-0.04272724550809679,-0.03516279288144341
2025-02-07,-0.1393733180020447,0.0,0.0799092587498379,0.0,0.0,0.027563573347542784,0.07455101975152621,0.11716798365281358,-0.11147183155121243,-0.10781074520067013,0.116898415934306,0.10238416081757659,0.0,-0.08535497756588956,-0.08306591432448066,-0.050861684861512366
2025-02-10,-0.10330650520325405,0.0,0.057809741310848706,0.0,0.0,0.0,0.06228651346036318,0.0988297330537396,0.0,0.0,0.0860322503236609,0.07508399619044188,0.16111624651410278,-0.06667033758111124,-0.06035238370041717,-0.03409352523257437
2025-02-11,-0.08081424975228138,-0.040782163798477176,0.04773154515580613,0.0,0.0,0.0,0.06873946845245449,0.10058849025411018,0.0,0.0,0.09523864289122783,0.07408931581533686,0.16932795870656467,-0.0668814879282109,-0.06107343954436119,-0.0413730312339926
2025-02-12,-0.07899953664320963,-0.040916401422023366,0.041771590077821434,0.0,0.0,0.0,0.06739928676105295,0.09428824138200144,-0.0678963228859754,-0.06715197889241628,0.08910150725718353,0.07258602088587086,0.02663922636466274,-0.06478213832504863,-0.05898130974070815,-0.03792408007729764
2025-02-13,-0.08933093469028601,0.0,0.0601231767613987,0.0,0.0,0.016759572423167696,0.06000172734233328,0.07269281168618376,-0.0628583719903663,-0.06123696528331831,0.08203187416080038,0.06742223729088431,0.025358774178000105,-0.07713698511528345,-0.07231712633640125,0.0
2025-02-14,0.0,0.0,0.12439757387818642,0.0,0.0,0.015570784391534946,0.05125581647221101,0.05757097301444043,-0.0540579371026438,-0.051901031722496646,0.06955183544901201,0.05484573842917439,0.01843860505304597,0.0,0.0,0.0
2025-02-17,0.0,0.0,0.13258727028393422,0.0,0.0,0.01629044240809314,0.05683388728348175,0.059462940592359334,-0.05761683362602122,-0.05531792869002561,0.07413077054422307,0.058456499739711155,0.019652507967887416,0.0,0.0,-0.13258727028393422
2025-02-18,-0.08570726989094526,0.0,0.05284268941207236,0.0,0.0,0.0,0.06656072428093152,0.07198923502208612,0.0,-0.09219442797419061,0.08558025592226179,0.05296970338075584,0.04635553132882701,0.0,0.0,-0.1385499593030176
2025-02-19,-0.08691623881762764,0.0,0.05344417029398124,0.0,0.0,0.0,0.06375305879955881,0.07660735031205007,0.0,0.0,0.087422324048088,0.05293808506352087,0.14036040911160888,0.0,0.0,-0.14036040911160888
2025-02-20,0.0,0.0,0.13869812274878182,0.0,0.0,0.0,0.06671894413702642,0.07197917861175543,0.0,0.0,0.08344503264041919,0.05525309010836264,0.13869812274878182,-0.06959508923317939,0.0,-0.06910303351560243
2025-02-21,0.0,0.0,0.12883585418574742,0.0,0.0,0.0,0.06532221691564327,0.06351363727010415,-0.052826851913952914,-0.04878065937986697,0.08036900048404426,0.04846685370170316,0.02722834289192755,0.0,0.0,-0.12883585418574742
2025-02-24,0.0,0.0,0.1389946219419363,0.0,-0.030658582485451173,-0.015191438325482856,0.04742392665352721,0.04572067447747507,-0.05786868195069119,-0.05381149921002594,0.09672173385350273,0.04227288808843354,0.027314440781219165,0.0,0.0,-0.1389946219419363
2025-02-25,0.0,0.0,0.13796613686634585,0.0,-0.03144235273167039,-0.017435723200289847,0.04497873093791365,0.04410932999647195,-0.062078552641411204,-0.05511477659587802,0.08811318514584991,0.04985295172049593,0.02077280762905662,0.0,0.0,-0.13796613686634585
2025-02-26,0.0,0.0,0.13749827565677483,0.0,-0.029308600882658336,-0.014579892580370733,0.04551801048132054,0.04809177171242524,-0.06365996975633938,-0.055654468018945545,0.08132374602484271,0.056174529631932105,0.018183837881489907,0.0,0.0,-0.13749827565677483
2025-02-27,0.0,0.0,0.13640174550460543,0.0,-0.03253141520880636,-0.019951341545593224,0.03717091034989875,0.046748078400307105,-0.06000448119720685,-0.0519072704287824,0.07589239474618695,0.06050935075841848,0.024489993878616174,0.0,0.0,-0.13640174550460543
2025-02-28,0.0,0.0,0.14352004051680825,0.0,-0.030083538438695955,-0.018641527586299913,0.03962463683168035,0.05517033766013204,-0.06648204238191208,-0.05380299975382863,0.07047668396469763,0.07304335655211062,0.02323499838106755,-0.07828273580875934,0.0,-0.06523730470804891
2025-03-03,0.0725699162584035,0.0,0.07251218014632674,0.0,-0.03100979503238357,-0.02017814111640858,0.03940141031335916,0.054492749942578925,-0.06791594041766451,-0.05463425466834664,0.07344462604187797,0.07163747036285228,0.022531901318719107,-0.14508209640473024,0.0,0.0
2025-03-04,0.0,0.0,0.13255866433706592,0.0,-0.0349047701541747,-0.02171691151290372,0.028367700658189707,0.04756928201179779,-0.06439731937529854,-0.04695051166547337,0.0765407225616357,0.0560179417754302,0.021210833296293988,0.0,0.0,-0.13255866433706592
2025-03-05,0.0,0.0,0.05796498909537014,-0.08039077036999231,-0.03368080224998768,-0.02080560800238021,0.03509112957344199,0.04877821963955257,-0.06342858634509517,-0.05329474300420667,0.06771256588080694,0.07064319358455552,0.021632430116060586,0.0,0.0,-0.13835575946536244
2025-03-06,0.0,0.0,0.060546676366655984,-0.09007712376446513,-0.037366096849261454,-0.032224744425803094,0.03907759946154707,0.04195535939450951,-0.06925617901368585,-0.05831240949513767,0.07144046773515508,0.07918333239596605,0.023055211622297588,0.05837714257609205,0.04402424469157474,-0.04822241286345432
2025-03-07,0.0,0.0,0.06341750980801696,-0.08736225118378355,-0.039706359527883255,-0.034556900402483354,0.03632895380565839,0.040187547255775516,-0.06664453058703289,-0.05751753204251231,0.07001807403672988,0.08076168695507062,0.026617698362255332,0.05865787128065468,0.042705281723469254,-0.04941660798767659
2025-03-10,0.0,0.0,0.05826184126429242,-0.09027387969290986,-0.05135752971168683,-0.03645852399816814,0.02897699739037426,0.03174266985697302,-0.0662433619413935,-0.05689615705348396,0.07352692311862458,0.0750087978385777,0.025396201962324786,0.058237238844964005,0.04453028491707818,-0.04576819719516008
2025-03-11,0.0,0.0,0.04332559183308434,-0.08928254831150026,-0.0781703745492563,-0.05443776559532831,0.0,0.0,-0.05823807427721723,-0.05097739189217904,0.06612095778474429,0.0664871823598403,0.023392673975188332,0.06945512137499019,0.0,-0.06315301876959441
2025-03-12,0.0,0.0,0.0361055535854708,-0.10585390637080008,-0.06703869187829598,-0.046565245404849,0.0283555226731259,0.0,-0.061721366915395114,-0.05358138936324182,0.07138295936558768,0.07057650059068318,0.026656703677633935,0.05909460129796273,0.04245592042707759,-0.04040893823123056
2025-03-13,0.0,0.0,0.03747047920611816,-0.10126226427910673,-0.0812624599276903,-0.057470283557534606,0.0,0.0,-0.06237697009998639,-0.05521972164158497,0.07483185127548217,0.06390089220974274,0.021136051743653496,0.0550639091373351,0.044173629918414524,-0.03949520442947527
2025-03-14,0.0,0.0,0.055837568572958955,-0.0858508641310071,-0.06432078641937465,-0.04616747392539314,0.031200172359198277,0.0,-0.0634058371433798,-0.05775476345294195,0.07688866086954263,0.06479977183442344,0.020527832107644323,0.051765333573033596,0.04559298626984938,-0.04433011286108308
2025-03-17,0.0,0.0,0.14016519500650976,0.0,-0.04600541430920363,-0.033705847598356715,0.025248518046523165,0.035205415052426255,-0.06222632154080986,-0.05764983038020507,0.07460474730324783,0.06556044770326193,0.020289043085494826,0.05444281048720553,0.03909808196727833,-0.04662430255202592
2025-03-18,0.0,0.0,0.14019546847341782,0.0,-0.04364067428740181,-0.032247229294910494,0.025397075959552227,0.0389104889315533,-0.0628828188356058,-0.0590733766454003,0.08159778663474707,0.05859768183867075,0.01823927299241169,0.05749476690554739,0.0424676717953858,-0.04023302977248464
2025-03-19,0.0,0.0,0.1418859668785777,0.0,-0.04436273657075387,-0.03227980845473612,0.02697707421067676,0.03826634764241096,-0.06314529880128274,-0.05934782874252875,0.07943817308532071,0.062447793793257,0.019392839334766196,0.058408282464602286,0.043511771906391196,-0.03996591250758424
2025-03-20,0.0,0.0,0.1411168554898643,0.0,-0.04533215783204584,-0.03313149228145445,0.023694672685723745,0.03895853269064027,-0.06160171417037122,-0.06089725180276192,0.07946991931196032,0.061646936177903996,0.018617889516731184,0.05416349529547002,0.04228363270209284,-0.04466972749230145
2025-03-21,0.0,0.0,0.045968289845555156,-0.10317550610057115,-0.050559808474417524,-0.0363571325627508,0.025508839887808877,0.03671801502114914,-0.0651233791570698,-0.06508431793899389,0.07843155610542928,0.07071223984069702,0.018936098850062626,0.055490812738875475,0.04450126706394106,-0.04915171614330979
2025-03-24,0.0,0.0,0.0437757714958045,-0.10569497396221224,-0.04073749396169331,-0.039639627148834004,0.026381652399783028,0.042711971947706415,-0.06228292561562146,-0.06574810990941111,0.07639226847331064,0.07307847698470611,0.02143970993298416,0.058676680337089504,0.043805126171445136,-0.04698893894948212
2025-03-25,0.0,0.0,0.05866760078434813,-0.13865468175973306,-0.04905796952962979,-0.04712561003569601,0.04333812613639969,0.05780057684235564,-0.09833156568324403,-0.09899071686083713,0.09777084100695409,0.09955144153712707,0.0,0.07744407398791765,0.060735171800629,-0.059143036755534534
2025-03-26,0.0,0.0,0.06075829791917945,-0.14355287588968418,-0.06571684938400897,-0.04735889798634664,0.0335284997983672,0.05770692664014083,0.0,-0.20431117380886366,0.10256156704277761,0.10174960676608603,0.0,0.07518121670166344,0.06712364900359931,-0.06200630810360088
2025-03-27,0.0,-0.040114089741421874,0.03081891872627389,-0.08142672561083554,-0.06290707094670464,-0.045646616948272274,0.0,0.043806046183554374,0.0,0.0,0.0861053762609338,0.0662543578175975,0.1523597340785313,0.07917278903819894,0.0,-0.07318694504033237
2025-03-28,0.0,0.0,0.040705995305421475,-0.10581558996883478,-0.08488909750911183,-0.06163248776514444,0.0,0.0,0.0,0.0,0.08677425173876614,0.0597473335354901,0.14652158527425624,0.05818918572024582,0.04969470547624255,-0.03863769407776787
2025-03-31,0.0,0.0,0.034889651259336775,-0.11106762101308118,-0.08398141269625405,-0.06197585957616389,0.0,0.0,0.0,0.0,0.09516787806692388,0.050789394205494075,0.14595727227241795,0.05598664314492672,0.04410694404762449,-0.04586368507986672
2025-04-01,0.10206822732483585,0.0,0.04558195548246327,0.0,-0.08529415262473722,-0.0623560301825619,0.0,0.0,0.0,0.0,0.09771943446806657,0.04993074833923255,0.1476501828072991,0.0563679049001577,0.047159179821417034,-0.044123098085724406
2025-04-02,0.0,0.0,0.13867593258034946,0.0,-0.07928666284229875,-0.05938926973805069,0.0,0.0,0.0,0.0,0.09037341264239075,0.048302519937958685,0.13867593258034946,0.05220386273647436,0.04427716892075163,-0.04219490092312347
2025-04-03,0.10054484622711227,0.045834526853081425,0.0,0.0,-0.0664143188527324,-0.05087405374709953,-0.02909100048036175,0.0,-0.06700638634769047,-0.06073457007376696,0.109690099286795,0.03668927379339867,0.01863841665873624,0.05275873890372782,0.05031127157315497,-0.04330936260331087
2025-04-04,0.09841158491494369,0.04969159276779727,-0.012125607281900642,0.0,-0.03888067655013608,-0.03151727239867714,-0.036174999466267635,-0.053655836549560784,-0.08423009800621174,-0.07599868695842989,0.112539493447153,-0.047689291517488616,0.0,0.058977966910921276,0.05245197060697861,-0.0487988474467417
2025-04-07,0.12265581144932855,0.0,-0.024596398164070075,0.0,-0.03629094401199562,-0.029308529389383848,-0.03441375422332473,-0.04723898198869444,-0.07772716566116522,-0.06952504395223337,0.0,-0.1472522096133986,0.0,0.05815141672610217,0.03540518337843263,-0.0536956095088638
2025-04-08,0.08786830367103393,-0.03928089487076624,-0.017182766864382595,0.0,-0.03778856245118857,-0.030431052963096974,-0.032519878127337726,-0.04359247186455948,-0.07669251764593031,-0.06763944776025244,0.0,-0.14433196540618276,0.0,0.07873996066456429,0.0,-0.06559200474161846
2025-04-09,0.0,-0.040317561991299614,-0.0172774798853093,-0.07699610255818176,-0.026597980809528413,-0.020272953590256212,-0.03793087130262027,-0.049789338732385814,-0.071115806194918,-0.06347533823987268,0.08043939331790369,-0.054151751116887005,0.0,0.07340254820620423,0.0,-0.061188596228586446
2025-04-10,0.0,-0.10330368671295793,-0.026626229884662064,0.0,-0.02948142617274387,-0.02313857661385966,-0.03216869056815243,-0.04514122324286408,-0.06843223721678356,-0.06149767938083645,0.09030398566490092,-0.03962593093271909,0.0,0.055153573126389036,0.030147525026885093,-0.04462881844434588
2025-04-11,-0.06004744191921929,-0.047699551552066496,0.0,-0.048964283799374765,-0.03419031226132092,-0.026847427255525958,-0.04127315049608093,-0.05440038725773277,-0.08247875889012987,-0.07423251838053069,0.15671127727066056,0.0,0.0,0.0631249455929223,0.043798108377403035,-0.04978822330033522
2025-04-14,0.0,-0.139883590025005,0.0,0.0,-0.03273386459638442,-0.025952042355059015,-0.03511571489359643,-0.046081968179965176,-0.07331527755204682,-0.0665683124729582,0.139883590025005,0.0,0.0,0.05385951170494769,0.04389092921114839,-0.04213314910890892
2025-04-15,0.0,-0.04935310495903238,0.0,-0.09868903426300234,-0.03606456337122726,-0.02824920032221164,-0.03700380517043839,-0.04672457035815741,-0.07763383739258647,-0.07040830182944822,0.1480421392220347,0.0,0.0,0.05489059905508888,0.0502481196664717,-0.04290342050047414
2025-04-16,0.10205613809179968,-0.045635681815903203,0.0,0.0,-0.03621349065960872,-0.028656871242652645,-0.03689134485969598,-0.04593011314574553,-0.07721998404265312,-0.07047183586504978,0.1476918199077029,0.0,0.0,0.05295207125429176,0.05159880668636248,-0.043140941967048665
2025-04-17,0.08725353301945867,-0.05927494751123804,0.0,0.0,-0.03566554217406159,-0.028331624877593407,-0.03647015284041501,-0.046061160638626676,-0.07700932089075756,-0.06951915963993915,0.1465284805306967,0.0,0.0,0.05210170335164923,0.05059451238015759,-0.04383226479888989
2025-04-21,0.0,-0.11383722622133093,0.0,0.0,-0.028138982176596807,-0.02240651983750244,-0.027968279651302327,-0.03532344455592938,-0.052808709928125495,-0.047559787989383685,0.11383722622133093,0.0,-0.01346872830382173,0.04047754654574366,0.039306617597603115,-0.03405306207798416
2025-04-22,0.0,-0.11315781489421549,0.0,0.0,-0.027860728873379006,-0.022283982836040467,-0.02794059825147427,-0.03507250493332175,-0.052330374238032926,-0.0464017068003076,0.11315781489421549,0.0,-0.014425733855874947,0.03915394519939503,0.04084345323321882,-0.03316041646160165
2025-04-23,0.0,-0.08436481650777287,0.025380062534557303,0.0,-0.035737375196685406,-0.028482099369265535,-0.018683124568479783,-0.026842279907899447,-0.05027849248200985,-0.04630608292560776,0.10974487904233017,0.0,-0.013160303634712562,0.03744703692507508,0.04017839451266631,-0.0321194476045888
2025-04-24,0.11470736919923696,0.0,0.0,0.0,-0.03703411524148522,-0.029026958545487015,-0.019852511114447566,-0.028793784297817163,-0.05229048635124554,-0.04751448905114085,0.11470736919923696,0.0,-0.014902393796850575,0.039194268498235305,0.04198418959376701,-0.03352891110723467
2025-04-25,0.09872278099788998,0.0,0.012362744542556658,0.0,-0.04348966756276603,-0.03330119701933114,0.0,-0.03429466095834946,-0.050599421395943346,-0.04599847001067885,0.11108552554044664,0.0,-0.014487634133824425,0.03755612006481137,0.04136522783661003,-0.03216417763902522
2025-04-28,0.11548479677838877,0.0,0.015514177248538793,0.0,-0.05124195153810934,-0.03845517413530815,0.0,-0.04130184835351007,-0.06868912164218163,-0.06230985238474594,0.13099897402692756,0.0,0.0,0.04531760677695334,0.048167073910618384,-0.037514293339355846
2025-04-29,0.11270203925040496,0.0,0.017722088541836017,0.0,-0.051903403064649335,-0.03899778355229335,0.0,-0.03952294117529829,-0.06836203461750338,-0.06206209317473761,0.130424127792241,0.0,0.0,0.04381639041571505,0.049458302290601136,-0.03714943508592479
2025-04-30,0.0739401686673047,0.0,0.009409718136464537,0.053952767829230634,-0.07838098044950369,-0.05892167418349614,0.0,0.0,-0.07127094720829409,-0.06603170742470575,0.13730265463299984,0.0,0.0,0.04634195898130047,0.05219311060531683,-0.03876758504638257
2025-05-01,0.11163183908542525,0.0,0.01669106185631815,0.0,-0.07633559015366544,-0.05198731078807796,0.0,0.0,-0.06886524804905221,-0.059457652892691164,0.1283229009417434,0.0,0.0,0.043418448759358554,0.049040962752418545,-0.035863489429966304
2025-05-02,0.07537509911499601,-0.040726035950818876,0.017585685992371397,0.0,-0.07993366365200213,-0.053753157406184145,0.0,0.0,-0.07125655109712066,-0.062430269961065606,0.13368682105818627,0.0,0.0,0.047674753752754206,0.05227382043866633,-0.033738246866765714
2025-05-05,0.0,-0.09592862128999434,0.03807223755040181,0.0,-0.13400085884039614,0.0,0.0,0.0,-0.07111958051623003,-0.06288127832416612,0.13400085884039614,0.0,0.0,0.04785427525500878,0.05096200740168228,-0.035184576183705095
2025-05-06,0.07765617103550493,-0.05288949104946748,0.021535728282163356,0.0,0.0,0.0,0.0,0.0,-0.08115700190312972,-0.07092438846400606,0.15208139036713575,0.0,0.0,0.05374902197462131,0.056340247985973826,-0.04199212040654063
2025-05-07,0.08400911826565746,-0.04525372861372778,0.023219329920039642,0.0,0.0,0.0,0.0,0.0,-0.08128123904086874,-0.07120093775855617,0.1524821767994249,0.0,0.0,0.05269292706552993,0.058824382024980866,-0.04096486770891411
2025-05-08,0.0,-0.08905024294066047,0.04714869078486354,0.0,0.0,0.0,0.136198933725524,0.0,-0.07298099121227351,-0.0632179425132505,0.136198933725524,0.0,0.0,0.04854784146682628,0.052304165998775076,-0.03534692625992262
2025-05-09,0.0,-0.06533142421005585,0.04114720355942611,0.0,-0.03470629222318188,-0.024896786716441233,0.046875548829858844,0.0,-0.05078648211935503,-0.04420053674501198,0.10647862776948196,0.0,0.011491608905114938,0.03820483894866695,0.043484815599849944,-0.02478897322096507
2025-05-12,0.0,-0.08781876237437028,0.047233179279556746,0.0,0.0,0.0,0.13505194165392703,0.0,-0.07194527726371285,-0.06310666439021419,0.13505194165392703,0.0,0.0,0.0474091794257927,0.05665937435998516,-0.03098338786814913
2025-05-13,0.0,-0.05618705932398422,0.027355715492043062,-0.0540155425816995,0.0,0.0,0.1375583173977268,0.0,-0.07377509340572183,-0.06378322399200496,0.1375583173977268,0.0,0.0,0.06081979679851916,0.07673852059920765,0.0
2025-05-14,0.0,-0.05034593751993567,0.023176403998784154,-0.06398271785348522,0.0,0.0,0.13750505937220503,0.0,-0.07446395776251255,-0.06304110160969248,0.13750505937220503,0.0,0.0,0.0581644118688973,0.07934064750330774,0.0
2025-05-15,0.0,-0.043017622610837906,0.021991315815419635,-0.0774410074508003,0.0,0.0,0.14244994587705784,0.0,-0.07672417966630247,-0.06572576621075536,0.14244994587705784,0.0,0.0,0.05158905091145673,0.0677746726839005,-0.023086222281700597
2025-05-16,0.0,-0.042519909430061224,0.021721904774951017,-0.07873943541919685,0.0,0.0,0.07123224683351621,0.07174900279069289,-0.07750097932374782,-0.06548027030046129,0.14298124962420908,0.0,0.0,0.04650929642275162,0.06150513471855146,-0.034966818482906045
2025-05-19,0.0,-0.04061583411232986,0.019638843576057975,-0.06112179784944502,0.0,0.0,0.058972326856997055,0.0624041486808358,-0.052634312668202135,-0.044692096589174175,0.12137647553783285,0.0,-0.024050066280456528,0.03978147836775776,0.051084733355266254,-0.03051026381480884
2025-05-20,0.0,-0.04420365848625326,0.02304233932550322,-0.07654489748153014,0.0,0.0,0.0671457279789762,0.07664516731431043,-0.0778572594093893,-0.06593363588389732,0.14379089529328662,0.0,0.0,0.046645913422395394,0.06184116338000188,-0.03530381849088933
2025-05-21,-0.04257816001062212,-0.039329243234690975,0.015324850743942206,-0.05556242911512371,0.0,0.0,0.07137100303873899,0.08142368006563999,-0.08077061001397395,-0.07202407309040504,0.15279468310437902,0.0,0.0,0.05035049123403564,0.06423548419483857,-0.03820870767550479
2025-05-22,-0.04025219857936529,-0.04102763566127598,0.01564408246011851,-0.05584162861622988,0.0,0.0,0.07184779095161362,0.08091775436537604,-0.08175847948431512,-0.07100706583267452,0.15276554531698966,0.0,0.0,0.05145679699114154,0.06420446513193956,-0.03710428319390857
2025-05-23,-0.03894198946550204,-0.041563872600272826,0.014531138627552623,-0.057891599663579485,0.0,0.0,0.058889559402826495,0.09403904095408049,-0.08193141139304129,-0.0709971889638657,0.15292860035690697,0.0,0.0,0.05027716905823277,0.06537909438881954,-0.03727233690985469
2025-05-26,-0.03863471708533301,-0.041235912210004576,0.015636463520757937,-0.05743480508619459,0.0,0.0,0.06778395364930592,0.08515794425298416,-0.08193853554548079,-0.0710033623568093,0.1529418979022901,0.0,0.0,0.050583417934007835,0.06500861263066417,-0.037349867337618074
2025-05-27,0.0,-0.05005850187593217,0.02162809094914942,-0.0726918621218037,0.0,0.0,0.06110005271825527,0.08327840222863002,-0.07781213069425182,-0.06656632425263345,0.14437845494688528,0.0,0.0,0.04773177940816968,0.061461770652389246,-0.035184904886326376
2025-05-28,-0.03568837776761186,-0.03382284595170002,0.012286639337051165,-0.04715090056960884,0.0,0.0,0.05793041495607893,0.07101834866989297,-0.0563236658379553,-0.04734486164674023,0.12894876362597188,0.0,-0.025280236141276363,0.04426053597398984,0.056119011982400775,-0.028569215669581285
2025-05-29,0.0,-0.05097178031260241,0.018706184112662602,-0.06904541731864652,0.0,0.0,0.06625212525185434,0.07247125649205723,-0.07453747744034131,-0.06418590430357027,0.13872338174391155,0.0,0.0,0.06029718790602769,0.07842619383788386,0.0
2025-05-30,0.0,-0.05149134049278159,0.02060990612089093,-0.07304607489421303,0.0,0.0,0.06076688314216327,0.08438043836572225,-0.07935840848889276,-0.06578891301899278,0.14514732150788553,0.0,0.0,0.051145704720962006,0.06234209361564636,-0.03165952317127716
2025-06-02,-0.04031229906399718,-0.03821469470706963,0.013667253163995804,-0.0526772008616385,0.0,0.0,0.06405737704417348,0.08081407075252764,-0.08310673571226532,-0.0617647120844358,0.10197999171960008,0.04289145607710103,0.0,0.0514972045909956,0.060605853477425226,-0.03276838972828031
2025-06-03,-0.040273823153314285,-0.03779271462782152,0.013952306892725886,-0.05172630905545453,0.0,0.03213398529901674,0.04834172699014786,0.06326944144015163,-0.14374515372931623,0.0,0.10028559651957239,0.04345955720974386,0.0,0.05082569924122307,0.060091784842272566,-0.03282766964582059
2025-06-04,0.0,-0.04513556534404823,0.021239655802527953,-0.07004226808811886,0.0,0.030744557528366984,0.050295865241404204,0.05537706646492386,-0.13641748923469504,0.0,0.09564129493469653,0.04077619429999852,0.0,0.04830864431522444,0.058473518746297526,-0.029635326173173094
2025-06-05,0.0,-0.04492476298751086,0.020329600721790523,-0.07154933397637929,0.0,0.02676082187124796,0.05406256410295895,0.05598031171147377,-0.13680369768568065,0.0,0.08993579033615445,0.04686790734952621,0.0,0.04775182517946414,0.057565936097635294,-0.03148593640858124
2025-06-06,-0.05241578393939025,-0.03750629946216067,0.013996018574015473,-0.04769265789306521,0.0,0.030248539724535773,0.056694817592058404,0.06466740255203741,0.0,0.0,0.10056882715753343,0.051041932711098165,0.0,0.05442237104196759,0.06546034089036287,-0.03172804793630112
2025-06-09,-0.05036948021791267,-0.038884300983848256,0.014950609788135298,-0.04777359162086831,0.0,0.030381855936489535,0.05346922390702771,0.06812690276724732,0.0,0.0,0.0975557848056954,0.05442219780506914,0.0,0.05472011826362542,0.06590462359305213,-0.031353240754086985
2025-06-10,-0.05013257858108123,-0.03926637357952628,0.01469643557458933,-0.04141950982248188,0.025444457922282192,0.026667117681054328,0.034611239499973974,0.05879208245436821,0.0,0.0,0.09353985707950532,0.05197504047817339,0.0,0.05288695359732335,0.0627285111799527,-0.02989943278040265
2025-06-11,0.0,-0.05106595672077952,0.023530123041849038,-0.06905077220625905,0.0,0.02668717719550433,0.038626025203075794,0.07833364957030745,0.0,0.0,0.10378498537121321,0.03986186659767438,0.0,0.057907950194634204,0.06478008647203234,-0.020958815302221045
2025-06-12,0.0,0.0,0.12544022185363732,0.0,0.02480501474247755,0.02483317986757014,0.0,0.07580202724358963,0.0,0.0,0.09333814362991409,0.03210207822372324,0.0,0.04625176831597351,0.05158934130782479,-0.027599112229839014
2025-06-13,0.0,-0.05325293211421451,0.023582084401733403,-0.05805572575760229,0.0,0.0,0.0,0.1348907422735502,0.0682001722034252,0.06669057007012501,0.10238396588620727,0.03250677638734295,0.0,0.04892200880930423,0.055886347140107026,-0.030082386324138947
2025-06-16,0.0,-0.08950535632535447,0.037446932737967564,0.0,0.0,0.0,0.0,0.12695228906332204,0.06397941454235893,0.0629728745209631,0.09350888880354567,0.03344340025977637,0.0,0.04726518400618933,0.051562431948210606,-0.028124673108922117
2025-06-17,0.0,0.0,0.1197311141718041,0.0,0.0,0.0,0.0,0.1197311141718041,0.06159114156177332,0.05813997261003078,0.08881149638254761,0.03091961778925649,0.0,0.04922656750800558,0.05345200958891834,-0.017052537074880175
2025-06-18,0.1009673247076166,0.0,0.02804967474399633,0.0,0.0,0.0,0.0,0.12901699945161293,0.06643608409751471,0.06258091535409824,0.09406028178112791,0.03495671767048503,0.0,0.056071788927055784,0.054061504538777234,-0.01888370598577992
2025-06-19,0.10621132968476693,0.0,0.022769445527074446,0.0,0.0,0.0,0.0,0.12898077521184137,0.0664174307677205,0.06256334444412091,0.09403387237605182,0.03494690283578956,0.0,0.055040422058346535,0.053037309600552314,-0.02090304355294252
2025-06-20,0.0,-0.09331641454985333,0.03264885688166114,0.0,0.0,0.0,0.0,0.12596527143151445,0.06551517406494514,0.06045009736656932,0.08989332983889498,0.03607194159261948,0.0,0.053784782487174915,0.0539377906247808,-0.018242698319558732
2025-06-23,0.12758860855636844,0.0,0.021763112083803573,0.0,0.0,0.0,0.0,0.14935172064017202,0.0,0.0,0.10682798591325396,0.04252373472691804,0.0,0.07600942233898136,0.07334229830119066,0.0
2025-06-24,0.10700375880646482,0.0,0.021784097843075067,0.0,0.03352925326314868,0.03247996276498739,0.0,0.0627786406214038,0.0,0.0,0.08355252108384942,0.04523533556569046,0.0,0.06451128882865577,0.0642765678208841,0.0
2025-06-25,0.11374595370088206,0.0,0.02145136125142645,0.0,0.038400307494759596,0.03834643759999467,0.0,0.058450569857554244,0.0,0.0,0.0874539914049038,0.0477433235474047,0.0,0.056784596130629604,0.05878887647857758,-0.019623842343101328
2025-06-26,0.0960798457613875,0.0,0.016784629798496917,0.0,0.03190253964044852,0.03174061505136345,0.0,0.049221320868072446,0.0,0.0,0.06519038042054537,0.047674095139339054,-0.11286447555988442,0.04623093045424136,0.049481286514279306,-0.01715225859136375
2025-06-27,0.11478299542820496,0.0,0.023532816388671614,0.0,0.03774083761852569,0.035239454024323706,0.0,0.06533552017402718,0.0,0.0,0.0,0.13831581181687658,0.0,0.055686746186167695,0.06011287944836001,-0.022516186182348883
2025-06-30,0.11591777224736013,0.0,0.02279426295165113,0.0,0.04229609048953307,0.03870049334253377,0.0,0.057715451366944455,0.0,0.0,0.0,0.13871203519901126,0.0,0.05688823038701584,0.06110684350106444,-0.02071696131093099
2025-07-01,0.11677066270062395,0.0,0.023543490672681168,0.0,0.04133008222622119,0.03537994445815495,0.0,0.06360412668892901,0.0,0.0,0.07440489639030436,0.06590925698300078,0.0,0.05311714026995817,0.05548103926238579,-0.03171597384096118
2025-07-02,0.08839221615168691,0.0,0.02402815711140394,-0.04904979534045547,0.05214663225059715,0.04420733188521556,0.0,0.0651162044677336,0.0,0.0,0.0733887241815725,0.08808144442197383,0.0,0.05985655236816734,0.06605921620305508,-0.035554400032323866
2025-07-03,0.11475834542490321,0.0,0.04183214141542035,0.0,0.039016723925870744,0.033101178819530716,0.031497805145456165,0.05297477894946592,0.0,0.0,0.06700783290028105,0.0895826539400425,0.0,0.05953889663602878,0.06128194334076172,-0.03576964686353307
2025-07-04,0.0,0.0,0.11209777934535221,0.0,0.0306243881367762,0.025981252292737723,0.0,0.05549213891583828,0.0,0.0,0.04994708439347638,0.06215069495187583,-0.11209777934535221,0.0544861300497461,0.05761164929560611,0.0
2025-07-07,0.0,-0.06669981390030666,0.04068286180430551,-0.057679455620810935,0.034797730899865605,0.02920434538091492,0.031094584877226553,0.06996547016741599,0.0,0.0,0.07764012021381736,0.08742201111160572,0.0,0.0802896411176095,0.08477249020781359,0.0
2025-07-08,0.0,-0.04716432223851167,0.039274869202332266,-0.05747068388360965,0.03139022153298996,0.02679880711662714,0.021715206986686896,0.06400563968814962,0.0,0.0,0.0,0.14390987532445362,-0.14390987532445362,0.07299971129517153,0.0709101640292821,0.0
2025-07-09,0.09360178218223368,0.0,0.04937475020208472,0.0,0.027810450147844952,0.023622300827180396,0.026562066014195616,0.06498171539509742,0.0,0.0,0.0,0.1429765323843184,-0.1429765323843184,0.07365202460338932,0.06932450778092909,0.0
2025-07-10,0.09917219479291192,0.0,0.04701989899600028,0.0,0.027626375601836665,0.02207435132240922,0.031348803433222355,0.06514256343144394,0.0,0.0,0.0,0.14619209378891218,-0.14619209378891218,0.07422001914101996,0.07197207464789222,0.0
2025-07-11,0.0,-0.06839485065947117,0.06303587881705706,0.0,0.022612558893530466,0.01873160405949639,0.024583836141180454,0.06550273038232092,0.0,0.07860309477909885,0.05496181417152774,0.0764689153050005,-0.052827634697429376,0.06574910615825373,0.06568162331827451,0.0
2025-07-14,0.0,-0.0944145510605208,0.09032181711568762,0.0,0.02966304776321171,0.025010641906131413,0.036011940178316805,0.09405073832854843,0.0,0.0,0.0,0.1847363681762084,0.0,0.1847363681762084,0.0,0.0
2025-07-15,0.0,-0.1942883575023677,0.0,0.0,0.033989539278018746,0.0315118534962919,0.03464866074222562,0.09413830398583141,0.0,0.0,0.0,0.1942883575023677,0.0,0.1942883575023677,0.0,0.0
2025-07-16,0.0,-0.0905056082877676,0.0,-0.11840260813260561,0.047669817906860784,0.043590510319151024,0.0,0.11764788819436141,0.0,0.0,0.0,0.20890821642037322,0.0,0.20890821642037322,0.0,0.0
2025-07-17,0.0,-0.09616307539220742,0.0,-0.11831601872194074,0.04322907158458998,0.03898127935044637,0.035518857290073765,0.09674988588903805,0.0,0.0,0.0,0.21447909411414814,0.0,0.21447909411414814,0.0,0.0
2025-07-18,0.0,-0.0893291959243066,0.0,-0.1281626287908079,0.045129052973135866,0.03952913572553622,0.03287931767475368,0.09995431834168873,0.0,0.0,0.0,0.21749182471511452,0.0,0.21749182471511452,0.0,0.0
2025-07-21,0.13678679878080044,0.0,0.0,0.0,0.03391828235303443,0.03132588387398125,0.0,0.07154263255378475,0.0,0.0,0.05504154340312599,0.08174525537767445,-0.13678679878080047,0.13678679878080044,0.0,0.0
2025-07-22,0.13774601026792826,0.0,0.0,0.0,0.03552142129991877,0.03104558376143432,0.0,0.0711790052065752,0.0,0.0,0.061994778289951986,0.07575123197797629,-0.13774601026792826,0.13774601026792826,0.0,0.0
2025-07-23,0.0,-0.04472241388448217,0.027564643696399757,-0.07413303887686612,0.03708734371783221,0.032532011512974385,0.0,0.07680074122694149,0.0,0.0,0.062049085651936016,0.08437101080581204,-0.14642009645774806,0.14642009645774806,0.0,0.0
2025-07-24,0.0,-0.0896710028385066,0.06396145715079453,0.0,0.03152443834303392,0.027326827374316867,0.020341065652159,0.07444012861979135,0.0,0.0,0.0,0.1536324599893011,-0.1536324599893011,0.08263784871913428,0.07099461127016682,0.0
2025-07-25,0.0,0.0,0.04274462466397326,-0.10463393375476623,0.03109571738645561,0.026675979307283597,0.018296868121463673,0.07130999360353661,0.0,0.0,0.0,0.14737855841873948,-0.14737855841873948,0.14737855841873948,0.0,0.0
2025-07-28,0.0,-0.04939926926386718,0.026474900879957138,-0.07399083731124005,0.037634072857634274,0.03408589275396273,0.0,0.07814504184346736,0.0,0.0,0.0,0.14986500745506437,-0.14986500745506437,0.14986500745506437,0.0,0.0
2025-07-29,0.0,0.0,0.12035283487741577,0.0,0.024360990172581788,0.023686091532986567,0.016170028655940315,0.05613572451590711,0.05229042394393777,0.04531579355590205,0.0,0.12035283487741577,-0.022746617377575967,0.12035283487741577,0.0,0.0
2025-07-30,0.0,0.0,0.11236642692024296,0.0,0.021900150544651664,0.02183849286323827,0.01746963048782939,0.05115815302452363,0.04905782993809836,0.04315998670364563,0.0,0.11236642692024296,-0.020148610278498964,0.0,0.0,0.0
2025-07-31,0.0,0.0,0.09631197896289266,0.0,0.021937076945847907,0.02185903846095771,0.0,0.05251586355608705,0.04261756743208901,0.03590265145034009,0.0,-0.09631197896289266,-0.01779176008046355,0.0,0.0,0.0
2025-08-01,0.0938025001534397,0.0,0.030093225222644786,0.0,0.025026034121851826,0.026609916334534592,0.0,0.07225977491969808,0.0,0.0,0.0,-0.12389572537608448,-0.12389572537608448,0.0,0.0,0.12389572537608448
2025-08-04,0.0894753664332343,0.0,0.03426871748773992,0.0,0.02458554260180385,0.02482989246552233,0.0,0.07432864885364804,0.0,0.0,0.0,-0.12374408392097422,-0.12374408392097422,0.12374408392097422,0.0,0.0
2025-08-05,0.06927915115478436,0.029154020294279635,0.02469578681267599,0.0,0.02439255437224067,0.02424803680472586,0.0,0.07448836708477345,0.0,0.0,0.0,-0.12312895826173999,-0.12312895826173999,0.0,0.0,0.0
2025-08-06,0.08412178020214539,0.0,0.029716189394338403,0.0,0.024992070303881044,0.024655663680575465,0.0,0.06419023561202729,0.0,0.0,0.0,-0.11383796959648379,-0.11383796959648379,0.0,0.0,0.0
2025-08-07,0.09711099421448577,0.0,0.033682419336116216,0.0,0.03402024241139539,0.03481239885276863,0.0,0.061960772286437975,0.0,0.0,0.08956917447125726,-0.04122423907934475,-0.130793413550602,0.130793413550602,0.0,0.0
2025-08-08,0.05994841674610265,0.0,0.024137532770841193,-0.057919201586392396,0.038861288120719976,0.039865676355511304,0.0,0.06327818662710497,0.0,0.0,0.10097909403867848,-0.04102605706465775,-0.14200515110333622,0.14200515110333622,0.0,0.0
2025-08-11,0.08535445902112972,0.0,0.0305095878120767,0.0,0.0315393933768927,0.03222222292873631,0.0,0.052102430527577424,-0.0401083062575235,-0.03786336470995027,0.0,-0.11586404683320643,-0.03789237586573267,0.11586404683320643,0.0,0.0
2025-08-12,0.05790007566357139,0.0,0.020864341819083393,-0.04546915980455166,0.03330702023130216,0.0335823204782479,0.0,0.05734423657765638,-0.04508438896330389,-0.04392436014856559,0.0,-0.12423357728720644,-0.035224828175336974,0.12423357728720644,0.0,0.0
2025-08-13,0.07168630540687344,0.02851816491788341,0.02273487839334113,0.0,0.03319681374823692,0.03187046566136977,0.0,0.05787206930849129,-0.04354884305595109,-0.042635770172767526,0.0,-0.12293934871809799,-0.03675473548937937,0.12293934871809799,0.0,0.0
2025-08-14,0.1037388840264025,0.0,0.043609615598147446,0.0,0.035016220211583834,0.0327861983186186,0.018303992615634538,0.06124208847871298,0.0,0.0,0.0,-0.14734849962454993,-0.14734849962454993,0.07267267302412167,0.07467582660042825,0.0
2025-08-15,0.060584130108881494,0.0,0.025180033117554068,-0.05320875503391104,0.031174300044848374,0.028605597655610684,0.020650424085793175,0.05854259647409436,-0.04791012754821657,-0.04699109147757085,0.0,-0.1389729182603466,-0.044071699234559204,0.07026446553423021,0.0687084527261164,0.0
2025-08-18,0.05824158149947858,0.0,0.022369356530145046,-0.05470358677337572,0.03739613258519371,0.03357249551698294,0.0,0.0643458967008227,-0.04357719786336329,-0.04535172078116031,0.0,-0.13531452480299935,-0.04638560615847576,0.07029133973983945,0.06502318506315992,0.0
2025-08-19,0.06158452957108924,0.0,0.023979887323169212,-0.05392206992968761,0.0289943447853887,0.022365470194587976,0.020791460968828227,0.06733521087514113,-0.04516601413771137,-0.04857395187996339,0.0,-0.13948648682394604,-0.04574652080627125,0.07298513576245722,0.0665013510614888,0.0
2025-08-20,0.08195269897461897,0.0,0.031619381446579706,0.0,0.024373669876779167,0.018283939764270896,0.0,0.0709144707801486,0.0,-0.051385683923231666,0.0,-0.11357208042119868,-0.06218639649796701,0.0,0.0,0.0
2025-08-21,0.05923627800814917,0.0,0.027077477763658084,-0.05249455880218786,0.0351432197624058,0.0,0.0,0.1036650948115893,0.0,0.0,0.0,-0.13880831457399512,-0.13880831457399512,0.13880831457399512,0.0,0.0
2025-08-22,0.0678943766096163,0.0,0.022586508119474803,-0.04703220806908703,0.03594583824445127,0.026655127192256413,0.0,0.07491212736147045,0.0,0.0,0.0,-0.13751309279817814,-0.13751309279817814,0.0,0.0,0.0
2025-08-25,0.0704247948359186,0.0,0.027657821447612092,-0.06084456827556341,0.039886178783873245,0.03155788444598058,0.0,0.08748312132924027,0.0,0.0,0.0,-0.1589271845590941,-0.1589271845590941,0.09001023714500714,0.06891694741408695,0.0
2025-08-26,0.0671772168840334,0.0,0.017873507964722528,-0.05408746381241275,0.037109055809938576,0.0302571112353626,0.0,0.07177202161586747,0.0,0.0,0.0,-0.13913818866116867,-0.13913818866116867,0.0,0.0,0.0
2025-08-27,0.07086371615042235,0.0,0.015030474063865169,-0.06306690954695228,0.04089210059542868,0.03247780565460799,0.0,0.07559119351120311,0.0,0.0,0.0,-0.14896109976123978,-0.14896109976123978,0.14896109976123978,0.0,0.0
2025-08-28,0.08304272882043291,0.0,0.015982703566913323,-0.06375203319678303,0.05045927706439031,0.04251076361303713,0.0,0.06980742490670185,0.0,0.0,0.11829640507852093,-0.04448106050560836,-0.16277746558412928,0.06801012132232487,0.0947673442618044,0.0
2025-08-29,0.08905307058558085,0.0,0.0,-0.0753685557289919,0.05072525467311109,0.040771316494516534,0.0,0.0729250551469451,0.0,0.0,0.1256075448448163,-0.038814081469756456,-0.16442162631457274,0.09049616984197453,0.07392545647259821,0.0
2025-09-01,0.07175769923802387,0.0,0.016653770149719433,-0.07377558949437321,0.05036198808790975,0.04047933458111715,0.0,0.07134573621308958,0.0,0.0,0.12390047908180032,-0.03828657980031619,-0.1621870588821165,0.0897584439098641,0.07242861497225242,0.0
2025-09-02,0.05244984899880939,-0.039251470240578644,0.0,-0.08069030223712866,0.06058148953245496,0.04951780922254979,0.0,0.06229232272151197,0.0,0.0,0.1411823157306371,-0.031209305745879604,-0.1723916214765167,0.09132667827848069,0.081064943198036,0.0
2025-09-03,0.06619082321865459,0.0,0.0,-0.07640236246929905,0.04619621583220519,0.03688351263650875,0.0,0.05951345721923971,0.0,0.0,0.1168176924172628,-0.025775493270690845,-0.14259318568795362,0.0,0.0,0.0
2025-09-04,0.07854144543665728,0.0,0.0,-0.06388234236071347,0.045733818420476184,0.03596058308746727,0.0,0.060729386289427284,0.0,0.0,0.11203531403841811,-0.030388473758952636,-0.14242378779737075,0.0,0.0,0.0
2025-09-05,0.10069347127101225,0.038480137359296125,0.0,0.0,0.043695380523511546,0.03671937493580976,0.0,0.05875885317098705,0.0,0.0,0.1132357145932551,-0.025937894037053287,-0.13917360863030837,0.0,0.0,0.0
2025-09-08,0.09956080695089405,0.043983930368188436,0.015821073785439527,0.0,0.049299016136869114,0.041937845082075216,0.0,0.06812894988557766,0.0,0.0,0.13220064026729003,-0.027165170837231974,-0.159365811104522,0.09417135288026769,0.0651944582242543,0.0
2025-09-09,0.09842747632166621,0.044559592127803846,0.017164695540664802,0.0,0.04892197800875396,0.040915138182339224,0.0,0.07031464779904166,0.0,0.0,0.13127046318368613,-0.028881300806448688,-0.16015176399013484,0.0936136253270342,0.06653813866310064,0.0
2025-09-10,0.09646310507468943,0.04630716740862118,0.0188780619389943,0.0,0.0516657298532778,0.04193822154812286,0.0,0.06804438302090426,0.0,0.0,0.1357821737293832,-0.025866160692921716,-0.16164833442230492,0.09178950020386908,0.06985883421843582,0.0
2025-09-11,0.09668082943648601,0.04746540690530796,0.018061019972406875,0.0,0.05090059668994908,0.040845758844054024,0.0,0.07046090078019772,0.0,0.0,0.13351927193355315,-0.028687984380647704,-0.16220725631420085,0.09022031298019435,0.07198694333400651,0.0
2025-09-12,0.09014408491982032,0.04478903449761475,0.018481302092028654,0.0,0.04882036219898318,0.04022504288376572,0.0,0.06436901642671479,0.0,-0.07393228790412175,0.12493784488960549,-0.028476576619858224,-0.07948213360534197,0.08651467169915432,0.06689974981030938,0.0
2025-09-15,0.12138704949784569,0.06321002177875687,0.024692515755822812,0.0,0.059680395350952174,0.04923577490414301,0.02520828458815314,0.07516513218917704,0.0,0.0,0.2092895870324254,0.0,-0.2092895870324254,0.11781978902127499,0.0914697980111504,0.0
2025-09-16,0.09705189435029463,0.0497653270245636,0.01710907705422722,0.0,0.05720739223135023,0.04776647595442264,0.0,0.05895243024331257,0.0,0.0,0.1359713684947979,-0.02795492993428755,-0.16392629842908543,0.09007834192081605,0.07384795650826939,0.0
2025-09-17,0.09553904445315647,0.05125159317328327,0.01812563273757699,0.0,0.05712557034481576,0.047049231494664924,0.0,0.060741468524536005,0.0,0.0,0.1346196931220946,-0.030296577241922102,-0.1649162703640167,0.08991191635319085,0.07500435401082586,0.0
2025-09-18,0.09218079202415576,0.04719648910375903,0.02051815921548936,0.0,0.05566311486083325,0.04739407817108142,0.0,0.05683824731148948,0.0,-0.08764834726316996,0.12663898777497895,-0.033256452568425195,-0.07224709308023416,0.08395426723800702,0.07594117310539714,0.0
2025-09-19,0.09217335301859239,0.0476566689152578,0.020608603995230842,0.0,0.05697395736568229,0.04848801786533639,0.0,0.05497665069806236,0.0,-0.08915092768411421,0.12917212474280668,-0.03126650118627436,-0.07128769824496682,0.09175916020691414,0.0686794657221669,0.0
2025-09-22,0.09677179901886866,0.04704786934100331,0.019856407892371756,0.0,0.0578064603672042,0.04889928041111228,0.0,0.05697033547392723,0.0,0.0,0.136666039210645,-0.02701003704159871,-0.1636760762522437,0.1636760762522437,0.0,0.0
2025-09-23,0.09753106297140987,0.05093770755774995,0.022773130061413127,0.0,0.0490408519985232,0.04223413489663512,0.022293579932025836,0.05767333376338881,0.0,0.0,0.14321557731952467,-0.02802632327104826,-0.17124190059057295,0.17124190059057295,0.0,0.0
2025-09-24,0.12164348996457597,0.0664119171731187,0.03188010740208096,0.0,0.06175641215787907,0.05289226564854968,0.026800397228277706,0.07848643950506916,0.0,0.0,0.2199355145397756,0.0,-0.21993551453977564,0.2199355145397756,0.0,0.0
2025-09-25,0.11463879416759823,0.07770223766941807,0.03292064709975447,0.0,0.07301616411044083,0.06570295898878736,0.0,0.08654255583754258,0.0,0.0,0.22526167893677077,0.0,-0.22526167893677077,0.1326885740671244,0.0,0.09257310486964639
2025-09-26,0.0,0.0,0.1828667549226497,0.0,0.04879311148755138,0.04312551580031519,0.024841697302260386,0.06610643033252274,0.11303460393103053,0.0,0.1828667549226497,0.0,-0.06983215099161916,0.0,0.0,0.18286675492264973
2025-09-29,0.0,0.17645317140711578,0.09822078779639853,0.0,0.07310237870793151,0.06362567238641266,0.03855257386831282,0.09939333424085735,0.0,0.0,0.27467395920351434,0.0,0.0,0.14555315696621351,0.0,0.12912080223730085
2025-09-30,0.0,0.15466386418686534,0.08899611639559919,0.0,0.06413098444607987,0.05557267654652821,0.03544570902614592,0.08851061056371051,0.0,-0.24365998058246452,0.24365998058246452,0.0,0.0,0.13198511223815867,0.0,0.11167486834430583
2025-10-01,0.11861426868195812,0.06938048477245064,0.04280353035481708,0.0,0.059038699328218903,0.051076201562377375,0.03674135481543838,0.08394202810319118,-0.11134723162519773,-0.11945105218402809,0.23079828380922582,0.0,0.0,0.23079828380922582,0.0,0.0
2025-10-02,0.11732166994718368,0.07504391398594475,0.04754407529201552,0.0,0.05955397633238129,0.0526916564986802,0.042650985524847064,0.08501304086923538,-0.11417627615636959,-0.12573338306877432,0.23990965922514396,0.0,0.0,0.12855688421222683,0.11135277501291713,0.0
2025-10-03,0.0920847533230379,0.060674792451957164,0.04417114360962886,0.0,0.04913850923127199,0.04122916126076724,0.03338105795618554,0.07318196093639913,0.0,-0.1969306893846239,0.16932924826619136,0.027601441118432532,0.0,0.1969306893846239,0.0,0.0
2025-10-06,0.1409809466171448,0.09628268799821596,0.059006133473445785,0.0,0.0754201179484753,0.061924598771060615,0.05196546207348721,0.10695958929578352,0.0,0.0,0.29626976808880656,0.0,0.0,0.16199499022345407,0.0,0.13427477786535255
2025-10-07,0.11328876411819999,0.07557834248877489,0.04197431048861065,0.0,0.0566959696258427,0.04624246254858647,0.04082241543674524,0.08708056948441106,0.0,0.0,0.20375261265108868,0.027088804444496784,0.0,0.08051910460422611,0.07609548874959185,0.0742268237417675
2025-10-08,0.10483187367195487,0.06899973163328155,0.037316251574083255,0.0,0.05120139023224061,0.04183658795560206,0.04069554873622785,0.07741432995524915,0.0,0.0,0.18696115654699036,0.024186700332329305,0.0,0.0,0.0,0.21114785687931967
2025-10-09,0.10506186708666312,0.07315379671760114,0.03135841359732986,0.0,0.04933256661913359,0.04165864594360602,0.04082749670421821,0.07775536813463627,0.0,0.0,0.18126824756022372,0.028305829841370384,0.0,0.0,0.0,0.20957407740159412
2025-10-10,0.10509371742112782,0.06690121517028103,0.0,0.06947451777348017,0.046909243770613736,0.04080462885671616,0.052217419649892814,0.1015381580876663,-0.11687277890551896,-0.12459667145937009,0.241469450364889,0.0,0.0,0.0,0.0,0.241469450364889
2025-10-13,0.08664618652834634,0.054891129779484904,0.018131966793498905,0.07041546868639796,0.04710629124491397,0.03988873184441624,0.04892314544085289,0.09416658325754505,-0.11099056492189163,-0.11909418686583649,0.23008475178772814,0.0,0.0,0.0,0.0,0.23008475178772814
2025-10-14,0.0697281456570478,0.04440259404009731,0.013055937216671495,0.05870907973432029,0.03717954957170659,0.03046080628211167,0.039407094338910244,0.07884830645540836,-0.07834488472267954,-0.0814326370933493,0.18589575664813687,0.0,-0.026118234832108053,0.0,0.0,0.18589575664813687
2025-10-15,0.07018635363017894,0.04580807563138875,0.0,0.07126248629043434,0.038347508700610496,0.03183197803455568,0.042255903157632224,0.07482152565920364,-0.07409307139194904,-0.07648155860530813,0.18725691555200205,0.0,-0.036682285554744856,0.0,0.0,0.18725691555200205
2025-10-16,0.07388164774885435,0.047060805793184085,0.0,0.06695368927298058,0.036676775634995225,0.031560151748818564,0.04549895266912387,0.07416026276208129,-0.07648349142785381,-0.07791452881070647,0.18789614281501896,0.0,-0.03349812257645867,0.0,0.0,0.18789614281501896
2025-10-17,0.07688904044680615,0.05124150169117623,0.0,0.06662686544800875,0.042599059461282174,0.03632165508133767,0.043688651715788604,0.07214804132758273,-0.07936972761489738,-0.08359773149434535,0.19475740758599117,0.0,-0.031789948476748445,0.08869438574203785,0.0,0.10606302184395332
2025-10-20,0.08959181583944567,0.05959881248544486,0.0,0.0844528316873504,0.05019187620429236,0.042554282654140456,0.05712320256820514,0.083774098585603,-0.11590667641547345,-0.11773678359676752,0.23364346001224096,0.0,0.0,0.0,0.0,0.233643460012241
2025-10-21,0.06789556972613067,0.0444620988361325,0.0,0.06559605460784976,0.03690580045466936,0.031846059238626746,0.04401808231410712,0.0651837811627097,-0.07968306707408505,-0.07716791782147356,0.17795372317011293,0.0,0.021102738274554302,0.0,0.0,0.17795372317011293
2025-10-22,0.08588917639931834,0.058758643263718366,0.0,0.08751487690355594,0.04704135589783443,0.039472624754223785,0.050249004840613655,0.09539971107392078,-0.11183813977629985,-0.12032455679029282,0.23216269656659266,0.0,0.0,0.0,0.0,0.23216269656659266
2025-10-23,0.10208349068867212,0.07208257430800655,0.0,0.11194517496447841,0.05766926231295518,0.04855129953498466,0.06197219973735362,0.11791847837586363,0.0,0.0,0.28611123996115706,0.0,0.0,0.0,0.0,0.28611123996115706
2025-10-24,0.10265701404671233,0.0706645536055338,0.0,0.11389304529460097,0.05868390669408173,0.04837522758172292,0.06242911952451209,0.1177263591465304,0.0,0.0,0.28721461294684714,0.0,0.0,0.0,0.0,0.28721461294684714
2025-10-27,0.08666150425637097,0.06474123908151297,0.0,0.10517175109760657,0.056450513445527,0.0464108408428255,0.055475017049754924,0.09823812309738318,0.0,-0.2565744944354906,0.2565744944354906,0.0,0.0,0.0,0.0,0.2565744944354906
2025-10-28,0.08992097964460637,0.0683242505376003,0.0,0.10722811877511398,0.05906297621281125,0.04862643188298645,0.05518003427200422,0.10260390658951875,0.0,0.0,0.16505009983253807,0.10042324912478258,0.0,0.0,0.0,0.26547334895732067
2025-10-29,0.05195911276965073,0.06864388902194216,0.015690530344972416,0.11886440562086505,0.055961384691121385,0.04697046057498621,0.053540784431025855,0.09868530806029693,0.0,0.0,0.1241791317042547,0.13097880605317566,0.0,0.0,0.0,0.25515793775743034
2025-10-30,0.0,0.05442100352238052,0.01686029728427903,0.10806329295964422,0.037694828533789526,0.03174764927809925,0.03816953452120841,0.07173258143320659,0.0,0.0,0.0965492156259609,0.08279537814034289,0.17934459376630377,0.0,-0.08341648439475725,0.09592810937154654
2025-10-31,0.0,0.0519362622772467,0.015388308158438635,0.11194364120012223,0.038535396162467914,0.03255919418252164,0.035083578690371944,0.07309004260044605,0.0,0.0,0.09383904020908643,0.08542917142672111,0.17926821163580756,0.0,-0.08513936630456526,0.09412884533124233
2025-11-03,0.0,0.038113874994495034,0.0179549112370558,0.123859753604555,0.039884043801130885,0.03417473170762481,0.03643846576892494,0.0694312985584252,0.0,0.0,0.0940002284523261,0.08592831138377971,0.17992853983610582,0.0,-0.08517487419647828,0.09475366563962759
2025-11-04,0.0,0.06035864602261313,0.0,0.11750150793682666,0.03675559409347919,0.03000406868250413,0.03710756374942789,0.07399292743402856,0.0,0.0,0.09369643092525173,0.08416372303418805,0.1778601539594398,0.0,-0.08643088882642676,0.09142926513301303
2025-11-05,0.0,0.0,0.0,0.16257383829443123,0.03398825577772872,0.02763335577716742,0.033117700431445504,0.06783452630808959,0.0,-0.09880802242381671,0.09239258219570266,0.07018125609872856,0.06376581587061449,0.0,-0.08926495691088622,0.07330888138354502
2025-11-06,0.04536275520215494,0.03374476173675958,0.0,0.10181782309317731,0.03594331937151166,0.028014306947938696,0.03450152328641771,0.08246619042622379,0.0,-0.11296971063565707,0.09821547256893096,0.0827098674631609,0.06795562939643475,0.0,-0.09856057458562331,0.08236476544646854
2025-11-07,0.047997878145727126,0.03326816412835842,0.0,0.09967290510269186,0.03895205979320491,0.028886360347820366,0.02969589270624582,0.0834046345295063,0.0,-0.11141811614758981,0.11811543607838496,0.06282351129839245,0.06952083122918758,0.0,-0.09696924528715212,0.0839697020896253
2025-11-10,0.0,0.0409569291931376,0.0,0.13405272966549373,0.036569443835267224,0.027726415179692127,0.03354650053947089,0.07716729930420108,0.0,0.0,0.10660744898198113,0.06840220987665019,0.17500965885863132,0.0,-0.08559671116189745,0.08941294769673386
2025-11-11,0.0559682946497882,0.03859628529928801,0.011345210406947292,0.0801846125608853,0.03654286408330903,0.025704923967665716,0.04028472427926942,0.08356189058666465,0.0,0.0,0.1164254002364512,0.0696690026804576,0.18609440291690882,0.0,-0.08781770048094698,0.09827670243596186
2025-11-12,0.03656011220885485,0.04318444725953787,0.013355002217618199,0.08504809458247953,0.03474047689047829,0.024703850888703468,0.040610883783891105,0.07809244470541758,0.0,-0.10259541489188923,0.10877145682656299,0.06937619944192747,0.07555224137660123,0.0,-0.0874396644823359,0.09070799178615459
2025-11-13,0.07648279904589655,0.06244940662959438,0.028765509613354542,0.0,0.02786075080605287,0.020086707782680548,0.03988472470068698,0.07986553199942507,0.0,-0.09395473835860577,0.0998782225843446,0.06781949270450086,0.07374297693023973,0.0,-0.08079281692734755,0.08690489836149794
2025-11-14,0.0,0.16072459399373168,0.0,0.0,0.03075033311533667,0.022345321454844733,0.03460099800785065,0.07302794141569964,0.0,0.0,0.09109405432010853,0.06963053967362316,0.16072459399373168,0.0,-0.07449757430950751,0.08622701968422418
2025-11-17,0.0,0.1512743239558007,0.0,0.0,0.0,0.0,0.04590613870826194,0.10536818524753876,0.0,0.0,0.08572812352464602,0.0655462004311547,0.1512743239558007,0.0,-0.069707180023402,0.0815671439323987
2025-11-18,0.09053963689349297,0.06885154601103105,0.0,0.0,0.0,0.0,0.0,0.159391182904524,0.0,0.0,0.09126596497458991,0.06812521792993409,0.159391182904524,0.0,-0.07221252648950184,0.08717865641502215
2025-11-19,0.0,0.14259474439786682,0.0,0.0,0.0,0.0,0.0,0.14259474439786682,0.0,0.0,0.08314737189062958,0.05944737250723725,0.14259474439786682,0.0,-0.06457145861025174,0.0780232857876151
2025-11-20,0.0,0.14272231089153184,0.0,0.0,0.0,0.0,0.0,0.14272231089153184,0.0,0.0,0.08569610041643345,0.05702621047509841,0.14272231089153184,0.0,-0.06857323193543458,0.07414907895609728
2025-11-21,0.10369260101279665,0.043866787194437665,0.0,0.0,0.0,0.0,0.0,0.14755938820723433,-0.05416767278442937,-0.06103391283207923,0.08731226867602815,0.06024711953120617,0.03235780259072573,0.0,-0.06804613746115329,0.07951325074608102
2025-11-24,0.08617209799880622,0.06117062638893208,0.0,0.0,0.0,0.0,0.0,0.1473427243877383,-0.04987675449058092,-0.05977062663115667,0.08950923240327686,0.05783349198446145,0.03769534326600072,0.0,-0.06882736922318287,0.07851535516455542
2025-11-25,0.09069917746024996,0.06394718985697619,0.0,0.0,0.04347112988363857,0.03025940933519073,0.0,0.08091582809839683,-0.05713191078646818,-0.06672645154736032,0.09782169637436454,0.05682467094286159,0.030788004983397628,0.0,-0.07078263360103162,0.0838637337161945
2025-11-26,0.07529706016201403,0.055772608907178445,0.013281199369007615,0.027845645915796607,0.03561642885433165,0.02479895560824519,0.04086916258809127,0.07091196730332859,0.0,-0.10689974170633518,0.10468772506472017,0.06750878928927652,0.06529677264766151,0.0,-0.07966174533251331,0.09253476902148337
2025-11-27,0.08552447206441843,0.06334806328664681,0.015836255892976447,0.0,0.03477059489677882,0.024210019562717202,0.03864261666433155,0.0670855601202141,0.0,-0.10225135686866516,0.10013552665793791,0.06457326458610377,0.06245743437537653,0.0,-0.06588261879766419,0.09882617244637748
2025-11-28,0.08289018750665084,0.06155517458627889,0.015290001630108912,0.0,0.03417421013849776,0.024296143618338265,0.03748083951609441,0.0637841704501082,-0.05132551067195418,-0.06897524715929108,0.09862388726938055,0.06111147645365809,0.03943460589179338,0.0,-0.06418403257190222,0.09555133115113641
2025-12-01,0.0,0.09978421635406882,0.05138670503709946,0.0,0.032075824431784555,0.02357304169321248,0.0364043587576708,0.059117696508500454,-0.056261096147568156,-0.06078926935835794,0.09047649429015492,0.06069442710101339,0.0341205558852422,0.0,-0.059584704351808605,0.0915862170393597
2025-12-02,0.12164158869803451,0.0,0.03123012621498644,0.0,0.0325738236654943,0.02540377743194526,0.03771053575342918,0.057183578062152185,-0.05668608583221739,-0.06442037846732601,0.09095498193171085,0.061916732981310084,0.03176525061347752,0.0,-0.06538636360231727,0.08748535131070366
2025-12-03,0.101846914045808,0.04706393627146515,0.019338181902030648,0.0,0.03578295328964695,0.02694794662118778,0.042935885873257196,0.06258224643521189,-0.061252964213538416,-0.0696446985920598,0.09441058922780833,0.07383844299149549,0.03735136941370558,0.05315575284179314,-0.049015453288325336,0.06607782608918532
2025-12-04,0.0,0.0,0.14601558715788215,0.0,0.032929556507478114,0.023634381325717067,0.036734079690701464,0.05271756963398551,0.0,-0.08708243135358736,0.0817689521976605,0.06424663496022168,0.058933155804294805,0.07060366831221504,0.0,0.07541191884566714
2025-12-05,0.0,0.0,0.1500991822682701,0.0,0.03429598011796941,0.024653762006490876,0.04028123173543828,0.050868208408371515,0.0,0.0,0.08103965587271375,0.06905952639555633,0.1500991822682701,0.06704893438122296,0.0,0.08305024788704714
2025-12-08,0.0,0.0,0.1331473079634274,0.0,0.029638428834324215,0.0218068501534283,0.03797290263213659,0.04372912634353832,-0.04998627937496177,-0.0553488901408752,0.07070503169692033,0.062442276266507106,0.027812138447590472,0.0,0.0,0.1331473079634274
2025-12-09,0.0,0.0,0.13250648137634116,0.0,0.02925292498745008,0.022910550208086227,0.03755153182574141,0.042791474355063426,-0.0565691310460178,-0.059498586042227825,0.07663533209839803,0.05587114927794314,0.01643876428809551,0.0,0.0,0.13250648137634116
2025-12-10,0.0,0.0,0.13308388748973574,0.0,0.03127706064384542,0.023176406304920866,0.03483649019406053,0.04379393034690892,-0.05494778295061698,-0.06001525805817454,0.0723920330862476,0.06069185440348812,0.018120846480944208,0.0,0.0,0.13308388748973574
2025-12-11,0.0,0.0,0.19172324050072806,0.0,0.04318635348623964,0.030031194979947523,0.052154867163445556,0.06635082487109532,-0.09643666239347991,-0.09528657810724817,0.10124352334957903,0.09047971715114901,0.0,0.06694624875871001,0.05153905297554464,0.07323793876647341
2025-12-12,0.0,0.0,0.19279550273756732,0.0,0.04602334146330737,0.0,0.0652254362538381,0.08154672502042185,-0.09680188056849229,-0.09599362216907509,0.1135423033418075,0.07925319939575981,0.0,0.07057949816552543,0.05342218957445098,0.06879381499759092
2025-12-15,0.0,0.0,0.07077414323718996,0.12062102648103634,0.03877716756767936,0.0,0.06536324174514448,0.08725476040540246,-0.09695315172277393,-0.09444201799545238,0.10939337362833242,0.08200179608989391,0.0,0.08720425911815377,0.0,0.10419091060007252
2025-12-16,0.0,0.0,0.19151266757843516,0.0,0.043442208146930415,0.0,0.0617100496266154,0.08636040980488933,-0.09747750833546727,-0.09403515924296788,0.11489031121719996,0.07662235636123521,0.0,0.07103978727143874,0.052326081607417134,0.06814679869957928
2025-12-17,0.0,0.0,0.07680606045271846,0.12077342637597194,0.0,0.0,0.07188294985693817,0.1256965369717522,-0.10035348837375262,-0.09722599845493782,0.11683343424749765,0.0807460525811927,0.0,0.07194536976392231,0.06001777071366488,0.06561634635110315
2025-12-18,0.0,0.0,0.06956973652700395,0.13321340787323113,0.03830526500995784,0.0,0.06061564360212971,0.10386223578814756,-0.10286263874219297,-0.09992050565804214,0.11769891883067367,0.08508422556956145,0.0,0.07422797357078484,0.05466024849334912,0.07389492233610118
2025-12-19,0.0,0.0,0.19098179325330134,0.0,0.03345444932618585,0.01963344301474965,0.0507563612992973,0.08713753961306853,-0.09454419545397272,-0.09643759779932862,0.10873642428927169,0.08224536896402965,0.0,0.06488890049114822,0.05678824867826845,0.06930464408388466
2025-12-22,0.0,0.0,0.17913451052219037,0.0,0.0377640450340873,0.022413079261185007,0.04506624653896845,0.0738911396879496,-0.08629933514699183,-0.09283517537519854,0.10472603069263864,0.07440847982955172,0.0,0.07777597608630989,0.0,0.10135853443588047
2025-12-23,0.0,0.0,0.15081311326182778,0.0,0.032525903777032246,0.019662527054103963,0.03597330500150966,0.06265137742918189,-0.06330487497479627,-0.06838273244910534,0.09137499423846046,0.05943811902336732,0.019125505837926188,0.05155892562285131,0.04732522409093387,0.051928963548042585
2025-12-24,0.0,0.0,0.19236823172008644,0.0,0.04112071015843117,0.02402545017468933,0.04750873237151665,0.0797133390154493,-0.09373193061340516,-0.09863630110668124,0.1145157338244632,0.07785249789562325,0.0,0.06854558824579346,0.0663972274517103,0.057425416022582686
2025-12-26,0.0,0.0,0.14987857439411686,0.0,0.030144564952121516,0.017791581687904512,0.03806851645058155,0.06387391130350932,-0.06813724036349005,-0.0677945767741027,0.08408150859587217,0.06579706579824468,0.013946757256524108,0.05053515808169252,0.05090106114388525,0.048442355168539085
2025-12-29,0.0,0.0,0.05994466507660123,0.094264987985269,0.028500482862954233,0.01613171808903197,0.042042794505702044,0.06753465760418201,-0.06498020375216176,-0.0684854854854049,0.08593872163488199,0.06827093142698827,0.020743963824303553,0.04913759554839763,0.05077495657250035,0.054297100940972225
2025-12-30,0.0,0.0,0.08569639114912364,0.11291704481986886,0.03708900242274739,0.0,0.06328339782901819,0.09824103571722698,-0.09759296090438313,-0.1010204750646094,0.10254796632286918,0.09606546964612336,0.0,0.062008731375002575,0.06459657109608327,0.0720081334979067
2025-12-31,0.0,0.0,0.062345561510460425,0.0867293372368432,0.026494889004625943,0.0,0.05058458851441206,0.07199542122826566,-0.06803550114818935,-0.06869297647731648,0.0757217250946726,0.07335317365263101,-0.012346421121797789,0.04462502155680685,0.044671684784777475,0.059778192405719285
2026-01-02,0.0,0.0,0.14188919796626756,0.0,0.025695898426617913,0.0,0.04684358362399531,0.06934971591565434,-0.06400168432706123,-0.06502425162417298,0.07168730233352039,0.07020189563274717,-0.01286326201503336,0.040643785009578985,0.044492433766548746,0.056752979190139836
2026-01-05,0.0,0.0,0.060766234629499295,0.07977191195267634,0.024855412596036432,0.013471551532585288,0.04292626354867092,0.059284918904883,-0.058400717987202956,-0.06057802272878966,0.07419914421821354,0.06633900236396209,-0.02155940586618301,0.0,0.06071501731458419,0.07982312926759146
2026-01-06,0.0,0.0,0.05633401786209931,0.08394147846984357,0.025795347522848993,0.014635737441385856,0.03930856358936322,0.06053584777834482,-0.06021308340636498,-0.06053469847940692,0.0794742574689665,0.06080123886297639,-0.019527714446170952,0.0,0.06487379411251233,0.07540170221943053
2026-01-07,0.0,0.0,0.03314973664326274,0.1099702696700958,0.027034501275849793,0.015724995800456994,0.04090538615453718,0.0594551230825146,-0.0628486339218519,-0.06410539570608736,0.0837085899130433,0.05941141640031526,-0.01616597668541927,0.0,0.06569185564522234,0.07742815066813621
2026-01-08,0.0,0.0,0.03361742851852319,0.10781890805859896,0.03154503300559226,0.0,0.044451377192616395,0.06543992637891348,-0.05509073472961831,-0.06422454572031576,0.0852256053195182,0.05621073125760393,-0.022121056127188055,0.0,0.06399915828486877,0.07743717829225337
2026-01-09,0.0,0.0,0.034465818687841605,0.11433043275680083,0.031004291924496944,0.017038637201503046,0.04026547722892502,0.06048784508971742,0.0,0.0,0.08739007194236206,0.06140617950228035,-0.14879625144464242,0.0,0.06724284618786396,0.08155340525677847
2026-01-12,0.0,0.0,0.03714601489893558,0.1109376621078068,0.03175680922679717,0.017943479660646456,0.039274438341794435,0.059108949777504326,0.0,0.0,0.0843556858481267,0.06372799115861569,-0.14808367700674238,0.0,0.06022410989967055,0.08785956710707184
2026-01-13,0.0,0.0,0.03936120793872268,0.10930867388566007,0.03144190951308899,0.01746430927410428,0.039974957062438324,0.05978870597475116,0.0,0.0,0.08544923832419254,0.0632206435001902,-0.14866988182438276,0.0,0.06297763806969338,0.08569224375468937
2026-01-14,0.0,0.0,0.03739420804252426,0.10723312427513172,0.029292178098940178,0.015954489983387266,0.03870509495806326,0.06067556927726529,0.10520728622519356,0.0,0.08051798437006859,0.06410934794758738,-0.0394200460924624,0.0,0.05244139058522962,0.09218594173242636
2026-01-15,0.0,0.0,0.0437363827346558,0.10769337746649718,0.02988318213182327,0.016433223577221868,0.04289646859653289,0.06221688589557496,0.0,0.0,0.08669018200252489,0.0647395781986281,-0.15142976020115298,0.0,0.05782194377798485,0.09360781642316814
2026-01-16,-0.05613736573943018,0.0,0.02958760014554105,0.06958001804224805,0.03053283625644153,0.016006279753651282,0.04512686506153769,0.0636390028555888,0.0,0.0,0.0986181148442151,0.05668686908300418,-0.15530498392721928,0.0,0.0,0.15530498392721928
2026-01-19,-0.057033332907784326,0.0,0.02982240654344011,0.06880766120277942,0.03217519630772601,0.016867256906782098,0.03924819296299355,0.06737275447650223,0.0,0.0,0.09884570819653593,0.05681769245746793,-0.15566340065400386,0.0,0.0,0.15566340065400386
2026-01-20,-0.08680557205431694,-0.04904469590667362,0.03368752659455265,0.07219367387356793,0.0,0.0,0.08704138769581696,0.15469008073329416,0.0,0.0,0.16413749742587902,0.0775939710032321,0.0,0.0,0.0,0.2417314684291111
2026-01-21,-0.0600528523306347,0.0,0.022703076555369458,0.050543309179981094,0.02718723665918654,0.0,0.03592589913940504,0.07018610226739366,0.0,0.0,0.09357744916591411,0.03972178890007113,0.13329923806598523,0.0,0.0,0.13329923806598523
2026-01-22,-0.05712142908984621,0.0,0.02752149420663139,0.048275714575548655,0.02631580430536828,0.0,0.043597966056698835,0.06300486750995914,0.0,0.0,0.09691315817762063,0.036005479694405616,0.13291863787202624,0.0,0.0,0.13291863787202624
2026-01-23,-0.06390971170831326,0.0,0.028988478251093207,0.04781905423520812,0.0278887590526808,0.0,0.04573770087445402,0.06709078426747976,0.10478617977324481,0.0,0.09897383646298588,0.041743407731628705,0.03593106442136976,0.0,0.0571011097357499,0.08361613445886466
2026-01-26,-0.05676267804362567,0.0,0.02956430791392786,0.04948765125189062,0.027806311986782184,0.0,0.043015477028843965,0.064992848193818,0.0,0.0,0.09473297268944217,0.04108166452000197,0.13581463720944414,0.06357405591066422,0.07224058129877996,0.0
2026-01-27,-0.060148403317751384,0.0,0.031866470558131604,0.04230314817323714,0.023992202857513252,0.015957130371441947,0.03823676481658891,0.056131924003576035,0.0648465990982477,0.04785813698155318,0.09770691688782121,0.03661110516129892,0.02161328596931926,0.06425860050916554,0.0700594215399546,0.0
2026-01-28,-0.09181924758112708,0.0,0.03647738929733233,0.0,0.025886366276608896,0.018580168825058276,0.03255999186817527,0.051270109908616954,0.0614749064518757,0.0457542601197189,0.09277538235314643,0.03552125452531299,0.02106747030686483,0.06345752824686886,0.06483910863159055,0.0
2026-01-29,-0.09752676113670344,0.0,0.03939984953512893,0.06261770068955237,0.04148260201364971,0.026929359197010876,0.0485899967918826,0.08254235335884155,0.10986559742918306,0.0896787139322017,0.13239262926613926,0.06715168209524545,0.0,0.09312787843413398,0.10641643292725074,0.0
2026-01-30,-0.12341040035455707,0.0,0.056000809611197175,0.0,0.038246371076346826,0.0,0.05261123199573083,0.08855360689367664,0.09916729774360658,0.08024391222214772,0.09491527045548181,0.08449593951027246,0.0,0.08215890375165248,0.09725230621410182,0.0
2026-02-02,-0.05605697169948388,-0.03356511740357051,0.022538837626910644,0.0,0.023145878338406676,0.013491702546273271,0.027927273368307345,0.047596072476977724,0.09184693608368096,0.0,0.05569903429185244,0.0564618924381126,-0.020313990646284093,0.048306067858860005,0.06385485887110502,0.0
2026-02-03,-0.052024274800556776,-0.03170476313621859,0.023331037583699338,0.0,0.02176339529446242,0.0,0.03102511455778873,0.054271565668223554,0.05220559018892721,0.04578764532153496,0.05538847187209543,0.051671603648379284,-0.00906684001001253,0.042608958599142474,0.06445111692133225,0.0
2026-02-04,-0.04987959343765513,-0.032580293245841295,0.018917787568275463,0.0,0.0,0.0,0.035059531404485575,0.06631814284728631,0.049344655475370806,0.0454576280801248,0.05764639904891351,0.043731275202858355,-0.006575390696276279,0.041749140417422045,0.05962853383434983,0.0
2026-02-05,0.0,0.0,0.09229393381726231,0.0,0.0,0.0,0.03217635784113589,0.06011757597612642,0.04494793074253688,0.0409550428595547,0.05195527173801935,0.040338662079242964,-0.006390960215170707,0.02753197842575567,0.03676389705292838,0.027998058338578276
2026-02-06,0.0,0.0,0.09758685028027725,0.0,0.0188028966988624,0.0,0.029094186879924756,0.04968976670149009,0.04733469615348265,0.04346625721296784,0.05444530833399264,0.04314154194628462,-0.00678589691382676,0.030886138715585567,0.03226389347792784,0.03443681808676385
2026-02-09,0.0,0.0,0.09743502670599198,0.0,0.020202741449039566,0.0,0.029313699441145133,0.04791858581580728,0.046876811200238594,0.043255734585502525,0.05427015336947098,0.043164873336520984,-0.007302480920250855,0.03100220055956543,0.03386430934126175,0.03256851680516479
2026-02-10,0.0,0.0742287202319291,0.024567439830992854,0.0,0.0205809970624087,0.0,0.030710767090577604,0.04750439590993564,0.04816320891511059,0.04325608096454002,0.0561856084545121,0.04261055160840986,-0.007376870183271338,0.04872960365665436,0.05006655640626758,0.0
2026-02-11,0.0,0.08992954193090151,0.0,0.0,0.0,0.0,0.032988194888707974,0.05694134704219355,0.04339381240294347,0.040040165053814865,0.05121677336267117,0.03871276856823037,-0.006495564474143207,0.045931893731178716,0.04399764819972282,0.0
2026-02-12,0.03466682805530778,0.03675029213607069,0.0,0.03377322652462918,0.0,0.0,0.04197544386991469,0.06321490284609295,0.050646500372615685,0.04553899530051043,0.06198729415573126,0.04320305256027638,-0.009004851042881528,0.05277933071797081,0.05241101599803681,0.0
2026-02-13,0.03157839826090056,0.028566638800374175,-0.005620336755199902,0.042298121253457485,0.0,0.0,0.03366738130544162,0.07439611376449051,0.052879924139318094,0.04665684982535992,0.0648386309827446,0.0432248640871875,-0.00852672110525414,0.053345829115450216,0.054717665954481916,0.0
2026-02-16,0.03111083418789396,0.02814366820258584,0.0,0.04632828602205678,0.0,0.0,0.028399164435234218,0.07718362397730236,0.05166601207983782,0.04558579472113648,0.06335019473115734,0.042232593681379216,-0.0083309816115623,0.0505145303726468,0.05506825803988979,0.0
2026-02-17,0.0313448398757938,0.02925112227327923,0.0,0.04690656061906673,0.0,0.0,0.031032735075014452,0.0764697876931253,0.06175346610182005,0.03492871246693132,0.10750252276813975,0.0,-0.010820344199388389,0.05140097392203779,0.056101548846101953,0.0
2026-02-18,0.03050597332508711,0.028057273251271286,0.0,0.04589654214399623,0.0,0.0,0.035004836929405515,0.06945495179094913,0.0501246997654275,0.046503684029325434,0.06039618413183241,0.0440636045885222,-0.007831404925601693,0.05449321755262322,0.04996657116773139,0.0
2026-02-19,0.02596923596514974,0.024655521830510414,0.0,0.039501664376399744,0.0,0.0,0.02894309547458123,0.06118332669747864,0.04289683688545985,0.0404365970903534,0.05153692634857207,0.03858949582348781,-0.0067929881962466255,0.0,0.0,0.0
2026-02-20,0.025835570940135073,0.02513989486637768,0.0,0.045059047712328645,0.01656755969426727,0.0,0.027556503138893473,0.05191045068568065,0.04578137258742184,0.04281377387096334,0.053351556443022065,0.042682957075819324,-0.007439367060456203,0.0,0.0,0.0
2026-02-23,0.0322385309398856,0.026708003797271333,0.0,0.045425651021562576,0.0,0.0,0.036825251992685555,0.06754693376603395,0.049130637710268196,0.047089612619186316,0.06114335537222389,0.04322883038649562,-0.00815193542926498,0.055360816544183775,0.049011369214535715,0.0
2026-02-24,0.025282758648431398,0.023210842639148712,0.0,0.0417316345699075,0.0,0.0,0.03224799807860348,0.057977237778884125,0.042397479242683875,0.04044155318164822,0.0492387937331715,0.040986442124316104,-0.007386203433155517,0.0,0.0,0.0
2026-02-25,0.023920420500275437,0.024173718298619088,0.004964570804153083,0.04616424366869236,0.01948202595362175,0.0,0.02996953437763946,0.04977139294047875,0.04687510293817801,0.044262725481790076,0.053628228659351615,0.04559472461238835,-0.00808512485177188,0.0,0.0,0.0
2026-02-26,0.026286239575571684,0.025625132984295376,0.005407170903569683,0.04769858338511091,0.01717884984802477,0.0,0.03415475863827524,0.053683518362247655,0.049512221343854135,0.0464997536782568,0.055860697913340855,0.04915642893520682,-0.009005151826436731,0.0,0.0,0.10501712684854766
2026-02-27,0.027577453780507816,0.025733985177892178,0.0,0.043291693662995734,0.0,0.0,0.03688049406579244,0.0597226385556033,0.04541606073343728,0.04326478422652948,0.05016771099673017,0.04643542162466557,-0.007922287661428959,0.0,0.0,0.09660313262139573
2026-03-02,0.0,0.030450402599820726,0.0,0.06315057675987111,0.0,0.0,0.028271618874790225,0.06532936048490162,0.0437898252898646,0.04285789339136337,0.053350107633440516,0.04025087172625133,-0.006953260678463848,0.0,-0.0493147679248902,0.04428621143480164
2026-03-03,0.0,0.029552934626019867,-0.008310317919683428,0.05249051902790407,0.0,0.0,0.0,0.09035377157360737,0.04158164717602863,0.042074440963147074,0.09035377157360737,0.0,-0.006697683434431655,0.0,-0.04683408167317525,0.04351968990043211
2026-03-04,0.02151621007282347,0.028027630664033364,-0.005407978715965418,0.048084312453493365,0.0,0.0,0.0,0.10303613190631562,0.047576383937480975,0.04804611129416023,0.058701118720020415,0.04433501318629519,-0.007413636674674408,-0.03902599728176056,-0.03415678782264392,0.029853346801911134
2026-03-05,0.0,0.04004969205623965,-0.012006083481351243,0.043615603838660345,0.0,0.0,0.0,0.09567137937625124,0.045358040608959066,0.043240510069966626,0.09567137937625124,0.0,-0.007072828697325559,-0.036603609045961154,-0.033988201220402324,0.025079569109887765
2026-03-06,0.0,0.05893439722243554,-0.02073888029511345,0.0,0.0,0.0,0.0,0.0,0.03897429100845531,0.034500858826029705,0.07967327751754899,0.0,-0.0061981276830639824,-0.030561817362381706,-0.028033342051903408,0.021078118103263876
2026-03-09,0.0,0.056619384363905435,-0.022663696429029483,0.0,0.0,0.0,0.0,0.0,0.0379840597114521,0.034772527276562465,0.07928308079293492,0.0,-0.006526493804920359,-0.030627437595721244,-0.02731266739230138,0.021342975804912297
2026-03-10,0.0,0.0,-0.016150905044063767,0.0658216985588848,0.0,0.0,0.0,0.08197260360294854,0.038268650093846446,0.03530865028767028,0.04634537773254333,0.03562722587040522,-0.008395303221431828,-0.032382858602022155,-0.026016261915990522,0.023573483084935877
2026-03-11,-0.05214231894962212,-0.027545242007091686,-0.008762686967431937,0.0,0.0,0.0,0.0,0.08845024792414574,0.04186360926430035,0.03868453718038626,0.08845024792414574,0.0,-0.007902101479459144,-0.034770756504071916,-0.02866691008562495,0.025012581334448877
2026-03-12,-0.03799165141364242,-0.02131448027244035,-0.006275971882983394,-0.022903133757353346,0.0,0.0,0.0,0.0,0.04194443696479335,0.03893336700490058,0.08848523732641951,0.0,-0.007607433356725574,-0.03436859598227193,-0.02812575531703111,0.025990886027116463
2026-03-13,-0.035228733421740356,-0.02207602312278196,-0.00609290241599342,-0.025043775305993134,0.0,0.0,0.0,0.0,0.041748885339675953,0.03873283044174284,0.08844143426650887,0.0,-0.007959718485090085,-0.033830609979222555,-0.028665267700556333,0.025945556586729986
2026-03-16,-0.03567694030147016,-0.020947698247117584,-0.006923777167725163,-0.024553266625232155,0.0,0.0,0.0,0.0,0.041798874650698876,0.037850789729394305,0.08810168234154506,0.0,-0.008452017961451888,-0.03333965400022875,-0.029766846739278215,0.024995181602038095
2026-03-17,-0.04912862373721247,-0.02755997464687638,-0.009739579545221371,0.0,0.0,0.0,0.0,0.08642817792931021,0.04097883369064593,0.03715405444437783,0.08642817792931021,0.0,-0.008295289794286445,-0.03242246756471885,-0.028389767464180496,0.025615942900410863
2026-03-18,-0.03966118207843104,-0.022434427432354926,-0.006300338168029505,-0.020403353539528022,0.0,0.0,0.0,0.0,0.04223861635923373,0.03843206131697708,0.0,0.0,-0.008128623542132696,-0.03280254406765773,-0.02832873243600446,0.02766802471468131
2026-03-19,-0.04266210908771366,-0.021846304901083514,-0.007040427943498957,-0.026404670530519772,-0.048303277215748355,0.0,-0.04965023524706752,0.0,0.04700137314716006,0.042643448160246705,0.0,0.0,-0.008308691155409132,-0.035954024196425204,-0.031977975204044475,0.030021513062346204
2026-03-20,-0.040910352248258584,-0.023161193343229903,-0.006237302535535469,-0.030659420578525148,-0.03814352881531387,-0.02585425179750961,-0.03697048809272561,0.0,0.04823289440451943,0.04409418197289603,0.0,0.0,-0.008641192328133627,-0.039710056506959364,-0.028589265888440123,0.03266894631014961
2026-03-23,-0.040640034353872395,-0.023353882352085447,-0.005845230594522064,-0.02628339405332329,-0.035177101302869204,-0.02480649161551344,-0.03613894843542054,0.0,0.04449917301972314,0.04112319221419772,-0.09612254135380319,0.0,-0.010500176119882318,-0.035889810654523804,-0.03070908174909793,0.029523648950181444
2026-03-24,-0.04081827170725833,-0.02296640275471221,-0.005718278148453819,-0.026376973847861293,-0.03582136621187089,-0.02623174650370057,-0.03382681374271419,0.0,0.044594844815331255,0.0414883297026352,-0.09587992645828565,0.0,-0.0097967519403192,-0.037126377672480664,-0.02815452990764509,0.03059901887815988
2026-03-25,-0.04466284624020456,-0.022455875104495523,-0.005999386303225626,-0.02241654852368408,-0.04233478420462078,-0.03073456118478522,-0.022465310782203797,0.0,0.044508912143834505,0.041271587916282076,-0.09553465617160979,0.0,-0.009754156111493203,-0.03642214317741639,-0.027588202293216343,0.03152431070097706
2026-03-26,-0.042508281887017565,-0.021762219560446373,-0.0056921552448455925,-0.02507701594465039,-0.03719718230873175,-0.027901748607102088,-0.029940741721126082,0.0,0.04408568605726672,0.04117749187358447,-0.09503967263695993,0.0,-0.009776494706108751,-0.036064617543187946,-0.029181781021110118,0.029793274072661868
2026-03-27,-0.041502678251170586,-0.022646803303536193,-0.005702134519493632,-0.025374971153943812,-0.03737781461885642,-0.027731048787260845,-0.030117723822026963,0.0,0.044518305411143606,0.04171740872097991,-0.09522658722814421,0.0,-0.008990873096020697,-0.03616508900444856,-0.030479759708286903,0.02858173851540875
2026-03-30,-0.04227026767950746,-0.020089328115551117,-0.005919719555136998,-0.02701814391923072,-0.0376494773828057,-0.028152226733471297,-0.029495755153149304,0.0,0.04389160111158763,0.04112465607205664,-0.0952974592694263,0.0,-0.010281202085782022,-0.035883450637232375,-0.03126881013540721,0.028145198496786712
2026-03-31,-0.04241417247382614,-0.020395714575381994,-0.005869995095590634,-0.025801571400543195,-0.03254324339288061,-0.0255786377223467,-0.03635957243011463,0.0,0.043106604248851536,0.040005683246616235,-0.09448145354534195,0.0,-0.011369166049874167,-0.03576860875355861,-0.031865697642315616,0.026847147149467718
2026-04-01,-0.04736494686486527,-0.023331494349936307,-0.00417399472234855,-0.020031274628080412,-0.03751119944359921,-0.027863308433544034,0.0,0.0295272026880873,0.038236360934433986,0.043909698620120646,0.0,0.0,-0.012755651010675897,-0.03494513210730089,-0.032917418108327816,0.027039160349601823
2026-04-02,-0.04715755835020688,-0.02230242034825325,-0.005025982474695596,-0.022386331342388203,-0.030636719835836164,-0.023502394164848114,-0.017155185121225682,0.025577993393633973,0.04035995190469549,0.043689743169900146,0.0,0.0,-0.012822597440948297,-0.03624973558491012,-0.03195605629628771,0.028666500634346084
2026-04-03,-0.047140363161841135,-0.02229428815625017,-0.005024149837078239,-0.022378168553691815,-0.030625548685613044,-0.023493824423138646,-0.017148929779559813,0.025568666820549864,0.04034523534599922,0.04367381246038634,0.0,0.0,-0.012817921902475804,-0.03489150775799064,-0.03463762920666507,0.02730783274420565
2026-04-06,-0.047972020562204905,-0.02224063512715892,-0.004922863487556355,-0.021927026952567312,-0.03018146543702858,-0.023003323549287677,-0.0176146748885889,0.026263082254582338,0.0404246451722735,0.04376717094789115,0.0,0.0,-0.012870730009322862,-0.03548254545687388,-0.03538542360395234,0.026194577068661275
2026-04-07,-0.042976707431720156,-0.021499276476802543,-0.004007242712034517,-0.024932016099933074,-0.03516836489273279,-0.02817748506285241,-0.030069392764905098,0.0,0.038823783391133446,0.04234851590898505,0.0,0.0,-0.012242943420371797,-0.033994070769687204,-0.033872979689407605,0.025548192261395486
2026-04-08,-0.04923574473515186,-0.020815552561440624,0.0,0.0,0.0,0.0,0.0,0.07005129729659249,0.02801519428859714,0.029788004560791483,0.0,0.07005129729659249,-0.012248098447203874,0.0,-0.036210571317604384,0.0338407259789881
2026-04-09,-0.049108060186063,-0.021043136282871536,0.0,-0.015679522213306412,0.030025854175142357,0.0,0.0,0.055804864507098595,0.034417281601058475,0.037030789963045777,0.0,0.0,-0.01438264711813671,-0.030627228652482553,-0.0294636624932428,0.025739827536515596
2026-04-10,-0.03663497922052424,-0.01565406464143514,0.0,-0.018050403816772097,0.0,0.0,0.0,0.07033944767873149,0.027742317975310557,0.030185244926276663,0.0,0.07033944767873149,-0.012411884777144265,0.0,0.0,0.07033944767873149
2026-04-13,-0.04205003527063845,-0.017005214968787263,0.0,-0.02197847373355395,0.03229566380824433,0.0,0.0,0.048738060164735336,0.03253630105828206,0.034396449236062596,0.0,0.08103372397297966,-0.014100973678635002,0.0,-0.04185609153023547,0.039177632442744165
2026-04-14,-0.04801980562387337,0.0,0.004938476552620892,-0.024434043965381912,0.021561410627267626,0.01597875917587825,0.01407146961935,0.025780686719380285,0.031236396367077337,0.03131999606154251,0.0,0.07739232614187617,-0.014835933713256323,0.0,0.0,0.07739232614187617
2026-04-15,-0.04192510256857447,-0.017491231837850583,0.003827691031078197,-0.018409816528300708,0.023673260776083192,0.018228709688594982,0.014328387093581935,0.025423484407543846,0.032949782748608394,0.03342422423875322,-0.027240225513379755,0.05441361645242421,-0.015279834978442347,0.0,0.0,0.08165384196580396
2026-04-16,-0.04043583890741485,-0.020347545263969438,0.0,-0.021827008474070216,0.024489582793965375,0.019153358453705225,0.014516658233850298,0.024450793163933608,0.033874190512773135,0.033843732379587224,-0.028919002960349466,0.05369138968510504,-0.01489246975309415,0.0,0.0,0.08261039264545451
2026-04-17,-0.040621704052377916,-0.019384403571045854,0.0047378073464328305,-0.019845132024610666,0.024908182988876305,0.019084011832999914,0.016655280668913777,0.023941571503677254,0.0386430528274696,0.023968113334129796,0.0,0.08458904699446725,-0.021977880832867853,0.0,0.0,0.08458904699446725
2026-04-20,-0.038293451116421524,-0.018100636018018895,0.0,-0.027464274317503708,0.02512972365691702,0.019128654200684735,0.015518560580539565,0.024081423013802807,0.03360068916631006,0.03294720909044937,0.0,0.08385836145194411,-0.017310463195184683,0.0,0.0,0.08385836145194411
2026-04-21,-0.04406371734310091,0.0,0.0,-0.03387875131655035,0.024684999059623312,0.01917167285668158,0.012929820962250125,0.021155975781096247,0.031038436232098492,0.03036882924202769,-0.027623230909997524,0.05031923774965373,-0.016535203185525076,0.0,0.0,0.07794246865965125
2026-04-22,-0.041646330044354536,-0.017170072039411514,0.0,-0.026837809199625293,0.027582613749597508,0.021821088080210802,0.013157624083675904,0.02309288536990714,0.034022724355187765,0.03226298584582764,-0.026727458443585993,0.05892675283980536,-0.019368501082375943,0.0,0.0,0.08565421128339135
2026-04-23,-0.0395661113145277,-0.01826696807176412,0.0,-0.029147753991789406,0.02869062581276001,0.02279763021270134,0.01268029155757999,0.022812285795039876,0.0341669594180718,0.03251174308883282,0.0,0.08698083337808123,-0.020302130871176587,0.0,0.0,0.08698083337808123
2026-04-24,-0.03578844863199029,-0.017770837914206496,0.0,-0.02577372758763875,0.04362041648513576,0.03571259764869976,0.0,0.0,0.03119771703684634,0.028899614515179275,-0.02803231675986244,0.05130069737397309,-0.019235682581809913,0.0,0.0,0.07933301413383552
2026-04-27,-0.03849408926000291,-0.02019622676049918,0.0,-0.03126997744799819,0.0496251622573678,0.04033513121113249,0.0,0.0,0.03070259044076832,0.028331373884286932,-0.031923903970931665,0.05803638949756862,-0.030926329143445026,0.0,0.0,0.08996029346850028
2026-04-28,-0.04150343722546559,-0.020214041101690117,0.0,-0.031186679564891615,0.05195012004353771,0.040954037848509615,0.0,0.0,0.030954540461724026,0.02880771242723694,-0.045047657617422666,0.047856500274624666,-0.033141905003086364,0.0,0.0,0.09290415789204733
2026-04-29,-0.04610871011364936,-0.024252183411259662,0.0,-0.02890323219179345,0.05468364137162145,0.04458048434508103,0.0,0.0,0.029885927001189853,0.027611101607774358,-0.052875419541071236,0.046388706175631254,-0.04176709710773828,0.0,0.0,0.09926412571670248
2026-04-30,-0.04651090315238576,-0.024706682356422455,0.0,-0.02886876020352985,0.055190361999532325,0.04489598371280574,0.0,0.0,0.03085476274408944,0.030042263062978657,-0.05108680751017406,0.048999538202164,-0.03918931990526998,0.0,0.0,0.10008634571233806
2026-05-01,-0.04464019036621154,-0.0220938898836498,0.0,-0.026717471905429422,0.050300455495536606,0.04315109665975416,0.0,0.0,0.028516607645325338,0.026886510256360803,-0.043086414513929715,0.050365137641361045,-0.03804843425360462,0.0,0.0,0.0
2026-05-04,-0.04820369874305894,-0.02520518036114832,0.0,-0.026733039244454464,0.053120684092090066,0.04702123425657164,0.0,0.0,0.03776853066704692,0.03457188649200539,-0.05363899049931732,0.04650292784934439,-0.027801501189609397,0.0,0.10014191834866172,0.0
2026-05-05,-0.04487635467451393,-0.021385479197943626,0.0,-0.03108899625797656,0.040004252240427474,0.03516580515115176,0.0,-0.02218077273885488,0.03007940218929487,0.02748635460698982,-0.04880896338373843,0.048541866746695694,-0.039785073334149414,0.0,0.0,0.0
2026-05-06,-0.04996601090971951,-0.01932760810945748,0.0,-0.03187522052312245,0.0445137853072834,0.03864632484137887,0.018008729393637183,0.0,0.02736029397868782,0.02532863273845716,-0.03736922987475409,0.06379960966754535,-0.048479912825154466,0.0,0.10116883954229945,0.0
2026-05-07,-0.0467170488708579,-0.021255862340538598,0.0,-0.024174520389945026,0.04855624384734109,0.04359118775400042,0.0,0.0,0.020734622208224862,0.026756461038331715,-0.032616572711292945,0.05953085889004858,-0.04465634835478495,0.0,0.0,0.0
2026-05-08,-0.048905642269025745,-0.02031363330995987,0.0,-0.026952613612639096,0.03921107060471382,0.03615390815216866,0.0,-0.020806910434742226,0.027710607968658672,0.025761180306426594,-0.03186070783955986,0.06431118135206486,-0.04270010091653946,0.0,0.0,0.0
2026-05-11,-0.047233559028584,-0.021984955672098266,0.0,-0.027348459341250717,0.040154506128713116,0.03700641550306192,0.0,-0.019406052410157935,0.03573710086345624,0.033345007240381745,-0.031302274996192384,0.0652646990457406,-0.027484865938094998,0.0,0.0,0.0
2026-05-12,-0.046127211701240275,-0.0235103510830953,0.0,-0.02677240913997438,0.04017050342132999,0.03662695998822334,0.0,-0.019612508514756627,0.029998121889394477,0.028622766343788637,-0.030854029536921665,0.06555594238738828,-0.037789083691126824,0.0,0.0,0.0
2026-05-13,-0.04676556347116871,-0.024459521076471903,0.0,-0.025889232857366728,0.040492051765011416,0.03778470570591704,0.0,-0.018837559934078884,0.0347620837126182,0.03434266645039154,-0.03279785759056229,0.06431645981444505,-0.028009567241997605,0.0,0.0,0.0
2026-05-14,-0.04563388634540598,-0.02328708043734435,0.0,-0.024304542251367762,0.049208110674695056,0.044017398359423046,0.0,0.0,0.033518092450300276,0.0331749128751985,-0.030209342108213844,0.06301616692590427,-0.026532503708619315,0.0,0.0,0.0
2026-05-15,-0.056728109014556535,-0.029656771934438282,0.0,-0.028943417627944973,0.043177166843679,0.04101945608857016,0.0,-0.031131675644690642,0.057634346273244985,0.057693952303694805,-0.05452535918301112,0.0608029393939287,0.0,-0.05056667235751823,-0.0647616262194216,0.0
2026-05-18,-0.06166780493952642,-0.032703535144956664,0.0,-0.02780692750314342,0.04841950815945162,0.046016389096741606,0.0,-0.027742370331433286,0.06092779975452458,0.06125046783310194,-0.05451829752998039,0.06765997005764611,0.0,-0.047688987258411523,-0.04110903080173432,0.03338024952748068
2026-05-19,-0.05739824834697194,-0.030694654352015526,0.0,-0.02432136380924238,0.055537708046880165,0.0568765584613497,0.0,0.0,0.05594686566167686,0.056467400846553,-0.057448067780551615,0.054966198727678245,0.0,-0.053644369626365436,0.0,0.058769896881864396
2026-05-20,-0.06479358011632853,-0.03277729091326201,0.0,-0.020260401313939025,0.060885223839399885,0.05694604850412969,0.0,0.0,0.06032399339695588,0.05750727894657368,-0.05220817229869535,0.06562310004483421,0.0,-0.051559860755846294,-0.03414530861380435,0.032126102973878905
2026-05-21,-0.056856020420054186,-0.027503664437249567,0.0,-0.026241524233667476,0.05695415559955323,0.053647053491418004,0.0,0.0,0.055408833450701314,0.05519237564026992,-0.05220327941602697,0.058397929674944254,0.0,-0.06695700352576504,0.0,0.04364420556520619
2026-05-22,-0.05931212992675983,-0.0276114705959439,0.0,-0.02374898628761365,0.05825451609532448,0.0524180707149929,0.0,0.0,0.05629871284657692,0.054373873963740466,-0.05004380710992233,0.06062877970039505,0.0,-0.06679484587338702,0.0,0.043877740936930365
2026-05-25,-0.05932965419308131,-0.027619628636547884,0.0,-0.023756003124828624,0.05827172788076777,0.05243355807369006,0.0,0.0,0.05631534677354428,0.054389939180913546,-0.05005859297252106,0.060646692981936756,0.0,-0.06813780311775204,0.0,0.0425674828367058
2026-05-26,-0.05903040463297861,-0.02610635386707295,0.0,-0.02528693376473355,0.058169316604303536,0.052254375660481585,0.0,0.0,0.05412471771856468,0.05629897454622044,-0.05188696919605698,0.05853672306872813,0.0,-0.07031107885296342,0.0,0.04011261341182171
2026-05-27,-0.07477872437525393,-0.03304601854005503,0.0,-0.032252567112635695,0.07322813796318099,0.06684917206476364,0.0,0.0,0.0,0.13578301778697652,-0.06940116410849992,0.0706761459194447,0.0,-0.08615905351575955,0.0,0.053918256512185084
2026-05-28,-0.11636918474233529,-0.04942395485876824,0.0,-0.04525721664941783,0.09517900540931387,0.08593389208798635,0.029937458753221118,0.0,0.0,0.0,-0.0921652894013327,0.11888506684918863,0.0,-0.0937003468479701,-0.05920085073179411,0.0581491586707571
2026-05-29,-0.10880239896099415,-0.047842576022732175,0.0,-0.0454193282799769,0.09123832212986863,0.08189611060889873,0.02892987052493588,0.0,0.0,0.0,-0.08367808095356251,0.1183862223101407,0.0,-0.12739418965318772,0.0,0.07467011361051552
2026-06-01,-0.10738227517480667,-0.0451015841723668,0.0,-0.05077971905813997,0.09127118461356208,0.08338426839329136,0.028608125398460034,0.0,0.0,0.0,-0.08496192561696274,0.11830165278835071,0.0,-0.11783197056302058,0.0,0.08543160784229284
2026-06-02,-0.09268937625454321,0.0,0.0,-0.04416115711550157,0.05810337652603138,0.05249680881823786,0.026250348025775545,0.0,0.0,0.1368505333700448,-0.05595611313850595,0.08089442023153884,0.0,-0.077526866781553,0.0,0.059323666588491794
2026-06-03,-0.0766890037931242,-0.02989559557144836,0.0,-0.04120184241719599,0.05237956929517085,0.05042786935671368,0.01925055186489604,-0.025728451264988007,0.0,0.14778644178176856,-0.06632582269504513,0.08146061908672346,0.0,-0.08312141414941997,0.0,0.06466502763234859
2026-06-04,-0.10893097749734458,-0.04363753362975911,0.0,-0.054847471084545796,0.08465415075328546,0.07554342801371389,0.047218403444650184,0.0,0.0,0.0,-0.08982930486229969,0.1175866773493498,0.0,-0.12123514691639249,0.0,0.08618083529525701
2026-06-05,-0.10499365503511451,-0.04636848214093122,0.0,-0.04886076434570337,0.07324908333498027,0.06332493969590872,0.06364887849086012,0.0,0.0,0.0,-0.1298746568334319,0.0703482446883172,0.0,-0.11588049559798246,0.0,0.08434240592376666
2026-06-08,-0.10816916725267552,-0.048314849517728714,0.0,-0.05439339062681896,0.08203389327794298,0.07697492804348957,0.051868586075790674,0.0,0.0,0.0,-0.13050622302295425,0.08037118437426895,0.0,-0.09128731322113982,-0.062435684220089646,0.05715440995599376
2026-06-09,-0.10872157112042405,-0.04714784156586439,0.0,-0.055247183610884515,0.05966631922668705,0.051461658173049686,0.04790998213181126,-0.05207863676562495,0.0,0.0,-0.14201726928322447,0.06909932701394848,0.0,-0.09250939224176037,-0.06439152228360112,0.054215681771811415
2026-06-10,-0.10912560024910226,-0.04669907399867943,0.0,-0.056704063920392955,0.0,0.09732717389346388,0.11520156427471082,0.0,0.0,0.0,-0.14908796072252822,0.06344077744564641,0.0,-0.09506344815476435,-0.060293065411594064,0.057172224601816285
2026-06-11,-0.12777970910295164,0.0,0.0,-0.07374623192125258,0.07187483523732513,0.06551420774349674,0.06413689804338231,0.0,0.0,0.0,-0.1360392830169361,0.06548665800726809,0.0,-0.09101709318608432,-0.05553971130108799,0.05496913653703191
2026-06-12,-0.1006818523604457,-0.03469811532309018,0.010788559638116618,-0.0493391049835387,0.06685865528766198,0.058338600642270456,0.07031037637525879,0.0,0.0,0.0,-0.11723372072571935,0.07827391157947186,0.0,-0.08961268429523546,-0.05145386134452547,0.054441086665430315
2026-06-15,-0.11414062353565209,0.0,0.015964271830888718,-0.04955975064219172,0.06322825367597444,0.05544513621163686,0.060991256121121204,0.0,0.0,0.0,-0.10791545705390773,0.07174918895482482,0.0,-0.11016093260261725,0.0,0.06950371340611526
2026-06-16,-0.1167608150164071,0.0,0.021686059482404086,-0.053436780574970304,0.06873436829245899,0.05474885778230959,0.06840042899901287,0.0,0.0,0.0,-0.10658715834202738,0.08529649673175409,0.0,-0.08858793692144465,-0.04651163971828605,0.05678407843405077
2026-06-17,-0.14635913852949034,0.0,0.027768864660795964,0.0,0.05529841685420465,0.04945073561577225,0.06937885072030946,0.0,0.0,0.0,-0.09559854380673652,0.07852945938354981,0.0,-0.10132662476571781,0.0,0.07280137842456852
2026-06-18,-0.15373102589781573,0.0,0.03082306425051317,0.0,0.063305599489635,0.053368583711005294,0.0678799069476886,0.0,0.0,0.0,-0.10449466236751599,0.0800594277808129,0.0,-0.0828797450389191,-0.05728668645986895,0.04438765864954087
2026-06-19,-0.10764456006051497,0.0,0.022368283706447584,-0.06291740903200563,0.06757795712643264,0.05697031370046885,0.0683819819720667,0.0,0.0,0.0,-0.10923725185664888,0.0836930009423193,0.0,-0.08030448432181024,-0.0632606557110226,0.04936511276613537
2026-06-22,-0.08680242624566097,-0.02437095552580528,0.01569451955227109,-0.03010920932002334,0.05352890036969937,0.04597773378744527,0.05747047648661606,0.0,-0.1569771106437607,0.0,-0.09239850119872078,0.06457860944503992,0.0,-0.06478365660714856,-0.05145917747856346,0.04073427655804868
2026-06-23,-0.08702172527905516,-0.025686172366190727,0.014201911934114072,0.0,0.04019157005060779,0.034465463006737515,0.05225277652201466,0.0,-0.06663532719877321,-0.06027448238058675,-0.12690980957935996,0.0,0.0,-0.054452864902271664,-0.0397217178300558,0.03273522684703251
2026-06-24,-0.1022826670967799,0.0,0.018371918349263425,0.0,0.0373272136286767,0.031899023129270315,0.0514283486880963,0.0,-0.06317438210805838,-0.057480203337984904,-0.12065458544604332,0.0,0.0,-0.05334117693032383,-0.03775662889670424,0.02955677961901524
2026-06-25,-0.10319631512447815,0.0,0.017714444045945837,0.0,0.032763241107731655,0.03178712822581035,0.056360389836881984,0.0,-0.0635066024317493,-0.0574041567386747,-0.12091075917042399,0.0,0.0,-0.05397224929262708,-0.03796417178229039,0.028974338095506504
2026-06-26,0.0,0.0,0.10714705525814115,0.0,0.0,0.038094159483968,0.06905289577417316,0.0,-0.05661867003728795,-0.0505283852208532,-0.10714705525814115,0.0,0.0,-0.04848403954296298,-0.03178602868290907,0.02687698703226911
2026-06-29,0.0,0.0,0.11655978690011029,0.0,0.040309786419421165,0.03148490254176096,0.04476509793892819,0.0,-0.06452490578625412,-0.052034881113856186,-0.11655978690011029,0.0,0.0,-0.051755176658676745,-0.034456359536832924,0.03034825070460064
2026-06-30,-0.11075405412352715,0.0,0.018682545512070884,0.0,0.04371703415405886,0.03438208338021613,0.05133748210132305,0.0,-0.06955197511399727,-0.05988462452160076,-0.12943659963559803,0.0,0.0,-0.05765069410395835,-0.03698715114390029,0.034798754387739377
2026-07-01,-0.08797910258146205,-0.03631608516287497,0.013382295733238127,0.0,0.045156334829283745,0.03368691980141649,0.058834228846874906,0.0,-0.0742143809573246,-0.06346310252025056,-0.13767748347757514,0.0,0.0,-0.061079356555717564,-0.038988953821770506,0.03760917310008709
2026-07-02,-0.08821970871840425,-0.03862382814591587,0.016382193325958718,0.0,0.036159229285358085,0.022868542640778956,0.05208044635008434,0.03211751191405746,-0.0758785207702629,-0.06734720942001593,-0.14322573019027884,0.0,0.0,-0.06777504984524987,-0.03729329870443909,0.03815738164058987
2026-07-03,-0.0855351709761443,-0.03744849979905812,0.015923003375348178,0.0,0.04445301791810604,0.028113866248337324,0.06633978998410722,0.0,-0.07359035939742116,-0.06531631475312943,-0.13890667415055058,0.0,0.0,-0.07315208360148799,-0.03495386387621715,0.030800726672845436
2026-07-06,-0.08935597835414255,-0.04092272242113988,0.01974263092224073,0.0,0.05110229650682881,0.030263996991142798,0.06865503819955156,0.0,-0.07768448741473724,-0.0723368442827859,-0.15002133169752316,0.0,0.0,-0.0765635835341393,-0.03959873250877613,0.033859015654607715
2026-07-07,-0.07264632634949388,-0.0363784263138222,0.012981202529916741,-0.02924345199231117,0.06599563222295,0.0,0.08525377496259398,0.0,-0.07748942857292705,-0.07375997861261695,-0.151249407185544,0.0,0.0,-0.10010025406233768,0.0,0.051149153123206344
2026-07-08,-0.07145135203176271,-0.03520529341774312,0.007970812225845775,-0.04359673307007236,0.08337887885779617,0.0,0.07484531188762779,0.0,-0.07921797515016957,-0.07900621559525439,-0.15822419074542396,0.0,0.0,-0.07784154440507499,-0.04087320901416715,0.03950943732618183
2026-07-09,-0.06523025913622987,-0.032784442068633624,0.009087594126928724,-0.035450209659072765,0.05589279957303101,0.033938312280179336,0.05272139313765463,0.0,-0.045923457696682275,-0.044411716317501404,-0.142552504990865,0.0,-0.05221733097668129,-0.07440105714928472,-0.032624505261536325,0.035526942580043935
2026-07-10,-0.06452340166000663,-0.034045264427125646,0.008962046263286916,-0.02923967420077536,0.05662157613239143,0.03347428591193968,0.04667452450686344,0.0,-0.04222178057979654,-0.04244376377691185,-0.13677038655119456,0.0,-0.05210484219448616,-0.09220651443233112,0.0,0.04456387211886343
2026-07-13,-0.09834099808595818,-0.0516283001153099,0.010661148825383044,-0.05196193401576296,0.1254620263433129,0.0,0.0871303546991012,0.0,0.0,0.0,-0.21259238104241412,0.0,-0.21259238104241412,-0.10813101729697189,-0.05801626860629457,0.04644509513914767
2026-07-14,-0.09109896840816993,-0.04894704988733372,0.010708123776192572,-0.0506562272702914,0.08823206025400522,0.05065444382166737,0.06252386526631507,0.0,0.0,0.0,-0.20141036934198767,0.0,-0.20141036934198767,-0.09509743883164995,-0.05698756364014942,0.04932536687018831
2026-07-15,-0.1014166140852292,-0.05727829631122995,0.0,-0.05780459061917858,0.21649950101563772,0.0,0.0,0.0,0.0,0.0,-0.21649950101563772,0.0,-0.21649950101563772,-0.14714911204770706,0.0,0.06935038896793069
2026-07-16,-0.0997008108284728,-0.0557297203297657,0.0,-0.05806718661103455,0.10945611143961519,0.0,0.10404160632965785,0.0,0.0,0.0,-0.21349771776927307,0.0,-0.21349771776927307,-0.14575566232442888,0.0,0.06774205544484421
2026-07-17,-0.09982543496654499,-0.05264287930323621,0.0,-0.06122217407874061,0.0,0.0,0.0,0.0,0.0,0.0,-0.21369048834852175,0.0,-0.21369048834852175,-0.14207248442665477,0.0,0.07161800392186697
2026-07-20,-0.07337552979869488,-0.04141855425581319,0.0,-0.04336653273370528,0.0,0.0,0.0,0.0,0.06681745221199527,0.0,-0.15816061678821336,0.0,-0.09134316457621808,-0.1081135717627732,0.0,0.05004704502544017
2026-07-21,-0.0728858651777487,-0.04100336683900142,0.0,-0.04048334538927542,0.0,0.0,0.15437257740602556,0.0,0.06546082890515696,0.0,-0.11362018057211365,0.0407523968339119,-0.08891174850086858,-0.10039626116605384,0.0,0.0539763162399717
2026-07-22,-0.061140773574959756,-0.03503307544901927,0.006748129745346315,-0.03783087890190012,0.06093975795208125,0.0,0.0798130997191442,0.0,0.04379021487711827,0.03891447045424561,-0.14075285767122547,0.0,-0.05804817233986158,-0.08655524408098678,0.0,0.054197613590238704
2026-07-23,-0.060831558284113664,-0.03566275500951963,0.0,-0.036935001671444846,0.0,0.0,0.13342931496507812,0.0,0.04270562100486942,0.039436251943515944,-0.13342931496507812,0.0,-0.05128744201669278,-0.08020357078721257,0.0,0.053225744177865554
2026-07-24,-0.06743887955277413,-0.03962385010241015,0.0,-0.03684912127981867,0.0,0.0,0.14391185093500294,0.0,0.04376474871785946,0.04171452778279829,-0.14391185093500294,0.0,-0.058432574434345214,-0.05943272132632777,-0.03619566161993475,0.04828346798874044
2026-07-27,-0.07713648435359169,-0.04446678012856454,0.0078005600949831435,-0.038098166392350905,0.0,0.0,0.1675019909694903,0.0,0.05092286456480183,0.0,-0.1675019909694903,0.0,-0.11657912640468848,-0.07099956558007561,-0.040074114618785704,0.056428310770628994
2026-07-28,-0.102072611065556,-0.057238786432375094,0.010299788680704905,-0.04715024048914809,0.0,0.0,0.10685370546358919,0.10990772120419492,0.0,0.0,-0.2167614266677841,0.0,-0.2167614266677841,-0.09406171622787791,-0.056712178795857084,0.06598753164404912
2026-07-29,-0.06743712767950423,-0.0399922242560101,0.0,-0.03687587763464393,0.0,-0.030852302517364007,0.042405635096891645,0.07104729195590258,0.03395710833090664,0.03367806609084574,-0.14430522957015823,0.0,-0.07667005514840587,-0.05711036580775962,-0.038696951861217535,0.0484979119011811
2026-07-30,-0.08414129208745393,-0.0535814044934708,0.010055778226679283,-0.044917752515434166,0.0,0.0,0.09753482275096559,0.09516140457207262,0.0,0.0,-0.13721502256783902,0.05548120475519917,-0.19269622732303818,-0.10400304963982623,0.0,0.08869317768321197
2026-07-31,-0.0630540709406432,-0.0383537089773999,0.006097008757892033,-0.03474680622951018,0.0,0.0,0.07982842810944046,0.062423166796004854,0.0,0.04278891526209206,-0.14225159490544534,0.0,-0.09946267964335327,0.0,0.0,0.0
2026-08-03,-0.08383851944324931,-0.05155553004584425,0.009618197805659506,-0.03864883325845868,0.047601420173744434,0.0,0.08121159024798805,0.05484807013147927,0.0,0.0,-0.10994876057156339,0.07371231998164836,-0.18366108055321176,0.0,0.0,-0.18366108055321176
2026-08-04,-0.0726670926432362,-0.044035828938789046,0.010095871300894815,0.0,0.048102420844552726,0.01813287910997329,0.06056349292839403,0.0,-0.03248077288358195,-0.030676523383469656,-0.06984566198615803,0.05695313089676202,-0.06364149661586843,-0.059265179416751586,0.0,-0.06753361346616846
2026-08-05,-0.07207496794927877,-0.044161754409756934,0.011413096523313909,0.0,0.05559980968117525,0.0,0.07205000920117435,0.0,-0.03319171364714601,-0.032590023952795956,-0.05267283345744868,0.0749769854249009,-0.061868081282407617,-0.05843249962287062,0.0,-0.06921731925947895
2026-08-06,-0.1057701113742634,-0.06489765167873729,0.016677165298782423,0.0,0.04917277738158258,0.0,0.08121182749071792,0.056960323479482565,0.0,0.0,-0.07579969656785808,0.111545231783925,-0.18734492835178312,-0.08078962650857353,0.0,-0.10655530184320954
2026-08-07,-0.09501107129962512,-0.059529719214934954,0.013930977243516328,0.0,0.04249138803531701,0.0156659689712609,0.06493327944126843,0.04538113131023009,0.0,0.0,-0.06762892925029892,0.10084283850777749,-0.1684717677580764,-0.1684717677580764,0.0,0.0
2026-08-10,-0.0724324166393073,-0.04542270310838126,0.009997568551764363,-0.033779766881206964,0.04152966905740352,0.0,0.07326436227458565,0.04683842384867072,0.053531255828674816,0.0,-0.06481348437423051,0.09681897080642937,-0.10810119935198508,-0.07187506198938448,0.0,-0.08975739319127539
2026-08-11,-0.07729542636286417,-0.04953330485559102,0.01133191126174645,-0.036882708055512504,0.05993059842194707,0.0,0.11511275211376708,0.0,0.0,0.0,0.0,0.17504335053571415,-0.17504335053571415,0.0,0.0,0.0
2026-08-12,-0.07494455099494506,-0.05353402092764144,0.013463658760377343,-0.03844527231428121,0.06753338488793066,0.0,0.1128541181093144,0.0,0.0,0.0,0.0,0.18038750299724504,-0.18038750299724504,0.0,0.0,0.0
2026-08-13,-0.07534744525103462,-0.05260196844628008,0.017217859953858113,-0.037880133411435105,0.057775962701763585,0.023267265585149972,0.10200417877569436,0.0,0.0,0.0,0.0,0.18304740706260791,-0.18304740706260791,0.0,0.18304740706260791,0.0
2026-08-14,-0.06650476276773815,-0.047235928831253805,0.012921575148637211,-0.04646064439187975,0.054466349388014555,0.02415949067997298,0.09449707107152136,0.0,0.0,0.0,0.0,0.1731229111395089,-0.1731229111395089,0.0,0.0,0.0
2026-08-17,-0.0690394157483043,-0.05191030376288791,0.01271888708904909,-0.054571579462290055,0.05875445045923092,0.028070938422587684,0.10141479718071271,0.0,0.0,0.0,0.0,0.18824018606253137,-0.18824018606253137,0.0,0.18824018606253137,0.0
2026-08-18,-0.07002843503366203,-0.053079165648303055,0.011067835048888657,-0.06595464309269836,0.0753587412524407,0.0,0.1247713375711114,0.0,0.0,0.0,0.0,0.20013007882355213,-0.20013007882355213,0.0,0.20013007882355213,0.0
2026-08-19,-0.08745870477572178,-0.05425218499304806,0.0,-0.06696854884698636,0.0858835423843976,0.0,0.12279589623135859,0.0,0.0,0.0,0.0,0.2086794386157562,-0.2086794386157562,0.0,0.2086794386157562,0.0
2026-08-20,-0.09103579199023944,-0.058514281677281156,0.0,-0.07240216109873823,0.0,0.0,0.2219522347662588,0.0,0.0,0.0,0.0,0.2219522347662588,-0.2219522347662588,0.0,0.13279645929094305,-0.08915577547531574
2026-08-21,-0.08840250779882922,-0.059331989420868904,0.0,-0.06214027698771982,0.08251080227533907,0.0,0.12736397193207888,0.0,0.0,0.0,0.0,0.20987477420741793,-0.20987477420741793,0.0,0.20987477420741793,0.0
2026-08-24,-0.08892308725954041,-0.05638603876995399,0.0,-0.07208632213507173,0.09288561397777031,0.0,0.12450983418679581,0.0,0.0,0.0,0.0,0.21739544816456613,-0.21739544816456613,0.0,0.21739544816456613,0.0
2026-08-25,-0.09885043065330208,-0.06161751083575196,0.0,-0.0696406955483201,0.08967729538043515,0.0,0.14043134165693894,0.0,0.0,0.0,0.0,0.23010863703737414,-0.23010863703737414,0.0,0.15517503149429357,-0.07493360554308054
2026-08-26,-0.09812104808416425,-0.060317038169785654,0.0,-0.07455812055497041,0.0,0.0,0.23299620680892028,0.0,0.0,0.0,0.0,0.23299620680892028,-0.23299620680892028,0.0,0.1585999612746975,-0.07439624553422279
2026-08-27,-0.09378609446038996,-0.05590164736589131,0.0,-0.06065718099882877,0.08027010784601371,0.03794819623757471,0.09212661874152163,0.0,0.0,0.0,0.0,0.21034492282511005,-0.21034492282511005,0.0,0.13659860217167533,-0.07374632065343471
2026-08-28,-0.08934731415968895,-0.04840426692475327,0.01115952029304294,-0.060194558659945586,0.0837897819474748,0.0,0.12531587808995592,0.0,0.0,0.0,0.0,0.20910566003743075,-0.20910566003743075,0.0,0.20910566003743075,0.0
2026-08-31,-0.10988225723649757,-0.06311777539657627,0.01774374386230765,-0.07659475309924718,0.0,0.0,0.26733852959462867,0.0,0.0,0.0,0.0,0.26733852959462867,0.0,0.0,0.26733852959462867,0.0
2026-09-01,-0.05728056660787859,-0.03307557620567078,0.0069415878756609135,-0.03885655283214652,0.0,0.0,0.0,0.0,0.06323734880732194,0.07291693471403485,-0.1361542835213568,0.0,0.0,0.0,0.1361542835213568,0.0
2026-09-02,-0.0558326307054758,-0.032231498099550726,0.008258679335216783,-0.03992918122642288,0.0,0.0,0.0,0.0,0.06405705166490008,0.07219493770176612,-0.1362519893666662,0.0,0.0,0.0,0.13625198936666622,0.0
2026-09-03,-0.05550371123906853,-0.03208967896763491,0.010724700734732993,-0.03534742427979369,0.0,0.0,0.1336655152212301,0.0,0.06292868736361897,0.07073682785761115,0.0,0.0,0.0,0.0,0.0,0.0
2026-09-04,-0.06848789026539151,-0.03850751895028653,0.015278679207291757,-0.04111548698545925,0.06942689621629672,0.0,0.09396267919213233,0.0,0.07885171831580162,0.08453785709262739,0.0,0.16338957540842905,0.0,0.0,0.07408235725151979,-0.08930721815690926
2026-09-07,-0.06676583106555709,-0.0375392860697849,0.014599073836474743,-0.0447628770674446,0.06570299778886325,0.0,0.09796407025039808,0.0,0.07898563610527137,0.08468143193398991,0.0,0.16366706803926132,0.0,0.0,0.07239122067182503,-0.09127584736743627
2026-09-08,-0.06320338664162399,-0.0376464282910184,0.013038439793937897,-0.0403475840604482,0.0,0.0,0.15423583878702848,0.0,0.07299354476967379,0.0812422940173547,-0.06057388273913621,0.09366195604789229,0.0,0.0,0.07312619815152512,-0.0811096406355034
2026-09-09,-0.05579668005023418,-0.03300604065740428,0.009188321469443365,-0.041387137996369235,0.0,0.0,0.0,0.0,0.03775000425164934,0.04142736106213375,-0.051795557175204905,0.08758262299824615,-0.060200814859667974,0.0,0.06063990199331406,-0.078738278180137
2026-09-10,-0.05887292208807836,-0.03435183438896415,0.008006325817248135,-0.04564852687522802,0.0,0.0,0.0,-0.14687960916951864,0.041954028042535646,0.045965510053157854,-0.14687960916951864,0.0,-0.05896007107382515,0.0,0.06505320050759321,-0.08182640866192542
2026-09-11,-0.06116818562547144,-0.035779771300118154,0.008754065240409595,-0.043140767889832746,0.0,0.0,0.0,-0.14884279005583193,0.03907454802499319,0.04440622763115326,-0.14884279005583193,0.0,-0.06536201439968549,0.0,0.068824199837904,-0.08001859021792793
2026-09-14,-0.06295570421712361,-0.03599132668554319,0.006777744936258118,-0.0462011335735515,0.0,0.0,0.0,0.0,0.07099852549039518,0.08092738392208126,-0.15192590941247644,0.0,0.0,0.0,0.06421885262317432,-0.08770705678930213
2026-09-15,-0.0644690239499866,-0.03711010797304761,0.0,-0.047939471782439645,0.0,0.0,0.0,0.0,0.06832362095813825,0.08119498274733561,-0.14951860370547387,0.0,0.0,0.0,0.06899698528870846,-0.08052161841676543
2026-09-16,-0.05896589008452442,-0.03384912046893722,0.006743446108907799,-0.039513356440321105,0.0,0.0,0.0,0.0,0.06337042222116034,0.0757013908815302,-0.13907181310269057,0.0,0.0,0.0,0.0,-0.13907181310269057
2026-09-17,-0.06880742228516386,-0.037549905309544,0.010381388736799904,-0.03283723031300441,0.0,0.0,0.0,0.0,0.06615936675125898,0.0834165798932532,-0.07504101720097667,0.07453492944353551,0.0,-0.08352365490684803,0.0,-0.06605229173766418
2026-09-18,-0.07552595923241259,-0.04649235690632926,0.0,-0.04072819575648168,0.0,0.0,0.0,0.0,0.0722758365904643,0.09047067530475922,-0.06890384271255147,0.0938426691826721,0.0,-0.06442112246360496,-0.047178371894285163,-0.05114701753733341
2026-09-21,-0.0860133765942936,-0.04866283158391645,0.012168671436446484,0.0,0.09569817693855068,0.05114670267610583,0.0,0.0,0.06629168368335152,0.08055319593130501,-0.057684836020405784,0.08916004359425074,0.0,-0.08131100498440066,0.0,-0.06553387463025585
2026-09-22,-0.07600002806728809,-0.043210391998511836,0.0,-0.03708017999815177,0.09724510350128697,0.05904549656266473,0.0,0.0,0.06972511425703448,0.0865654858069172,-0.05838107393945294,0.09790952612449876,0.0,-0.08683437271786858,0.0,-0.06945622734608313
2026-09-23,-0.07216590177822409,-0.04153289770063431,0.0,-0.04171452080614224,0.09302036412798012,0.06239295615702051,0.0,0.0,0.08214794608184169,0.07326537420315897,-0.07903498693384874,0.07637833335115189,0.0,-0.08821155825399446,0.0,-0.06720176203100617
2026-09-24,-0.06763301424549058,-0.03996351009474553,0.0,-0.04459809920772781,0.09128152138711988,0.06091310216084402,0.0,0.0,0.05461505159469916,0.04883453467597538,-0.08230763713304295,0.06988698641492097,0.04874503727728939,-0.06860374317025211,-0.04966714754300769,-0.03392373283470409
2026-09-25,-0.06919023199163281,-0.041758128335041986,0.007981256425919847,-0.040497488437661,0.09728213409012224,0.06214497110013341,0.0,0.0,0.08588841200463675,0.0735386931856189,-0.0853877901878586,0.07403931500239705,0.0,-0.08728793127583209,-0.07213917391442354,0.0
2026-09-28,-0.07388520918441145,-0.044181017699228886,0.0,-0.04625682383862637,0.09863275504549095,0.06569029567677571,0.0,0.0,0.09096839553763462,0.07335465518463205,-0.10050898485626802,0.06381406586599864,0.0,-0.06984331857314613,-0.054022285970536744,-0.040457446178583836
2026-09-29,-0.09598025410035882,-0.05784872135575022,0.0,-0.059974659736323856,0.07220929133848318,0.053182851215081525,0.0,-0.08841149263886823,0.21380363519243292,0.0,-0.21380363519243292,0.0,0.0,-0.08922216006615313,-0.06540189207004708,-0.059179583056232735
2026-09-30,-0.09042866329612803,-0.05470850799418493,0.0,-0.055117182574630545,0.0,0.0650475288737195,0.0,-0.13520682499122397,0.2002543538649435,0.0,-0.13134575764381337,0.06890859622113012,0.0,-0.0863180164512519,-0.06565054995955649,-0.048285787454135115
2026-10-01,-0.07652172059344216,-0.04663489765292387,0.0,-0.04813949789192172,0.0,0.03935922769997802,0.0,-0.13193688843830972,0.09397356813782343,0.07732254800046431,-0.17129611613828774,0.0,0.0,-0.07644631025422796,-0.055845923800902926,-0.03900388208315684
2026-10-02,-0.09276941094065184,-0.05620403618897764,-0.009234967274109907,-0.05343135695099803,0.053590847685943195,0.04760492710407378,0.0,-0.11044399656472038,0.21163977135473738,0.0,-0.21163977135473738,0.0,0.0,-0.09658787936978402,-0.0719838077203224,-0.04306808426463098
