Date,Qelvaris,SPX_Benchmark
2016-10-03,1.0,1.0
2016-10-04,1.0,0.9950444377292843
2016-10-05,1.0,0.9993198358614028
2016-10-06,1.0,0.9998010680870171
2016-10-07,1.0,0.9965482319516733
2016-10-10,1.0,1.0011382384754202
2016-10-11,1.0,0.9886775998260334
2016-10-12,1.0,0.9898112067236953
2016-10-13,1.0,0.9867435207333708
2016-10-14,1.0,0.9869424526463536
2016-10-17,1.0,0.9839441273570918
2016-10-18,1.0,0.990005620024231
2016-10-19,1.0,0.9921756836519425
2016-10-20,1.0,0.99081072379699
2016-10-21,1.0,0.9907273553973412
2016-10-24,1.0,0.9954331513650444
2016-10-25,1.0,0.9916527672265038
2016-10-26,1.0,0.9899268832023406
2016-10-27,1.0,0.9869702421129031
2016-10-28,1.0,0.9839024431572674
2016-10-31,1.0,0.9837821351008638
2016-11-01,1.0,0.977105320383743
2016-11-02,1.0,0.9707292193249757
2016-11-03,1.0,0.9664352948818241
2016-11-04,1.0,0.9648250873363061
2016-11-07,1.0,0.9862669200855145
2016-11-08,1.0,0.9899870937131979
2016-11-09,1.0,1.000953201295712
2016-11-10,1.0,1.0029058066994079
2016-11-11,1.0,1.0015037942223892
2016-11-14,1.0,1.0013881177437438
2016-11-15,1.0,1.00887929938914
2016-11-16,1.0,1.0072829865768969
2016-11-17,1.0,1.0119934141223583
2016-11-18,1.0,1.0095779898387702
2016-11-21,1.0,1.017110855683991
2016-11-22,1.0,1.0193133403560102
2016-11-23,1.0,1.0201369704398022
2016-11-24,1.0,1.0201369704398022
2016-11-25,1.0,1.0241301812246004
2016-11-28,1.0,1.0187488526960584
2016-11-29,1.0,1.0201091809732525
2016-11-30,1.0,1.0174024191521387
2016-12-01,1.0,1.0138257114696503
2016-12-02,1.0,1.0142282068733741
2016-12-05,1.0,1.0201323388620436
2016-12-06,1.0,1.0236118963769198
2016-12-07,1.0,1.037085946832876
2016-12-08,1.0,1.0393253711616504
2016-12-09,1.0,1.0454979087296765
2016-12-12,1.0,1.0443087228989154
2016-12-13,1.0,1.0511382667167475
2016-12-14,1.0,1.0426059967635433
2016-12-15,1.0,1.0466546735161293
2016-12-16,1.0,1.0448223761688373
2016-12-19,1.0,1.04688602647342
2016-12-20,1.0,1.0506940871131991
2016-12-21,1.0,1.048112151960936
2016-12-22,1.0,1.0461595465572404
2016-12-23,1.0,1.0474690404444051
2016-12-26,1.0,1.0474690404444051
2016-12-27,1.0,1.0498241412518248
2016-12-28,1.0,1.0410512551858135
2016-12-29,1.0,1.0407459099497018
2016-12-30,1.0,1.0359199188909063
2017-01-02,1.0,1.0359199188909063
2017-01-03,1.0,1.0447113312679508
2017-01-04,1.0,1.0506894555354414
2017-01-05,1.0,1.0498797201849241
2017-01-06,1.0,1.053572104346058
2017-01-09,1.0,1.0498334044073416
2017-01-10,1.0,1.0498334044073416
2017-01-11,1.0,1.052804053195365
2017-01-12,1.0,1.0505459895902467
2017-01-13,1.0,1.0524893318384259
2017-01-16,1.0,1.0524893318384259
2017-01-17,1.0,1.0493660669150022
2017-01-18,1.0,1.0512168905733272
2017-01-19,1.0,1.0474227246668228
2017-01-20,1.0,1.0509485979592816
2017-01-23,1.0,1.048121415116453
2017-01-24,1.0,1.055001906289626
2017-01-25,1.0,1.0634694471195256
2017-01-26,1.0,1.0626873882702468
2017-01-27,1.0,1.0617666080188424
2017-01-30,1.0,1.0553858753823169
2017-01-31,1.0,1.0544466817851907
2017-02-01,1.0,1.0547612901768189
2017-02-02,1.0,1.0553628304588367
2017-02-03,1.0,1.0630297861284244
2017-02-06,1.0,1.0607810986441335
2017-02-07,1.0,1.0610217147569405
2017-02-08,1.0,1.0617573448633257
2017-02-09,1.0,1.0678651533080477
2017-02-10,1.0,1.0716732139478267
2017-02-13,1.0,1.0772950456238646
2017-02-14,1.0,1.0816121279558075
2017-02-15,1.0,1.0870118698300715
2017-02-16,1.0,1.0860725632676342
2017-02-17,1.0,1.0878955974594098
2017-02-20,1.0,1.0878955974594098
2017-02-21,1.0,1.0944752620089182
2017-02-22,1.0,1.0932908207212266
2017-02-23,1.0,1.0937488950580496
2017-02-24,1.0,1.0953822604923589
2017-02-27,1.0,1.0964973410789876
2017-02-28,1.0,1.093670158236159
2017-03-01,1.0,1.1086248450257132
2017-03-02,1.0,1.1021284359105423
2017-03-03,1.0,1.1026837733802888
2017-03-06,1.0,1.0990700130757343
2017-03-07,1.0,1.0958680113304202
2017-03-08,1.0,1.0933648130000475
2017-03-09,1.0,1.0942393904391805
2017-03-10,1.0,1.097816098121669
2017-03-13,1.0,1.0982185935253928
2017-03-14,1.0,1.0945076830532259
2017-03-15,1.0,1.1036739143327556
2017-03-16,1.0,1.1018785566422185
2017-03-17,1.0,1.1004303413529284
2017-03-20,1.0,1.0982185935253925
2017-03-21,1.0,1.084591926934036
2017-03-22,1.0,1.086641682505344
2017-03-23,1.0,1.085489549296649
2017-03-24,1.0,1.084573400623003
2017-03-27,1.0,1.0834675831918907
2017-03-28,1.0,1.091324320584256
2017-03-29,1.0,1.0925087618719476
2017-03-30,1.0,1.0957153951950198
2017-03-31,1.0,1.0932445049436437
2017-04-03,1.0,1.0914492602184178
2017-04-04,1.0,1.0920599506906412
2017-04-05,1.0,1.08872385912096
2017-04-06,1.0,1.0908245620476087
2017-04-07,1.0,1.0899223081072373
2017-04-10,1.0,1.0906718329468972
2017-04-11,1.0,1.089107941178962
2017-04-12,1.0,1.0850129486487932
2017-04-13,1.0,1.077618917171009
2017-04-14,1.0,1.077618917171009
2017-04-17,1.0,1.0869008249291843
2017-04-18,1.0,1.083745138961453
2017-04-19,1.0,1.0818850521476113
2017-04-20,1.0,1.0900611424746742
2017-04-21,1.0,1.0867527274062314
2017-04-24,1.0,1.098533201917021
2017-04-25,1.0,1.1052240243327278
2017-04-26,1.0,1.1046872131740144
2017-04-27,1.0,1.105298016611549
2017-04-28,1.0,1.1031834189516254
2017-05-01,1.0,1.105094453120808
2017-05-02,1.0,1.1064084656204198
2017-05-03,1.0,1.105001821565643
2017-05-04,1.0,1.1056450460474851
2017-05-05,1.0,1.110165691870169
2017-05-08,1.0,1.1102072631046822
2017-05-09,1.0,1.109069024629262
2017-05-10,1.0,1.1103229395833274
2017-05-11,1.0,1.1079215229983252
2017-05-12,1.0,1.1062835259862578
2017-05-15,1.0,1.1115677043471877
2017-05-16,1.0,1.1108041718089419
2017-05-17,1.0,1.0906117354013518
2017-05-18,1.0,1.0946326226873884
2017-05-19,1.0,1.1020405488984473
2017-05-22,1.0,1.1077272226631012
2017-05-23,1.0,1.1097630835011343
2017-05-24,1.0,1.112525424255347
2017-05-25,1.0,1.1174672047580991
2017-05-26,1.0,1.117814234194035
2017-05-29,1.0,1.117814234194035
2017-05-30,1.0,1.1164676876848043
2017-05-31,1.0,1.1159541473801935
2017-06-01,1.0,1.12440316189906
2017-06-02,1.0,1.1285721467080496
2017-06-05,1.0,1.1271979236975807
2017-06-06,1.0,1.1240653956186406
2017-06-07,1.0,1.1258282192995588
2017-06-08,1.0,1.1261290459232234
2017-06-09,1.0,1.1251943709385444
2017-06-12,1.0,1.1240930721198792
2017-06-13,1.0,1.1291644238345515
2017-06-14,1.0,1.1280399671270949
2017-06-15,1.0,1.125513610907931
2017-06-16,1.0,1.1258328508773174
2017-06-19,1.0,1.1352304351141378
2017-06-20,1.0,1.1276282085678546
2017-06-21,1.0,1.126971202318049
2017-06-22,1.0,1.1264575490481268
2017-06-23,1.0,1.128215854116598
2017-06-26,1.0,1.1285721467080505
2017-06-27,1.0,1.1194613813963086
2017-06-28,1.0,1.1293216715477103
2017-06-29,1.0,1.1196094789192617
2017-06-30,1.0,1.1213260997879084
2017-07-03,1.0,1.123917298095688
2017-07-04,1.0,1.123917298095688
2017-07-05,1.0,1.1255506635299972
2017-07-06,1.0,1.11500557766224
2017-07-07,1.0,1.1221450982939423
2017-07-10,1.0,1.12318618660175
2017-07-11,1.0,1.12230709055017
2017-07-12,1.0,1.130506225800713
2017-07-13,1.0,1.1326254550383947
2017-07-14,1.0,1.13791878358953
2017-07-17,1.0,1.1378585730786726
2017-07-18,1.0,1.1385388501825808
2017-07-19,1.0,1.144655808817508
2017-07-20,1.0,1.1444799218280053
2017-07-21,1.0,1.1440589001132484
2017-07-24,1.0,1.1428419248159378
2017-07-25,1.0,1.1461826479633772
2017-07-26,1.0,1.146506632475833
2017-07-27,1.0,1.145391438923893
2017-07-28,1.0,1.1438553366225073
2017-07-31,1.0,1.1430224433831986
2017-08-01,1.0,1.1458218367594777
2017-08-02,1.0,1.1463863244194294
2017-08-03,1.0,1.1438830131237456
2017-08-04,1.0,1.1460439265612519
2017-08-07,1.0,1.1479316898763319
2017-08-08,1.0,1.1451600859666025
2017-08-09,1.0,1.1447436958296038
2017-08-10,1.0,1.1281741699167736
2017-08-11,1.0,1.129613235015858
2017-08-14,1.0,1.1409587930786158
2017-08-15,1.0,1.1403896738409058
2017-08-16,1.0,1.1420091445419405
2017-08-17,1.0,1.1243800040102692
2017-08-18,1.0,1.1223163537056864
2017-08-21,1.0,1.1236212160150927
2017-08-22,1.0,1.1347908870883479
2017-08-23,1.0,1.1308717815476819
2017-08-24,1.0,1.1285258309304675
2017-08-25,1.0,1.1304137072108587
2017-08-28,1.0,1.1309643001375356
2017-08-29,1.0,1.1319175014332479
2017-08-30,1.0,1.1371414692833204
2017-08-31,1.0,1.1436470285886968
2017-09-01,1.0,1.1459143553493318
2017-09-04,1.0,1.1459143553493318
2017-09-05,1.0,1.137261777339724
2017-09-06,1.0,1.1408199587111794
2017-09-07,1.0,1.1406163952204382
2017-09-08,1.0,1.1389181876975134
2017-09-11,1.0,1.151263262833566
2017-09-12,1.0,1.1551360525966494
2017-09-13,1.0,1.1560106300357824
2017-09-14,1.0,1.1547381887706838
2017-09-15,1.0,1.1568711997763292
2017-09-18,1.0,1.1585555125659792
2017-09-19,1.0,1.1598417355990414
2017-09-20,1.0,1.1605774786707377
2017-09-21,1.0,1.1570424551880736
2017-09-22,1.0,1.1577919800277334
2017-09-25,1.0,1.1552193080309867
2017-09-26,1.0,1.1553026764306353
2017-09-27,1.0,1.1600222541663021
2017-09-28,1.0,1.1614196350655626
2017-09-29,1.0,1.1657228226642307
2017-10-02,1.0,1.1702388369091563
2017-10-03,1.0,1.1727651931283203
2017-10-04,1.0,1.1742273031508852
2017-10-05,1.0,1.1808579150557346
2017-10-06,1.0,1.1795901053683944
2017-10-09,1.0,1.177461612975196
2017-10-10,1.0,1.1801961642628593
2017-10-11,1.0,1.1823246566560577
2017-10-12,1.0,1.1803303670525378
2017-10-13,1.0,1.1813668237825874
2017-10-16,1.0,1.1834351056649284
2017-10-17,1.0,1.1842310592474818
2017-10-18,1.0,1.185110155299062
2017-10-19,1.0,1.1854988689348223
2017-10-20,1.0,1.1915648802144085
2017-10-23,1.0,1.186831407745467
2017-10-24,1.0,1.1887515921048546
2017-10-25,1.0,1.1832083842853958
2017-10-26,1.0,1.184712178507785
2017-10-27,1.0,1.1942763865785917
2017-10-30,1.0,1.1904636943610545
2017-10-31,1.0,1.1915880381031998
2017-11-01,1.0,1.1934851775391073
2017-11-02,1.0,1.1937118989186397
2017-11-03,1.0,1.1974089146575317
2017-11-06,1.0,1.198931122225643
2017-11-07,1.0,1.1987044008461105
2017-11-08,1.0,1.2004349164480321
2017-11-09,1.0,1.1959190151684176
2017-11-10,1.0,1.194845505816302
2017-11-13,1.0,1.196020796913788
2017-11-14,1.0,1.1932584561595752
2017-11-15,1.0,1.1866648968767919
2017-11-16,1.0,1.196390871273204
2017-11-17,1.0,1.1932491930040585
2017-11-20,1.0,1.1947714005721695
2017-11-21,1.0,1.2025865667300215
2017-11-22,1.0,1.2016843127896504
2017-11-23,1.0,1.2016843127896504
2017-11-24,1.0,1.2041550900757152
2017-11-27,1.0,1.203692384161134
2017-11-28,1.0,1.2155469639160559
2017-11-29,1.0,1.2150981527347493
2017-11-30,1.0,1.225050961476005
2017-12-01,1.0,1.2225708080691124
2017-12-04,1.0,1.2212844720707392
2017-12-05,1.0,1.2167176234357837
2017-12-06,1.0,1.216578789068347
2017-12-07,1.0,1.220146233595319
2017-12-08,1.0,1.2268647325122641
2017-12-11,1.0,1.2307931012084468
2017-12-12,1.0,1.2326995037998711
2017-12-13,1.0,1.2321164898288863
2017-12-14,1.0,1.2271007170473132
2017-12-15,1.0,1.23811314040741
2017-12-18,1.0,1.2447529025024646
2017-12-19,1.0,1.240732015216428
2017-12-20,1.0,1.239704821641895
2017-12-21,1.0,1.2421664487377548
2017-12-22,1.0,1.2415973295000446
2017-12-25,1.0,1.2415973295000446
2017-12-26,1.0,1.240283204035122
2017-12-27,1.0,1.2412641947973835
2017-12-28,1.0,1.2435406717482238
2017-12-29,1.0,1.2370952099883936
2018-01-01,1.0,1.2370952099883936
2018-01-02,1.0,1.2473672586990359
2018-01-03,1.0,1.255348935725563
2018-01-04,1.0,1.260406279741649
2018-01-05,1.0,1.2692716843975145
2018-01-08,1.0,1.2713816504796798
2018-01-09,1.0,1.2730381738027805
2018-01-10,1.0,1.271622266592487
2018-01-11,1.0,1.2805664080702428
2018-01-12,1.0,1.2892097229243338
2018-01-15,1.0,1.2892097229243338
2018-01-16,1.0,1.2846659192128584
2018-01-17,1.0,1.2967611150805873
2018-01-18,0.9985068783547681,1.2946650437316969
2018-01-19,0.9997414472543519,1.3003424543408342
2018-01-22,1.0001330333538365,1.3108319612754922
2018-01-23,1.0006852334781744,1.313682189041801
2018-01-24,1.0020300364703176,1.3129465589354157
2018-01-25,1.0049655741267767,1.3137377679748998
2018-01-26,1.0040853550063997,1.3292939950464717
2018-01-29,1.0047198240333817,1.3203452219909577
2018-01-30,0.9997388980024143,1.3059550228613555
2018-01-31,1.0010623042093556,1.3065936157654394
2018-02-01,1.0012354684042946,1.3057468277928561
2018-02-02,0.9972787889735566,1.2780538336190421
2018-02-05,0.9922074398853954,1.2256801782592617
2018-02-06,0.9909595529154966,1.2470571689198546
2018-02-07,0.9805859905591261,1.2408199022285238
2018-02-08,0.9833249474723424,1.194243965534284
2018-02-09,0.9838482432269661,1.2120813011344547
2018-02-12,0.9789882645929804,1.2289469091278802
2018-02-13,0.9751962701947546,1.2321580610633995
2018-02-14,0.9799537119085325,1.2486720080431306
2018-02-15,0.9808970465897198,1.26374237131133
2018-02-16,0.9803968022265308,1.2642143403814279
2018-02-19,0.9804027820447473,1.2642143403814279
2018-02-20,0.9743084522004442,1.2568295720591605
2018-02-21,0.9721068056995881,1.249921404384749
2018-02-22,0.974574105349803,1.2511382667167483
2018-02-23,0.9764997619778729,1.271191981722213
2018-02-26,0.9761817325250105,1.2861374053562504
2018-02-27,0.9734236963667372,1.2697946008229526
2018-02-28,0.9699661194101187,1.255705228317015
2018-03-01,0.9683039834686088,1.2389737101479568
2018-03-02,0.9728979483278809,1.2452572926168701
2018-03-05,0.971931085963694,1.2589950041091138
2018-03-06,0.9691426854244279,1.2623173139108315
2018-03-07,0.9645427975451056,1.2617065104732972
2018-03-08,0.9636358312217691,1.2673376053048517
2018-03-09,0.9613139705075131,1.289362452025045
2018-03-12,0.9575212800867945,1.2877198234352194
2018-03-13,0.9559476131573217,1.2795253197624348
2018-03-14,0.9556947265197884,1.2722006489857134
2018-03-15,0.9567181688938972,1.271205876455488
2018-03-16,0.9573225341253564,1.2733713085054414
2018-03-19,0.9595038267104573,1.2552840936369472
2018-03-20,0.9606726308352358,1.2571441804507888
2018-03-21,0.9652707798304859,1.2548260193001242
2018-03-22,0.9694646607751767,1.22325097220771
2018-03-23,0.9783465803570935,1.197603214992757
2018-03-26,0.9774122654798256,1.2301268318031249
2018-03-27,0.9718988207923677,1.2088747807766937
2018-03-28,0.9678824477964928,1.205348907484235
2018-03-29,0.9640510696872567,1.2219462228636149
2018-03-30,0.9639252144818685,1.2219462228636149
2018-04-02,0.9598840797197236,1.1946510925157665
2018-04-03,0.9597591525883926,1.209721455783966
2018-04-04,0.9593629041595112,1.2237136781222915
2018-04-05,0.9534776411829586,1.2321118582511286
2018-04-06,0.9511644265304776,1.20510365979367
2018-04-09,0.9523232801821244,1.2091245470797065
2018-04-10,0.9558890059632588,1.2293495174969158
2018-04-11,0.9603506669707305,1.2225569133358385
2018-04-12,0.9564897574892263,1.2326439248667727
2018-04-13,0.9568650413669164,1.2290857434953173
2018-04-16,0.9536880186684656,1.2390524469698478
2018-04-17,0.9531082673949474,1.2522626104588945
2018-04-18,0.9566716582944962,1.2533036987667026
2018-04-19,0.9551769809596765,1.2461271255129345
2018-04-20,0.9525664781751967,1.2354895210553232
2018-04-23,0.9539540959336552,1.2355589947216972
2018-04-24,0.9548795731119775,1.2190265214309328
2018-04-25,0.9556432530741688,1.221265945759707
2018-04-26,0.9534376259508446,1.2340088847217252
2018-04-27,0.9532541209677413,1.2353831077321942
2018-04-30,0.9547735642926747,1.2252684197000216
2018-05-01,0.9544857838271442,1.2283916846234453
2018-05-02,0.953187037405414,1.2195400617355436
2018-05-03,0.9537207269646859,1.2167916157146055
2018-05-04,0.9550395519521966,1.2323801508651742
2018-05-07,0.9590952827559952,1.236641654264018
2018-05-08,0.9555167207385502,1.236313151139115
2018-05-09,0.964279107504475,1.248283407372682
2018-05-10,0.9619148869875236,1.259980626449134
2018-05-11,0.960152185997103,1.2621321637658125
2018-05-14,0.961657962272703,1.2632472443524414
2018-05-15,0.9647869783653203,1.2546039294983502
2018-05-16,0.9676987541293672,1.2596983261365025
2018-05-17,0.9692878821778722,1.2586201852066286
2018-05-18,0.9667355036256957,1.2553072515257386
2018-05-21,0.9705415531684661,1.2645798961283974
2018-05-22,0.970713545666461,1.2606144748101487
2018-05-23,0.966548909762404,1.2647094673403174
2018-05-24,0.9608591041243532,1.2621506900768455
2018-05-25,0.9552874736968604,1.259175522676375
2018-05-28,0.95646432221345,1.259175522676375
2018-05-29,0.9512298874395477,1.2446141811003395
2018-05-30,0.9581043029199758,1.2604155428971657
2018-05-31,0.9591747355592382,1.2517444385765248
2018-06-01,0.9551841630438445,1.26532490235561
2018-06-04,0.9505044859493272,1.2709930498092306
2018-06-05,0.9484698486451614,1.2718860405940853
2018-06-06,0.9463759328035252,1.2827827874755366
2018-06-07,0.9488285184540346,1.2818666388018907
2018-06-08,0.94705144012333,1.2858736313546526
2018-06-11,0.9462902191964377,1.2872478543651218
2018-06-12,0.9448208194692521,1.2894920232369653
2018-06-13,0.9475001791927176,1.2843003634658896
2018-06-14,0.9431168065906532,1.2874745757446542
2018-06-15,0.9380029447597249,1.2861650818574897
2018-06-18,0.9318532890651261,1.2834305305698264
2018-06-19,0.9280915813036229,1.2782667732306114
2018-06-20,0.933903128385205,1.280455363169356
2018-06-21,0.9373153566567606,1.272330220197634
2018-06-22,0.9296285917224145,1.2746992157383283
2018-06-25,0.9294908503040841,1.2572043909616466
2018-06-26,0.9306417260894223,1.259975994871376
2018-06-27,0.9351399181616745,1.2491347139577127
2018-06-28,0.9376287283058679,1.2568527299479524
2018-06-29,0.9364092430175178,1.2578059312436647
2018-07-02,0.9340582927300931,1.2616648262734735
2018-07-03,0.9319922278382795,1.2554229280043845
2018-07-04,0.9304561296521143,1.2554229280043845
2018-07-05,0.9270054328003816,1.2662456826070148
2018-07-06,0.9276780899105553,1.2769850688099966
2018-07-09,0.9266623540655277,1.2882518900508642
2018-07-10,0.9291666169905857,1.2927263330612766
2018-07-11,0.9214140920571064,1.2835554702039884
2018-07-12,0.921566697474092,1.294785351788101
2018-07-13,0.9244739435799704,1.2961827326873614
2018-07-16,0.9215195148161714,1.2948500809114054
2018-07-17,0.9256488789084958,1.2999954249048986
2018-07-18,0.927553351271049,1.3028040814366941
2018-07-19,0.9266992336171468,1.2976541058654427
2018-07-20,0.9239981298410214,1.2964233488001686
2018-07-23,0.9245857205767899,1.2988062390741377
2018-07-24,0.9189370963163709,1.3050157162989189
2018-07-25,0.9142607744327665,1.316893453942632
2018-07-26,0.9102048799598834,1.3129002431578338
2018-07-27,0.9044580526388222,1.3042847177702923
2018-07-30,0.9059726951731787,1.2967796413916213
2018-07-31,0.9061666816637777,1.3031140582505645
2018-08-01,0.9100812733284905,1.3017583615511286
2018-08-02,0.9062700565837412,1.3081714022666509
2018-08-03,0.9061488587048454,1.3142467896670647
2018-08-06,0.9086887677531521,1.3188968937363577
2018-08-07,0.9090712160109017,1.3226216989417992
2018-08-08,0.9129318791036847,1.3222746695058631
2018-08-09,0.9123156503746058,1.32036837987975
2018-08-10,0.9134032746384044,1.3109754272206877
2018-08-13,0.9166283673557929,1.3057236699040657
2018-08-14,0.9199276235225328,1.3140662710998037
2018-08-15,0.9251422935797383,1.304076522701793
2018-08-16,0.9206318590112177,1.314404037380223
2018-08-17,0.9231240069275642,1.3187719541021956
2018-08-20,0.9184161469093008,1.3219739558475097
2018-08-21,0.916081689714557,1.324708507135173
2018-08-22,0.9119346635997414,1.324181072097287
2018-08-23,0.9147284136962761,1.3219415348032015
2018-08-24,0.9075597978344309,1.3301360384759864
2018-08-27,0.9014405644889903,1.340338726485566
2018-08-28,0.9004384562963234,1.3406996506547768
2018-08-29,0.9023662255334597,1.3483435614008845
2018-08-30,0.9030154616854362,1.342369955745841
2018-08-31,0.9056959716703896,1.3425504743131018
2018-09-03,0.9054910955265475,1.3425504743131018
2018-09-04,0.9001311220817673,1.3403294633300495
2018-09-05,0.8969910060583453,1.3365723500456115
2018-09-06,0.8995344924115493,1.3316907800537168
2018-09-07,0.901845842998374,1.3287432891544846
2018-09-10,0.8974017553066517,1.3312650137958904
2018-09-11,0.8952866085075729,1.3362437339553974
2018-09-12,0.8933815340985276,1.3367203346032535
2018-09-13,0.8879853760726468,1.3437812313783764
2018-09-14,0.8898943125592307,1.3441514187031036
2018-09-17,0.8854889225076324,1.3366648686354656
2018-09-18,0.8870028444152451,1.3438414418892337
2018-09-19,0.8862760505563196,1.3455256417135726
2018-09-20,0.8870700942999408,1.356075359159088
2018-09-21,0.8852991240389211,1.3555756006224406
2018-09-24,0.890140667630927,1.3508098200745025
2018-09-25,0.8938519119034518,1.3490468834282732
2018-09-26,0.8901404906200994,1.3446094930399268
2018-09-27,0.8962780437863394,1.348325035089852
2018-09-28,0.8936586706824698,1.3483157719343353
2018-10-01,0.9039644014176785,1.3532251313927794
2018-10-02,0.9026721166043699,1.352688320234066
2018-10-03,0.9094532162703113,1.3536507846852948
2018-10-04,0.9039882498857656,1.3425921585129266
2018-10-05,0.9017303524651822,1.335170337568593
2018-10-08,0.9106168791361657,1.334642789565396
2018-10-09,0.9098308621795971,1.3327503946725576
2018-10-10,0.9103342573486249,1.2889505805004944
2018-10-11,0.899437062434967,1.2624329903894778
2018-10-12,0.8913600117581437,1.2803673631919494
2018-10-15,0.8986254133059224,1.2728068208454906
2018-10-16,0.892981114039815,1.3001665673513325
2018-10-17,0.9001028547985362,1.2998380642264296
2018-10-18,0.8950695379626477,1.2811308957301955
2018-10-19,0.8971989175450175,1.2806681898156143
2018-10-22,0.892058198393518,1.2751619216529102
2018-10-23,0.9019949875492178,1.2681334459220952
2018-10-24,0.9036907316858666,1.2289932249054638
2018-10-25,0.8998774068759642,1.2518832729439624
2018-10-26,0.9020506722812018,1.2301915609264302
2018-10-29,0.9009443842887975,1.2221219968878074
2018-10-30,0.9072680048238682,1.2412687134098315
2018-10-31,0.9072855897696401,1.2547381322880293
2018-11-01,0.9025641030912892,1.2679854613644532
2018-11-02,0.8994141666167078,1.2599759948713767
2018-11-05,0.903210419343588,1.2670322600687411
2018-11-06,0.905230735099225,1.2749629897399275
2018-11-07,0.9021102951551624,1.302003496276383
2018-11-08,0.9046395198514098,1.2987368783730755
2018-11-09,0.9096301095567788,1.2867897800282997
2018-11-12,0.9142184080809251,1.2614381048939416
2018-11-13,0.9256637817784292,1.2595687549245835
2018-11-14,0.9319997707305898,1.2500370808633958
2018-11-15,0.9235299403287481,1.2632796653967502
2018-11-16,0.9257229804832717,1.2660883219285457
2018-11-19,0.9284087310623632,1.2450166765040644
2018-11-20,0.9378114345050166,1.2224180789684027
2018-11-21,0.9339152662685589,1.226138252596086
2018-11-22,0.935083470244003,1.226138252596086
2018-11-23,0.9426318514464155,1.2181011096017709
2018-11-26,0.9370817663499679,1.2370211047442625
2018-11-27,0.9380495374419043,1.241055886763574
2018-11-28,0.9405679699189835,1.2695678794434218
2018-11-29,0.9371939615116274,1.2667962755336923
2018-11-30,0.9388192841179209,1.2771469481009137
2018-12-03,0.9298341424139963,1.2911207570935173
2018-12-04,0.9317475779169847,1.2493337588360072
2018-12-05,0.9324370137277341,1.2493337588360072
2018-12-06,0.9390274722074688,1.2474319878223412
2018-12-07,0.9369874936252006,1.2183417257145779
2018-12-10,0.9419086161465763,1.2204886314534982
2018-12-11,0.9373240097584622,1.2200537150054664
2018-12-12,0.9340870077238281,1.2266658005992828
2018-12-13,0.9301903823639232,1.2264205529087173
2018-12-14,0.9330827261563643,1.2030122200225384
2018-12-17,0.9364981569284142,1.178021469057391
2018-12-18,0.9529220928287915,1.1781232508027615
2018-12-19,0.9477459499713461,1.1599852015442376
2018-12-20,0.9579531636660261,1.141689791607244
2018-12-21,0.9594856508243707,1.118184421518764
2018-12-24,0.9692493805043718,1.0878679209581734
2018-12-25,0.9684835067674858,1.0878679209581734
2018-12-26,0.9498644334179672,1.1418193628191642
2018-12-27,0.9586579518036792,1.1515963975362284
2018-12-28,0.954585294847685,1.1501665955926603
2018-12-31,0.9527065744264372,1.1599343671542082
2019-01-01,0.952863591162266,1.1599343671542082
2019-01-02,0.9506712543593115,1.1614057403322895
2019-01-03,0.9560643939852433,1.1326531315396344
2019-01-04,0.9451234318039419,1.1715435862532533
2019-01-07,0.9440949199758893,1.179756616237071
2019-01-08,0.9395773795147362,1.1911946928896828
2019-01-09,0.9340933211676783,1.1960762628815775
2019-01-10,0.9332119152983323,1.2014806363336
2019-01-11,0.9339822150399074,1.2013048623094085
2019-01-14,0.9340577611692087,1.1949889717614985
2019-01-15,0.9286508853532529,1.2078012714245794
2019-01-16,0.9263669603353051,1.210484988322213
2019-01-17,0.925858527192201,1.219674264525223
2019-01-18,0.917349168289565,1.2357532950569226
2019-01-21,0.9165975832681198,1.2357532950569226
2019-01-22,0.9232032739278023,1.2182583573149297
2019-01-23,0.9235799515387608,1.2209420742125634
2019-01-24,0.922308009247147,1.2226217554244554
2019-01-25,0.9210337163338496,1.2330002174582264
2019-01-28,0.9282090331201713,1.2233250774518438
2019-01-29,0.9243195357622115,1.2215436144945815
2019-01-30,0.9223481279888143,1.2405377148812053
2019-01-31,0.9244101106495308,1.251203108805366
2019-02-01,0.92373990123062,1.2523274525475114
2019-02-04,0.9233228609684544,1.2608135196884442
2019-02-05,0.9235397690041164,1.2667499597561105
2019-02-06,0.9225531816351151,1.2639321530341097
2019-02-07,0.9254208769918686,1.2521053627457375
2019-02-08,0.9250588823753595,1.2529520377530097
2019-02-11,0.9241176035728803,1.2538405099254173
2019-02-12,0.9229774329723104,1.2700027958914542
2019-02-13,0.9226645742373317,1.273843277575541
2019-02-14,0.9238162742006706,1.2704655018060353
2019-02-15,0.9211447325996424,1.2842865816979274
2019-02-18,0.9206154487901356,1.2842865816979274
2019-02-19,0.9208086611063422,1.2862113976350735
2019-02-20,0.9224782345019527,1.2884971377414305
2019-02-21,0.9161102251812842,1.2839533340299552
2019-02-22,0.9167051020523249,1.2921848903248059
2019-02-25,0.9099087659276769,1.293776684524602
2019-02-26,0.9090976274636569,1.2927540095625158
2019-02-27,0.9110565884563815,1.2920506875351274
2019-02-28,0.9103403411281011,1.2883999875738181
2019-03-01,0.9061723274415571,1.2972839185407163
2019-03-04,0.9054498776124342,1.2922497324134212
2019-03-05,0.9055356184537543,1.2907875094255452
2019-03-06,0.9075809913963917,1.2823662843732282
2019-03-07,0.9057103231355832,1.2719461381396329
2019-03-08,0.9034840199802492,1.2692347447407608
2019-03-11,0.9093666871066807,1.2878493946471408
2019-03-12,0.911294757026436,1.2916528237091616
2019-03-13,0.9090341428681132,1.300629273265914
2019-03-14,0.9059006694403665,1.2995002979460104
2019-03-15,0.9112046571786708,1.3059781807501483
2019-03-18,0.9082905240777797,1.3108180665422187
2019-03-19,0.9080696625753735,1.3106469240957854
2019-03-20,0.9098355318620622,1.3067879161006655
2019-03-21,0.909731218636285,1.3209698071964573
2019-03-22,0.9096619392189085,1.2959050639524887
2019-03-25,0.9115646097535798,1.2948177728324095
2019-03-26,0.9122877906642907,1.3041180939363066
2019-03-27,0.9133015502804999,1.2980613458122368
2019-03-28,0.9114536998322635,1.3027207130370464
2019-03-29,0.9198495634036524,1.3114935991030576
2019-04-01,0.916547430019905,1.3266657441166276
2019-04-02,0.9185911312077847,1.326688902005419
2019-04-03,0.9212471903174325,1.3295391297717276
2019-04-04,0.9190311669365984,1.3323107336814572
2019-04-05,0.9193560728582433,1.3384879028272418
2019-04-08,0.9225222742844459,1.3398899153042605
2019-04-09,0.9206608732426965,1.3317601407547803
2019-04-10,0.9215519668461077,1.3363918314783514
2019-04-11,0.917257774703809,1.3364427788336923
2019-04-12,0.9219475110733187,1.3452757624452498
2019-04-15,0.9229036939837014,1.3444290874379776
2019-04-16,0.9243696147695543,1.345113883154333
2019-04-17,0.9293990851871092,1.3420553473542138
2019-04-18,0.9286189332220126,1.3441745765918958
2019-04-19,0.9284729763756886,1.3441745765918958
2019-04-22,0.9271277752687993,1.34553490486909
2019-04-23,0.9307047276786579,1.3574310558585252
2019-04-24,0.9295723540758232,1.3544558884580546
2019-04-25,0.9238611939287543,1.3539561299214071
2019-04-26,0.9182633788453909,1.3602998099358667
2019-04-29,0.9113305368399934,1.3617574013459843
2019-04-30,0.9119796210111287,1.363053000499874
2019-05-01,0.9077998066064195,1.3528271546015032
2019-05-02,0.9045721552632562,1.3499537689464032
2019-05-03,0.9084570768723622,1.362965000522467
2019-05-06,0.9104881420517397,1.356871199776331
2019-05-07,0.9041631076006674,1.3344670155412048
2019-05-08,0.8970752382179493,1.3323246284147316
2019-05-09,0.8966208825923946,1.3282991095509367
2019-05-10,0.8951841474575977,1.3332407770883776
2019-05-13,0.8886053290590135,1.301068934257015
2019-05-14,0.8818862091303925,1.3114982306808158
2019-05-15,0.8865262449959209,1.3191560361601984
2019-05-16,0.883696215957389,1.3308903078587166
2019-05-17,0.8815527445584511,1.3231214574784471
2019-05-20,0.8775922684187246,1.3141912107339662
2019-05-21,0.8796598929873772,1.3253563631947742
2019-05-22,0.8848101509078443,1.3216130316782997
2019-05-23,0.8793132451500562,1.3058671358492613
2019-05-24,0.8756258295837381,1.307634704073249
2019-05-27,0.8753435396054485,1.307634704073249
2019-05-28,0.8782688971528562,1.2966823782586985
2019-05-29,0.8772315882037585,1.287719823435221
2019-05-30,0.8868749387999544,1.2904220666438877
2019-05-31,0.8981897780819467,1.2733944663942343
2019-06-03,0.9085835838524267,1.269873224679534
2019-06-04,0.9012991854242751,1.297089618205492
2019-06-05,0.9068200186743267,1.3076762753077624
2019-06-06,0.9073768204277891,1.315699636534114
2019-06-07,0.9052675845749016,1.3295114532704897
2019-06-10,0.9037320826066597,1.335707035761996
2019-06-11,0.9021926078572893,1.3352396982696566
2019-06-12,0.9071948760519644,1.3325190417152681
2019-06-13,0.9087268885689672,1.3379788811350781
2019-06-14,0.9053850143728027,1.3358227122406414
2019-06-17,0.9069058473156553,1.3370673640391904
2019-06-18,0.9088878049919858,1.3500601822695324
2019-06-19,0.9106421089069605,1.3540903327110856
2019-06-20,0.9170174324059198,1.3669165271074415
2019-06-21,0.9161378228715067,1.3651952746610365
2019-06-24,0.9064129898898007,1.3628309106981005
2019-06-25,0.9049979792710038,1.3498889268577883
2019-06-26,0.9048515470184868,1.3482232533444825
2019-06-27,0.9024166816982563,1.3533777475281812
2019-06-28,0.9034105043891795,1.361169755797242
2019-07-01,0.9045461890912847,1.3716130599196286
2019-07-02,0.9064762783238073,1.375629315627907
2019-07-03,0.9068288423942306,1.3861836646511805
2019-07-04,0.9071423798165487,1.3861836646511805
2019-07-05,0.8872127326660268,1.3836803533554967
2019-07-08,0.8877613362076431,1.376989643905101
2019-07-09,0.8850107592336424,1.378692370040473
2019-07-10,0.8837540603793661,1.3849112233860816
2019-07-11,0.8825055899954883,1.3880760595440182
2019-07-12,0.8816163382135206,1.3944892132248519
2019-07-15,0.8802914929330826,1.3947344609154173
2019-07-16,0.8823318996091986,1.3899870937132008
2019-07-17,0.8846418327273579,1.3809087494457668
2019-07-18,0.8880055292969755,1.385855161526277
2019-07-19,0.8877410782998452,1.3772951021065234
2019-07-22,0.8839979712291413,1.3811910497583983
2019-07-23,0.8838914340396284,1.3906487315407652
2019-07-24,0.8883640126313916,1.3971682985447273
2019-07-25,0.8841951235463691,1.3898158383014565
2019-07-26,0.888505415941793,1.4000833683996516
2019-07-29,0.8904545205298392,1.3978206732167748
2019-07-30,0.8905872742172924,1.3942161760677367
2019-07-31,0.8794802827076241,1.3790393994764085
2019-08-01,0.8823985369867849,1.3666297081823626
2019-08-02,0.8828649026307589,1.356676899441107
2019-08-05,0.8908890385384663,1.3162780189273406
2019-08-06,0.89203642540625,1.3334120325001229
2019-08-07,0.8994128814138191,1.3344345944968978
2019-08-08,0.8937859459028383,1.3594716612396278
2019-08-09,0.890751851549982,1.3504765724065313
2019-08-12,0.8935271599781414,1.3338423173703964
2019-08-13,0.886622327611422,1.3540256035877811
2019-08-14,0.8859212925280479,1.3143624661457112
2019-08-15,0.8872610397612614,1.31760140754778
2019-08-16,0.8843383080989144,1.3366092897023674
2019-08-19,0.8780532533585597,1.3527901019794375
2019-08-20,0.8804640541104396,1.3420831368207635
2019-08-21,0.8797068809126646,1.3531510261486481
2019-08-22,0.8796678791046834,1.3524662304322927
2019-08-23,0.8847542375636679,1.3173746861682476
2019-08-26,0.8832877632857938,1.3318433961891178
2019-08-27,0.8832827191420854,1.3275772612125158
2019-08-28,0.8798182308529152,1.3362668918441898
2019-08-29,0.8744730194570461,1.3532204998150221
2019-08-30,0.8763817300677569,1.3540903327110856
2019-09-02,0.8776729326438204,1.3540903327110856
2019-09-03,0.8888095557050366,1.3447483274073642
2019-09-04,0.8788414189418795,1.359328195294433
2019-09-05,0.8711184732066961,1.3770128017938923
2019-09-06,0.8682127305506574,1.3782667167479576
2019-09-09,0.8707373800861269,1.3781371455360376
2019-09-10,0.8657085839410344,1.3785813251395858
2019-09-11,0.8618838697627182,1.3885480286141163
2019-09-12,0.863475729141362,1.3925458709766727
2019-09-13,0.8602401470645651,1.3915370907478615
2019-09-16,0.8363148501262277,1.3871738056036471
2019-09-17,0.8300703702283758,1.3907551448638937
2019-09-18,0.8280648312562005,1.39123174551175
2019-09-19,0.8286501874036591,1.3912595349782995
2019-09-20,0.8288538634173853,1.3844485174715004
2019-09-23,0.8304789938985525,1.3843143146818222
2019-09-24,0.8274621860270823,1.3726634113829526
2019-09-25,0.8227118232177834,1.3811170574795777
2019-09-26,0.8257503418550552,1.3777624395988635
2019-09-27,0.8251760540375556,1.370437768822142
2019-09-30,0.8289924464052261,1.3773551996520699
2019-10-01,0.8313700387935968,1.3604710653476113
2019-10-02,0.829119032069796,1.3361142757087896
2019-10-03,0.828611617577376,1.3467656619343644
2019-10-04,0.82592722872207,1.3659124914216998
2019-10-07,0.8238342180691854,1.3597955327867726
2019-10-08,0.8242661463387833,1.3386360003501956
2019-10-09,0.8243540915675529,1.3508236018424675
2019-10-10,0.8207717595227118,1.35949007458535
2019-10-11,0.818480480356694,1.3743615059405667
2019-10-14,0.8164482087895033,1.3724551033491426
2019-10-15,0.8166445581146895,1.3861188225625654
2019-10-16,0.8154541999435663,1.383347218652836
2019-10-17,0.8143746105143471,1.3871691740258898
2019-10-18,0.8143475665240353,1.3817323795295597
2019-10-21,0.8191323223430991,1.3912271139339925
2019-10-22,0.8176318019032235,1.3862622885077602
2019-10-23,0.8153097718633162,1.3902091835149757
2019-10-24,0.8141883345815478,1.3928790056793345
2019-10-25,0.8152486828414822,1.3985517847107136
2019-10-28,0.8060580869128705,1.406357574747738
2019-10-29,0.8049857088577373,1.4051869152280099
2019-10-30,0.8081346563696938,1.4097585084060347
2019-10-31,0.8059376914856793,1.4054970050071909
2019-11-01,0.807703071703959,1.4190773558209646
2019-11-04,0.8178312542341185,1.4243337447153448
2019-11-05,0.8186158207939758,1.4226449133132475
2019-11-06,0.8165523103791579,1.423644317421231
2019-11-07,0.8154573896243368,1.4275310019175893
2019-11-08,0.8110679788219664,1.4311864464219681
2019-11-11,0.8023251094267659,1.4283777898901726
2019-11-12,0.8029412210505689,1.4306126956064997
2019-11-13,0.7985507663054805,1.4316306260255163
2019-11-14,0.7969829895918322,1.4328289620464827
2019-11-15,0.8004845339043691,1.4438552801398543
2019-11-18,0.7976272702594854,1.444581760056034
2019-11-19,0.7981692884363359,1.4437257089279343
2019-11-20,0.7960320420448856,1.438302809164879
2019-11-21,0.7986634978324947,1.4360263322140387
2019-11-22,0.7970709569428107,1.4391495971374622
2019-11-25,0.7963417113029468,1.4499537124637485
2019-11-26,0.7970519686438478,1.4531371878980295
2019-11-27,0.7976616986072134,1.4592031991776158
2019-11-28,0.7974275973744863,1.4592031991776158
2019-11-29,0.7902326932252871,1.453350014544287
2019-12-02,0.7837908110813478,1.440806120460563
2019-12-03,0.7778452159270494,1.4312419123897562
2019-12-04,0.7808697946026917,1.4402924671906407
2019-12-05,0.7810693903391664,1.4424532676628359
2019-12-06,0.7856294588153038,1.455631123072886
2019-12-09,0.7873469151935231,1.4510272218158646
2019-12-10,0.7873888362634405,1.4494355405813797
2019-12-11,0.7883287626003234,1.453650728202641
2019-12-12,0.7925185257855266,1.4661161113950971
2019-12-13,0.7962500583673645,1.466222524718226
2019-12-16,0.8016898850927635,1.4767027684973673
2019-12-17,0.8023568933312424,1.4771978954562561
2019-12-18,0.8020454624210721,1.4765593025521722
2019-12-19,0.8040922509013125,1.4831437116447501
2019-12-20,0.8016636939557489,1.4904775326116768
2019-12-23,0.8034343891690106,1.4917685001878085
2019-12-24,0.806026205733492,1.4914769367196605
2019-12-25,0.8059661829130561,1.4914769367196605
2019-12-26,0.807970974220076,1.4991254790435264
2019-12-27,0.807935646788832,1.4991764263988672
2019-12-30,0.8072871805205541,1.4905099536559847
2019-12-31,0.8022674348776078,1.4949010282667485
2020-01-01,0.8031425367271977,1.4949010282667485
2020-01-02,0.8071802198259911,1.5074265090047507
2020-01-03,0.808853719848517,1.4967842729693812
2020-01-06,0.8095337770644474,1.502072969942758
2020-01-07,0.8092302807474251,1.4978623009339438
2020-01-08,0.8033991792368542,1.5052054980216982
2020-01-09,0.8028795448618298,1.5152230358862584
2020-01-10,0.8006801550867342,1.5108968033641101
2020-01-13,0.7982399472046524,1.521437144688798
2020-01-14,0.7972797597720925,1.5191328782714082
2020-01-15,0.7943793675746157,1.5219739558475116
2020-01-16,0.7984445496783978,1.5347076316540136
2020-01-17,0.803444156626781,1.5406349215314745
2020-01-20,0.8017111206471479,1.5406349215314745
2020-01-21,0.8010696136706813,1.5365491921568222
2020-01-22,0.7972977413951051,1.5369933717603705
2020-01-23,0.7946804017066759,1.5387470452510834
2020-01-24,0.7979172191759507,1.5248334467693372
2020-01-27,0.7966861820268326,1.5008467314899314
2020-01-28,0.7965567398772003,1.5159356210691637
2020-01-29,0.7981617859284245,1.5146214956042408
2020-01-30,0.8037652868424153,1.519368862806457
2020-01-31,0.8019294236272475,1.4924671906374383
2020-02-03,0.8091770561584702,1.5032944638525159
2020-02-04,0.8052899183336207,1.5258144375315983
2020-02-05,0.8027481370034553,1.5429807591833773
2020-02-06,0.8054950589284239,1.5481122084435956
2020-02-07,0.8092380857136182,1.5397510809368247
2020-02-10,0.8130443316748257,1.5510319098762781
2020-02-11,0.8103782002937892,1.553650784685296
2020-02-12,0.8082823395236919,1.5636914804386477
2020-02-13,0.8070252292102005,1.5611419663306922
2020-02-14,0.8052767399471373,1.5640199835635504
2020-02-17,0.8064192348411231,1.5640199835635504
2020-02-18,0.8009087334112669,1.5594531349285952
2020-02-19,0.8006098633007268,1.5667915874732798
2020-02-20,0.7997320071692989,1.5608134632057893
2020-02-21,0.8000181106157018,1.5443966663936703
2020-02-24,0.8008943187247838,1.4926383330838713
2020-02-25,0.8019344543676761,1.447441250977859
2020-02-26,0.8042959021498396,1.441972035437221
2020-02-27,0.8138321120313216,1.3782898746367487
2020-02-28,0.8202677397190614,1.3669350534184743
2020-03-02,0.8076779436714439,1.4298676893792868
2020-03-03,0.8081044846272847,1.389677116899331
2020-03-04,0.8058914013384402,1.448325091572508
2020-03-05,0.8137330594034852,1.3991948962272436
2020-03-06,0.8341013321741234,1.375333233547311
2020-03-09,0.8735649204571379,1.2708495838640372
2020-03-10,0.859566454105917,1.3336248591463802
2020-03-11,0.864180980531352,1.2684526858914824
2020-03-12,0.8792608182469992,1.1478067502421716
2020-03-13,0.8716676483505735,1.2544049975853688
2020-03-16,0.8894667715968402,1.1040764097364821
2020-03-17,0.8894816580193808,1.1702711449881547
2020-03-18,0.9087364833811759,1.1096150989434936
2020-03-19,0.8982956336375171,1.114838953828255
2020-03-20,0.9037110052245197,1.066500080487786
2020-03-23,0.9049140715320907,1.035258168098033
2020-03-24,0.8929020968292315,1.1323941020811055
2020-03-25,0.8885196022406557,1.1454562810125102
2020-03-26,0.8889397080443024,1.2169489763930765
2020-03-27,0.8926813397821225,1.1759531871750506
2020-03-30,0.8940365105073041,1.215366445348797
2020-03-31,0.8913944285139437,1.1959051204351447
2020-04-01,0.8945170084877984,1.1431149619730545
2020-04-02,0.8857076821215268,1.1692115303693142
2020-04-03,0.8820127992737988,1.1515130291365803
2020-04-06,0.8777824240575061,1.2325004589215791
2020-04-07,0.8761108635002444,1.230524695629092
2020-04-08,0.872505279597335,1.2724320019430058
2020-04-09,0.8762130725584538,1.290866246247436
2020-04-10,0.8758569015864418,1.290866246247436
2020-04-13,0.8756207848542235,1.2778224806617533
2020-04-14,0.879031918209537,1.3168888223648747
2020-04-15,0.8836790602931827,1.2878771841136907
2020-04-16,0.8817778459188679,1.2953683657590869
2020-04-17,0.8789749270654259,1.330075940930441
2020-04-20,0.9376034009555878,1.3062927891417766
2020-04-21,0.9527746325618789,1.2662225247182244
2020-04-22,0.948707314672837,1.2952573208581997
2020-04-23,0.9461976527933054,1.2945586304085694
2020-04-24,0.9460140315030693,1.3125763716106897
2020-04-27,0.9459843668150673,1.3318897119667
2020-04-28,0.944766185182874,1.3249074390481563
2020-04-29,0.9401698697586145,1.3601286674894328
2020-04-30,0.9361849259848424,1.3475985551736722
2020-05-01,0.934915507590577,1.3097862413899273
2020-05-04,0.934827376182067,1.3153526070981774
2020-05-05,0.9299943317694073,1.327244126509854
2020-05-06,0.9293387909930345,1.317980745062712
2020-05-07,0.9300558886300967,1.3331436269207655
2020-05-08,0.9279929489594537,1.3556358111332985
2020-05-11,0.9289831693269457,1.3558162167352483
2020-05-12,0.9283912938741283,1.3280215537813749
2020-05-13,0.9327652908019489,1.3048306791192117
2020-05-14,0.9314167192564792,1.3198686213431035
2020-05-15,0.9315098166891866,1.3250509049933517
2020-05-18,0.9224412782097101,1.3667915874732792
2020-05-19,0.9228169647552439,1.3524615988545343
2020-05-20,0.9224716562365706,1.374981572533617
2020-05-21,0.921287347429357,1.364293020720665
2020-05-22,0.9214620336631556,1.3675041726561843
2020-05-25,0.9207376854506992,1.3675041726561843
2020-05-26,0.9158334744589514,1.3843096831040638
2020-05-27,0.9146576439358948,1.4048352542143152
2020-05-28,0.9104569020366677,1.4018739815471195
2020-05-29,0.9144161876067605,1.408620269930614
2020-06-01,0.9141272011871674,1.4139043353262328
2020-06-02,0.9133860944982076,1.425513667390589
2020-06-03,0.9125127450634664,1.444970473691794
2020-06-04,0.9132612764391514,1.440102798433174
2020-06-05,0.9134162054869088,1.4778502701283032
2020-06-08,0.9146693535698084,1.4956459215286495
2020-06-09,0.9151153972162175,1.4839811234965052
2020-06-10,0.9157343116960539,1.4760965966375903
2020-06-11,0.9091482657338467,1.3890894713505877
2020-06-12,0.9088407984996159,1.4072321521868698
2020-06-15,0.9085036906687746,1.418929371263322
2020-06-16,0.9140567004781052,1.445835675010099
2020-06-17,0.9127698375060038,1.4406302334710595
2020-06-18,0.9125067511356573,1.4414862845991592
2020-06-19,0.9110731080374961,1.4333426153164042
2020-06-22,0.9132192127410452,1.442652312541129
2020-06-23,0.9153439003459967,1.4488664213436686
2020-06-24,0.9154328248406234,1.4114057685736179
2020-06-25,0.9234132229503902,1.4268739956677832
2020-06-26,0.9190650043938511,1.3923052548638655
2020-06-29,0.9046392596132028,1.4127522021175374
2020-06-30,0.9105831319843032,1.4345225379916489
2020-07-01,0.9105286219088062,1.4417269007119664
2020-07-02,0.9125393464079131,1.448274144217167
2020-07-03,0.9122954600490468,1.448274144217167
2020-07-06,0.9170461146963724,1.4712752371565525
2020-07-07,0.9181803192059337,1.4553581988810809
2020-07-08,0.9212029032671548,1.4667499597561102
2020-07-09,0.923174731740014,1.458472200648988
2020-07-10,0.9248761471819651,1.473736864252412
2020-07-13,0.9243353122124454,1.4599389422493112
2020-07-14,0.9248715128658643,1.4795114250291614
2020-07-15,0.9242298792200314,1.4929484228630516
2020-07-16,0.9235909894145614,1.4878632893804158
2020-07-17,0.9235782975268509,1.4921016348904683
2020-07-20,0.9282424324765397,1.5046456419395038
2020-07-21,0.9270860766251725,1.5071719981586678
2020-07-22,0.9283913420387232,1.515833839323792
2020-07-23,0.9275475251216572,1.4971589789065545
2020-07-24,0.9249618719978121,1.4878909658816541
2020-07-27,0.9225163811616826,1.4988941260862343
2020-07-28,0.9216252764566164,1.4891911966133022
2020-07-29,0.9270912880958542,1.5076994331965534
2020-07-30,0.9272203931445264,1.5020451804762074
2020-07-31,0.9303569548724921,1.5135666255284679
2020-08-03,0.9296984954376174,1.5244355829433696
2020-08-04,0.9344292844240345,1.529941738140762
2020-08-05,0.935874020616368,1.5397788704033726
2020-08-06,0.9369537061922819,1.5496761002115291
2020-08-07,0.936780558392613,1.550657090973791
2020-08-10,0.9302164800797571,1.5549093312171183
2020-08-11,0.9217417965560788,1.542518053268794
2020-08-12,0.9211874709080811,1.5641079835409557
2020-08-13,0.9202859640867773,1.5609059817956417
2020-08-14,0.9250365868332883,1.560637689181596
2020-08-17,0.927084208894686,1.564866771536132
2020-08-18,0.9330392241244401,1.5684712686851698
2020-08-19,0.9313170763079412,1.5615631010107585
2020-08-20,0.9276488490489377,1.5664955053926828
2020-08-21,0.9298171148840843,1.57188598411143
2020-08-24,0.9308496353219317,1.5876735641402928
2020-08-25,0.9326455134499979,1.5933833957937378
2020-08-26,0.93547647827197,1.6096289371941122
2020-08-27,0.9382061385395289,1.6123219172472623
2020-08-28,0.9419310047092118,1.6231769799288893
2020-08-31,0.9432469688198994,1.6196141669796755
2020-09-01,0.9414681411187313,1.6318017684719475
2020-09-02,0.9374552562816719,1.6568758878367436
2020-09-03,0.9314223512113374,1.598676724344873
2020-09-04,0.9356274157168071,1.5856746429590145
2020-09-07,0.934219145903066,1.5856746429590145
2020-09-08,0.9189839711826187,1.541662115106005
2020-09-09,0.9224742850014913,1.5727188773507386
2020-09-10,0.9151828763861666,1.5450629357989905
2020-09-11,0.9107003367277723,1.5458865658827825
2020-09-14,0.9139317332676684,1.5655839882967948
2020-09-15,0.9178309038017144,1.5737553340807884
2020-09-16,0.9120145650800648,1.5664862422371661
2020-09-17,0.8975564329429058,1.5533083868271162
2020-09-18,0.9016535205581783,1.5359383887192852
2020-09-21,0.9050246522718227,1.5181658952077304
2020-09-22,0.9063192062305562,1.534133880838543
2020-09-23,0.9016572811529284,1.4977419928775384
2020-09-24,0.9065197535522257,1.502216435887951
2020-09-25,0.9015491891363613,1.5262169329353203
2020-09-28,0.8982688220847865,1.550805188496744
2020-09-29,0.898078479626448,1.5433416833525861
2020-09-30,0.8980520564639567,1.5560799907368463
2020-10-01,0.893072518485107,1.5643161786094555
2020-10-02,0.8869857790285528,1.5493337023533518
2020-10-05,0.8949868774975014,1.5771794256278773
2020-10-06,0.888229669402911,1.555140684174409
2020-10-07,0.8946329352101486,1.5821950854441393
2020-10-08,0.8962647830679806,1.5948686637050948
2020-10-09,0.8986228452506578,1.608893194122417
2020-10-12,0.9064246497176205,1.635304483875616
2020-10-13,0.9038559558019172,1.6249907509651496
2020-10-14,0.8937541792576894,1.6142282068733764
2020-10-15,0.8959073094378458,1.6117620611650698
2020-10-16,0.8941795904515198,1.6119795193890856
2020-10-19,0.8937155024810689,1.5856561166479821
2020-10-20,0.8989840190024571,1.5931520428364478
2020-10-21,0.8992289222612914,1.5896539590105387
2020-10-22,0.8979708757997991,1.5979502444286942
2020-10-23,0.8947548301423538,1.603456399626087
2020-10-26,0.8929922707466194,1.5736489207576605
2020-10-27,0.8931505122249751,1.5688876588221694
2020-10-28,0.8925638506853444,1.5135249413286436
2020-10-29,0.9041532817170184,1.5316075246193797
2020-10-30,0.9054691549975546,1.5130298143697547
2020-11-02,0.8989668314999267,1.531667622164926
2020-11-03,0.8900594079735061,1.5589302185031555
2020-11-04,0.8888756634076478,1.5933000273940903
2020-11-05,0.8873310073502545,1.6243059552487942
2020-11-06,0.8882991889924586,1.6238386177564548
2020-11-09,0.8892291872445638,1.6428373497208366
2020-11-10,0.8911115285260262,1.640537714881205
2020-11-11,0.8927417499647605,1.6530908721204458
2020-11-12,0.8896547881706764,1.6365954514517478
2020-11-13,0.8897867680966299,1.6588700644749539
2020-11-16,0.8913355420766498,1.6781926679864807
2020-11-17,0.8898764852571922,1.6701508934144074
2020-11-18,0.891050253837192,1.6508375530583972
2020-11-19,0.8892253879748915,1.6573524884846011
2020-11-20,0.8920081428361529,1.6460948174339392
2020-11-23,0.894098915310744,1.655372093614356
2020-11-24,0.9012135122421752,1.682125668260422
2020-11-25,0.903931725076368,1.6794604776738213
2020-11-26,0.9036807021035252,1.6794604776738213
2020-11-27,0.905045378559997,1.6834861095029277
2020-11-30,0.9042978284103462,1.6757495672016547
2020-12-01,0.9050355117872276,1.6946372542651498
2020-12-02,0.9064696090996338,1.6976726321764777
2020-12-03,0.9072201328032994,1.6966130175576366
2020-12-04,0.9120442181805809,1.7116047569692567
2020-12-07,0.9085049943450564,1.7082917103230557
2020-12-08,0.9074230531666686,1.7130529722585468
2020-12-09,0.9072340704764635,1.6994355688227067
2020-12-10,0.911879500261343,1.6972516104617206
2020-12-11,0.9089810584632322,1.6951045917574892
2020-12-14,0.9105853344299849,1.6877151918574635
2020-12-15,0.9133780033849707,1.7095225803536411
2020-12-16,0.914947849482942,1.7125532137218995
2020-12-17,0.9166214019937625,1.722413503873301
2020-12-18,0.9197297193702992,1.7163659059394367
2020-12-21,0.9127225170339549,1.7096613017557665
2020-12-22,0.9101372385987144,1.706117015117586
2020-12-23,0.912336816985928,1.7073894563826846
2020-12-24,0.9121008881386297,1.7134277911610327
2020-12-25,0.9120291392966041,1.7134277911610327
2020-12-28,0.9121724760508169,1.7283732147950706
2020-12-29,0.9124948869045026,1.7245234699554672
2020-12-30,0.9129734328606998,1.7268369995283737
2020-12-31,0.9131529487938858,1.7379558362115992
2021-01-01,0.9126664681058367,1.7379558362115992
2021-01-04,0.9113064703211516,1.712312597609093
2021-01-05,0.9225523854744303,1.7244402145211297
2021-01-06,0.9291503534098726,1.7342864969739455
2021-01-07,0.9333288989101067,1.7600361488995806
2021-01-08,0.9356456312152366,1.7697020257504466
2021-01-11,0.9310945598726476,1.7581020698069179
2021-01-12,0.9337247768118807,1.7588330683355446
2021-01-13,0.9331404181480729,1.7628355422758595
2021-01-14,0.9350918741526019,1.756218825104285
2021-01-15,0.9284524242611211,1.743591562620912
2021-01-18,0.9276685453795954,1.743591562620912
2021-01-19,0.9277981829014718,1.757778085294462
2021-01-20,0.9293683235574562,1.7822738222660315
2021-01-21,0.9297353031770481,1.7828383099259835
2021-01-22,0.9261441050714065,1.777470876130716
2021-01-25,0.9260935893940194,1.7838979245448245
2021-01-26,0.9260630562565303,1.7812419971137405
2021-01-27,0.9229553636591413,1.7355034722712566
2021-01-28,0.9218787403945504,1.752443072543503
2021-01-29,0.9187414891968272,1.718600811655765
2021-02-01,0.9240441855999346,1.7461873925064502
2021-02-02,0.9272158800029964,1.7704562951331762
2021-02-03,0.9295825068030141,1.7722422767028856
2021-02-04,0.9343611810870753,1.7914769932023167
2021-02-05,0.9366123387163104,1.7984592661208603
2021-02-08,0.9404315131280288,1.8117666927428304
2021-02-09,0.941917172096709,1.809749245250519
2021-02-10,0.9444618851201718,1.80912454707971
2021-02-11,0.9448297199034802,1.8121321355244884
2021-02-12,0.9497359017733239,1.8206691500207621
2021-02-15,0.9516382157134724,1.8206691500207621
2021-02-16,0.9582774138667535,1.8196326932907125
2021-02-17,0.9606057110757112,1.8190496793197277
2021-02-18,0.9585183603262127,1.8110170549378597
2021-02-19,0.9608746609146719,1.807657805479387
2021-02-22,0.9641832832109478,1.7936794778743363
2021-02-23,0.9649011440368084,1.7959329099016967
2021-02-24,0.9735528129835761,1.8163196466445117
2021-02-25,0.9732450717970409,1.7718583076101955
2021-02-26,0.9653892752257748,1.7634416011703256
2021-03-01,0.9650016497380394,1.8053952232618218
2021-03-02,0.9635590520913094,1.7908060922192366
2021-03-03,0.9672518475551878,1.767407022488574
2021-03-04,0.9725609634845451,1.7436933443662834
2021-03-05,0.9813868800879341,1.777688334354733
2021-03-08,0.9837253819415018,1.7681612918713034
2021-03-09,0.9772352987529798,1.7931889824932057
2021-03-10,0.9788831766542638,1.8040024739403195
2021-03-11,0.9865615792021647,1.8227559582141362
2021-03-12,0.9880813005653397,1.8246067818724612
2021-03-15,0.9865508011246873,1.836451985506555
2021-03-16,0.9843988644570103,1.8335693366959385
2021-03-17,0.9847713685671453,1.8388488834791101
2021-03-18,0.9719557015321812,1.811706482231973
2021-03-19,0.9735122771173497,1.8106145595341354
2021-03-22,0.9736301777665424,1.8233343406073625
2021-03-23,0.9618136635901887,1.8094207421256163
2021-03-24,0.9705839244131381,1.7995280309299069
2021-03-25,0.9626752423115442,1.8089580362110351
2021-03-26,0.9739781716598777,1.8390431838143348
2021-03-29,0.9775203658630296,1.8374468710020915
2021-03-30,0.977714350702156,1.8316445207587924
2021-03-31,0.9734354147878728,1.8382796512760888
2021-04-01,0.9779516418987524,1.8600176790712035
2021-04-02,0.977494466331091,1.8600176790712035
2021-04-05,0.9733144903041434,1.8868730354626395
2021-04-06,0.9710783757044491,1.8850361065375891
2021-04-07,0.9682251790463213,1.887816973602835
2021-04-08,0.9681473882281746,1.8957847558960874
2021-04-09,0.9680906767932862,1.9104200897509438
2021-04-12,0.9690382682725132,1.9100454967790805
2021-04-13,0.9671350303822583,1.916338116472888
2021-04-14,0.9691414369455937,1.9085046499346252
2021-04-15,0.9684711960884862,1.9296779641391661
2021-04-16,0.9676983128723086,1.9366418237119878
2021-04-19,0.9696270348715765,1.9263649174929651
2021-04-20,0.9625620577664342,1.9132611673270472
2021-04-21,0.9605143489143875,1.93106608188291
2021-04-22,0.9611703975739159,1.9132796936380803
2021-04-23,0.9648792926024081,1.9341893468063336
2021-04-26,0.9661329219608575,1.9376365962422133
2021-04-27,0.9753739356206481,1.9372202061052146
2021-04-28,0.9747423724266996,1.9355822090931472
2021-04-29,0.9771497084905877,1.9486721774911013
2021-04-30,0.9738570322638362,1.934652052720915
2021-05-03,0.9751578755724509,1.9399686521261528
2021-05-04,0.9758641456298547,1.9270128865178768
2021-05-05,0.9787046310207522,1.9283684702520016
2021-05-06,0.9768127287256211,1.9441144790463514
2021-05-07,0.9835504491772512,1.9584490992428545
2021-05-10,0.9822052516380618,1.938011415144699
2021-05-11,0.9823383571851098,1.9212012731190615
2021-05-12,0.9840502193591149,1.879992657254778
2021-05-13,0.9783692110837822,1.9028780737155182
2021-05-14,0.9804877158351357,1.9312651267612044
2021-05-17,0.9860867104646106,1.9263789251915515
2021-05-18,0.9836649372240912,1.909971391534949
2021-05-19,0.9708011503511519,1.9043495598589109
2021-05-20,0.967165445948315,1.924449477676647
2021-05-21,0.9630415150406061,1.9229409389111884
2021-05-24,0.9705668233249638,1.9419997684211165
2021-05-25,0.9696662918861242,1.937872467811951
2021-05-26,0.9693489925404698,1.941509498970608
2021-05-27,0.9720957708408688,1.9437719682228627
2021-05-28,0.9735947329514191,1.9452664992897353
2021-05-31,0.9727183189396876,1.9452664992897353
2021-06-01,0.9767574940068192,1.944308779381576
2021-06-02,0.9776362555202717,1.94712206749113
2021-06-03,0.9736663938417927,1.940056539138249
2021-06-04,0.9774091253619281,1.9571951842887891
2021-06-07,0.9770939174753004,1.9556358111333008
2021-06-08,0.9780340952528759,1.955978096026167
2021-06-09,0.9769457711175316,1.952410651499195
2021-06-10,0.9781185159455468,1.9614937403096984
2021-06-11,0.982042738330281,1.965315582717441
2021-06-14,0.9842633235729776,1.9688830272444129
2021-06-15,0.9830827795191927,1.9649222375039226
2021-06-16,0.9821793339572846,1.9543310617892051
2021-06-17,0.9822934434147319,1.9534795292735525
2021-06-18,0.9750344861866237,1.9278411481794269
2021-06-21,0.9767982600269838,1.9548353389382997
2021-06-22,0.9773917565566529,1.96485287680286
2021-06-23,0.9768360365238128,1.9627243844096616
2021-06-24,0.9816691201598433,1.9741302659485882
2021-06-25,0.9852139903142468,1.9807052989203386
2021-06-28,0.9825514403485507,1.9852905609010159
2021-06-29,0.9851530550536604,1.9858411538276928
2021-06-30,0.984126941046381,1.9884786679130553
2021-07-01,0.9880326557107986,1.9988617615245845
2021-07-02,0.9888799099312521,2.0138533879708937
2021-07-05,0.9886660832421146,2.0138533879708937
2021-07-06,0.9817698625887011,2.009781666294827
2021-07-07,0.9789964140186516,2.016532473290769
2021-07-08,0.9801342978804704,1.9992688885060668
2021-07-09,0.9792553056245739,2.0218165386863873
2021-07-12,0.9805196960438404,2.0287941800271723
2021-07-13,0.9805569019916138,2.0216592909732283
2021-07-14,0.9753508351957474,2.0240143917806477
2021-07-15,0.9685595312388336,2.017411569342348
2021-07-16,0.9742135090515033,2.0022025976373343
2021-07-19,0.9822805498215534,1.9704286186319375
2021-07-20,0.9869843240124995,2.000305458201427
2021-07-21,0.9927600356258361,2.0167916157146086
2021-07-22,0.9961047146933836,2.020858818778228
2021-07-23,1.0002539797270662,2.041361344964999
2021-07-26,1.0041220165447238,2.0462242756805495
2021-07-27,0.9951309011783378,2.036581556718475
2021-07-28,0.9984154325335822,2.0362022192035423
2021-07-29,0.9954629906800215,2.0447667972357433
2021-07-30,0.9889881049927026,2.033712689675822
2021-08-02,0.986898778814833,2.029964952512212
2021-08-03,0.9935099601214875,2.0466176208940685
2021-08-04,1.002755749251316,2.0371368941882215
2021-08-05,1.0029742594519673,2.0493708114580755
2021-08-06,1.0074057483006618,2.052804053195369
2021-08-09,1.009632575930684,2.0508746056804648
2021-08-10,1.0105276734361817,2.0529104665184983
2021-08-11,1.0087179356845057,2.0555294542928277
2021-08-12,1.0010019306392497,2.0640524610905153
2021-08-13,0.9951484649947288,2.0673700263491632
2021-08-16,0.9957335926888979,2.0727882945344605
2021-08-17,0.9913756302992235,2.058152960679604
2021-08-18,0.9935337177952345,2.036030963791798
2021-08-19,0.9906645841529702,2.0385896280899587
2021-08-20,0.9907080934192521,2.0551869434693386
2021-08-23,0.9823219204910014,2.0727049261348114
2021-08-24,0.9767714246287292,2.075805146134755
2021-08-25,0.9750830062009682,2.0804136789695344
2021-08-26,0.9897192189495329,2.0682954381783256
2021-08-27,0.9974143440129889,2.0865122242587404
2021-08-30,0.993006567495689,2.095497936971009
2021-08-31,0.9953680404169293,2.0926708670934917
2021-09-01,1.0105125728463444,2.093323128800228
2021-09-02,1.010401216293152,2.0992736895317914
2021-09-03,1.0097821019522273,2.098570367504403
2021-09-06,1.009573765741305,2.098570367504403
2021-09-07,1.0000824181142614,2.091444515675353
2021-09-08,1.0133564473089902,2.0886868064988984
2021-09-09,1.0171066397658048,2.079067132460304
2021-09-10,1.0004617148293315,2.063011372782707
2021-09-13,1.0122649137919582,2.0677077926295824
2021-09-14,1.0132020801643191,2.055825423408111
2021-09-15,1.0157107215638597,2.073246481836594
2021-09-16,1.0143467340748704,2.0700305853580048
2021-09-17,1.004234760777848,2.0511708007263705
2021-09-20,0.9988847129067108,2.01634743611106
2021-09-21,0.9908843291882878,2.0147094390989926
2021-09-22,0.9815088374083449,2.033888689630636
2021-09-23,0.9894912182265433,2.0585693508166023
2021-09-24,0.9931055559894847,2.0615769392613803
2021-09-27,1.0139528025553595,2.0558532128746605
2021-09-28,1.0190703854817673,2.0139875907605713
2021-09-29,1.0080490266977578,2.017147908306061
2021-09-30,1.025919890307395,1.9931242533699005
2021-10-01,1.0115640338472522,2.016028196141674
2021-10-04,1.0163668519986193,1.9898482593457654
2021-10-05,1.0245672691215681,2.0107904465236377
2021-10-06,1.0156782289638737,2.0190403031988993
2021-10-07,1.0140133283647605,2.0357948662914374
2021-10-08,1.0148303132309313,2.0318989186395626
2021-10-11,1.01637905559146,2.0179483805010614
2021-10-12,1.0180067507413182,2.013071442086925
2021-10-13,1.012681129367502,2.0191559796775445
2021-10-14,1.0102322948664983,2.0536090440028167
2021-10-15,1.0103070490790482,2.068929399504651
2021-10-18,1.0059759329706717,2.0759115594578836
2021-10-19,1.007470530703223,2.0912594784956453
2021-10-20,1.0092513459787613,2.098921915552786
2021-10-21,1.0004253923671091,2.1052100166341465
2021-10-22,1.0023012602052954,2.102952065994339
2021-10-25,1.0060733968949656,2.112937295779903
2021-10-26,1.0067307014579518,2.1167824090417477
2021-10-27,1.0040905520742414,2.1060893386163486
2021-10-28,0.9987795381731492,2.1267906837507913
2021-10-29,0.9938403138239212,2.13093651067099
2021-11-01,0.9955699245143278,2.134772360777319
2021-11-02,0.9965124586958503,2.1426290981696843
2021-11-03,0.99412679858842,2.1564732229850567
2021-11-04,0.9932255571535505,2.1654914697069447
2021-11-05,0.9879984054912476,2.1735748155135313
2021-11-08,0.9868790804206692,2.1755044889590582
2021-11-09,0.9716143784115202,2.167892886291947
2021-11-10,0.9585918640736477,2.150060182269535
2021-11-11,0.9618396550922554,2.151244736522538
2021-11-12,0.9645568465488417,2.166782437283077
2021-11-15,0.9639223734561628,2.1667591664289745
2021-11-16,0.9647092369479584,2.1751341886690203
2021-11-17,0.9675940899681286,2.1694753043709163
2021-11-18,0.9658339108124726,2.1768185014586705
2021-11-19,0.9631891923303186,2.173773860391826
2021-11-22,0.953263217799559,2.1668240085175903
2021-11-23,0.9530363908594461,2.1704147238986646
2021-11-24,0.9539341017887846,2.1753933310928604
2021-11-25,0.9547601716673828,2.1753933310928604
2021-11-26,0.9474624948296946,2.1259579034767953
2021-11-29,0.9395052249425364,2.1540209720100254
2021-11-30,0.9500534380876153,2.1131779118927105
2021-12-01,0.9477516482597985,2.0882103188163543
2021-12-02,0.9467515994408291,2.117851286816106
2021-12-03,0.9471498848525969,2.0999584852481474
2021-12-06,0.9406669331285784,2.1245928306565314
2021-12-07,0.9332667832316092,2.168586945163819
2021-12-08,0.9313092425043968,2.1752776546142147
2021-12-09,0.9329536451457363,2.1596568113846497
2021-12-10,0.9317216045601043,2.1802795326625133
2021-12-13,0.9336050114773867,2.160360133412038
2021-12-14,0.9363982842453058,2.1442207794041703
2021-12-15,0.9361946322383612,2.179275496976772
2021-12-16,0.9304649724218862,2.1602211860792906
2021-12-17,0.9323393411703783,2.1379975204114254
2021-12-20,0.9356458049136146,2.113649880962809
2021-12-21,0.9270552278860011,2.151226210211505
2021-12-22,0.9219461623825469,2.1731261172975365
2021-12-23,0.9218338949673613,2.1866510021435226
2021-12-24,0.9217526283807994,2.1866510021435226
2021-12-27,0.9172084697548653,2.2169119237710135
2021-12-28,0.9169595549256877,2.2146724994422393
2021-12-29,0.9176188629353423,2.21777723805463
2021-12-30,0.9347686757589704,2.2111466261497807
2021-12-31,0.9289148250933421,2.2053397572940345
2022-01-03,0.9248025640717801,2.2193967087556645
2022-01-04,0.9299365298162084,2.217999327856404
2022-01-05,0.9242756031299404,2.174986204111378
2022-01-06,0.9226316385590888,2.1728900197971766
2022-01-07,0.9181019169578594,2.1640893442646156
2022-01-10,0.911132915131811,2.1609708238842615
2022-01-11,0.9010636744745181,2.180765283500575
2022-01-12,0.9034094079093382,2.186910144567363
2022-01-13,0.9013783480550562,2.155760637802153
2022-01-14,0.8995633312510117,2.157528318991452
2022-01-17,0.9005607242927054,2.157528318991452
2022-01-18,0.9018820877062748,2.117855805428554
2022-01-19,0.9061607104535809,2.09733475293075
2022-01-20,0.9094768482606581,2.0741856754337222
2022-01-21,0.902677998650273,2.034952822861926
2022-01-24,0.9004849239713809,2.040593180848997
2022-01-25,0.9024029853969164,2.0157552719498724
2022-01-26,0.8927934349223664,2.0127384203495775
2022-01-27,0.8901901643454431,2.0019016580483613
2022-01-28,0.8572561978928499,2.050643252723177
2022-01-31,0.8525076213886547,2.089371602215257
2022-02-01,0.8421668518960025,2.1037109669548295
2022-02-02,0.8387398762874155,2.1235332160376923
2022-02-03,0.8389750066090758,2.0717379430711382
2022-02-04,0.840896834633466,2.082421750341021
2022-02-07,0.8407242137201543,2.07471322343692
2022-02-08,0.8378411930965232,2.0921433190902974
2022-02-09,0.8373064092670159,2.122515398583987
2022-02-10,0.8402681478395537,2.084064491896158
2022-02-11,0.84240035312543,2.0445309256660082
2022-02-14,0.8444047483497332,2.0366787068860903
2022-02-15,0.8394422075802568,2.068790452171907
2022-02-16,0.8424054232012468,2.0706134863636825
2022-02-17,0.843319397416935,2.026772100957106
2022-02-18,0.8430240363915494,2.012247924968448
2022-02-21,0.8438042718086404,2.012247924968448
2022-02-22,0.8485456483230889,1.9918378044062195
2022-02-23,0.8505058126314097,1.9551638420632058
2022-02-24,0.8533355965452706,1.9844069462369915
2022-02-25,0.8455730102710037,2.0288034431826922
2022-02-28,0.8519113962724243,2.0238478809119766
2022-03-01,0.8659948020690752,1.9925318632780913
2022-03-02,0.8703911014545123,2.0296780206218252
2022-03-03,0.8697912986360502,2.019012739662976
2022-03-04,0.8870524689689203,2.0029938066768223
2022-03-07,0.8984376236095837,1.9438691183904777
2022-03-08,0.9067829177674034,1.9298076483164006
2022-03-09,0.8784647819139723,1.9794003236456243
2022-03-10,0.8781131599923789,1.9709051063144862
2022-03-11,0.8818672960410244,1.9453591308449034
2022-03-14,0.8756182407825704,1.9309226159377184
2022-03-15,0.8646560955491261,1.9722609159792333
2022-03-16,0.8578994706079474,2.01640753365661
2022-03-17,0.8685453591811934,2.041305766031903
2022-03-18,0.8672685498042872,2.065112075709359
2022-03-21,0.8772467488026967,2.0642144533467457
2022-03-22,0.875525315652051,2.0875485680234815
2022-03-23,0.8804478573621066,2.061928713240389
2022-03-24,0.8791391661633691,2.0915048391515247
2022-03-25,0.8810258008804529,2.1021007594093115
2022-03-28,0.8743905444056226,2.11712017532217
2022-03-29,0.8692415630116609,2.143068759160788
2022-03-30,0.8732166369361883,2.129580926936868
2022-03-31,0.8694166268354024,2.096247574775983
2022-04-01,0.8667015706015483,2.1033962455978905
2022-04-04,0.8682614162356761,2.1204146956573386
2022-04-05,0.8700456021550971,2.0937998424133983
2022-04-06,0.8715259395637106,2.0734545639397854
2022-04-07,0.8777166183021796,2.082273765783379
2022-04-08,0.8768369145696717,2.0767536028874005
2022-04-11,0.883697915634044,2.0417036298578686
2022-04-12,0.8858911721023162,2.034726214447706
2022-04-13,0.8898645227357735,2.057463420420182
2022-04-14,0.8929652794127995,2.032477301032793
2022-04-15,0.8934203865839773,2.032477301032793
2022-04-18,0.89658968019055,2.0320609108957943
2022-04-19,0.8900931659360299,2.064690941029291
2022-04-20,0.8864176443581908,2.0634139811517453
2022-04-21,0.8872049698910647,2.032972540956993
2022-04-22,0.8832701236522601,1.9765777723805535
2022-04-25,0.8834126671426581,1.987840187974285
2022-04-26,0.8886808926792295,1.9318898249320162
2022-04-27,0.8958867207733572,1.9359430202970496
2022-04-28,0.8895807265157627,1.9838516087672453
2022-04-29,0.9000262155202334,1.9118685309708594
2022-05-02,0.9071945156256906,1.922718849109417
2022-05-03,0.9137308761556194,1.9320192831786251
2022-05-04,0.916360042741673,1.9897140565560902
2022-05-05,0.9229048518165203,1.9187813302230285
2022-05-06,0.922591370802275,1.9078937335317825
2022-05-09,0.9186634887771218,1.8467703499947818
2022-05-10,0.9235600546130536,1.851309522128499
2022-05-11,0.9257282461355806,1.8208310293116805
2022-05-12,0.9302815403922878,1.8184712969265027
2022-05-13,0.9259488048505643,1.861877652919736
2022-05-16,0.9288989651187415,1.8545299372195347
2022-05-17,0.9274472085384713,1.8919351240217976
2022-05-18,0.9294048258659601,1.8155099112939956
2022-05-19,0.9287945236237621,1.804918622613967
2022-05-20,0.9266855232115329,1.8051823966155653
2022-05-23,0.9269537189959302,1.8386776280673673
2022-05-24,0.9270493356124447,1.8237460991666046
2022-05-25,0.9277926393962377,1.8409818944847571
2022-05-26,0.9282335766333945,1.8775866090920192
2022-05-27,0.9236703468555065,1.9240423506951667
2022-05-30,0.9240679478740755,1.9240423506951667
2022-05-31,0.9240531791665403,1.911970199750918
2022-06-01,0.9248972641154182,1.8976633690209643
2022-06-02,0.9184636054159541,1.932639236806364
2022-06-03,0.9212329817070718,1.901045776368228
2022-06-06,0.9253675691396991,1.9070101188677553
2022-06-07,0.9249380196686238,1.9251713260150707
2022-06-08,0.9244214237007514,1.9043911310934263
2022-06-09,0.9266299335151849,1.8590691093532519
2022-06-10,0.9319150020863656,1.804951043658275
2022-06-13,0.939027978006888,1.7349759242680616
2022-06-14,0.9352875911962588,1.728428680762861
2022-06-15,0.9290212793035569,1.7536507846852991
2022-06-16,0.9337959415888895,1.696636175446431
2022-06-17,0.9267525335213006,1.7003702438073889
2022-06-20,0.9276074507127512,1.7003702438073889
2022-06-21,0.9253941591564334,1.7419906182309128
2022-06-22,0.92720203736684,1.7397232914702778
2022-06-23,0.9308760922101297,1.7563067121163831
2022-06-24,0.9260216215714286,1.80998522978557
2022-06-27,0.9263285046487747,1.8046040142223392
2022-06-28,0.9278262230281494,1.768253810461159
2022-06-29,0.926071539676487,1.7669952639293351
2022-06-30,0.9299590593929298,1.7515176607143423
2022-07-01,0.9230676494023702,1.7700028523741136
2022-07-04,0.9234695592708069,1.7700028523741136
2022-07-05,0.9305125965811688,1.7728067643628396
2022-07-06,0.9320729737956085,1.7791412941870939
2022-07-07,0.9211430014018671,1.8057654105865508
2022-07-08,0.9219270948145516,1.8042661349766087
2022-07-11,0.9246141234385701,1.7834675267092424
2022-07-12,0.9283517453498451,1.7669813691960607
2022-07-13,0.9279740516958813,1.7591061054926624
2022-07-14,0.9340039846764786,1.753831190287249
2022-07-15,0.9313759181043163,1.7875069403063122
2022-07-18,0.9227590235804064,1.7725569980598275
2022-07-19,0.919120139929019,1.821529719761311
2022-07-20,0.9184261025830835,1.8322691059642928
2022-07-21,0.915954137660481,1.8503377945217543
2022-07-22,0.9162395386283959,1.8330695781592938
2022-07-25,0.9143061970192923,1.8354803708651237
2022-07-26,0.916353801831893,1.814293048961997
2022-07-27,0.9108427968527912,1.8617481946731278
2022-07-28,0.9068810691023158,1.884337416087962
2022-07-29,0.902737650453858,1.911109630010372
2022-08-01,0.9043348714872909,1.9057144067485552
2022-08-02,0.9027252348138403,1.8930177835641195
2022-08-03,0.906104728020775,1.9226216989418052
2022-08-04,0.9066562131467678,1.9211271678749324
2022-08-05,0.9035862396642446,1.9180039029515088
2022-08-08,0.901040414611981,1.9156302758330561
2022-08-09,0.9007702275334355,1.9074913510933704
2022-08-10,0.8990165393813129,1.9481030582533945
2022-08-11,0.8962432629045983,1.9467287222776142
2022-08-12,0.8973090420424745,1.9804506751089486
2022-08-15,0.8991477406975315,1.9883121570443834
2022-08-16,0.9020244946655314,1.992041593827583
2022-08-17,0.9015645699623873,1.977623605231431
2022-08-18,0.8993158361659621,1.9821119429751184
2022-08-19,0.9010172289069367,1.9565426966514332
2022-08-22,0.9041457873058493,1.9146725559248967
2022-08-23,0.900070626007467,1.9103877816719503
2022-08-24,0.8997482338070245,1.9159587789579589
2022-08-25,0.9005831908847758,1.9429577142599013
2022-08-26,0.9005735038996614,1.8775032406923717
2022-08-29,0.8987314642923561,1.864987136075197
2022-08-30,0.9027494367576784,1.8444197677998102
2022-08-31,0.9073119905338931,1.8300018921689694
2022-09-01,0.9152753584671506,1.835485002442882
2022-09-02,0.9125462905658092,1.815778316873353
2022-09-05,0.9134508959882371,1.815778316873353
2022-09-06,0.91428859505359,1.8083426011957446
2022-09-07,0.9207440312503162,1.841509442487955
2022-09-08,0.9174064544968904,1.853683149246952
2022-09-09,0.9089771945249763,1.8819915784360588
2022-09-12,0.9023661042298096,1.901911090651845
2022-09-13,0.9034943307455691,1.8196788961029857
2022-09-14,0.9038923528344492,1.8258421705154952
2022-09-15,0.908417121220719,1.8051777650378071
2022-09-16,0.9087602990115744,1.7922127362740148
2022-09-19,0.9078059864161203,1.8045021195116573
2022-09-20,0.9125732341851298,1.784161585581114
2022-09-21,0.9155226443679397,1.7536229952187492
2022-09-22,0.9192793049831983,1.7388441954186977
2022-09-23,0.9322795653855345,1.7088793558718014
2022-09-26,0.9414304106284829,1.6912086441056169
2022-09-27,0.9420332453980058,1.687622673267612
2022-09-28,0.9313269188014952,1.7208218226388188
2022-09-29,0.9337121716179486,1.6844669872998803
2022-09-30,0.9331281171823942,1.6590876356642839
2022-10-03,0.9267893593462082,1.702031285742936
2022-10-04,0.9154260169564441,1.7540857011333302
2022-10-05,0.9144715731393904,1.7505460460729079
2022-10-06,0.9163543241784161,1.7326115603051249
2022-10-07,0.9165642530357386,1.6840921683973948
2022-10-10,0.9260658334943005,1.6714741690695385
2022-10-11,0.92661552162991,1.6605775351533982
2022-10-12,0.9309225030707539,1.6551129511905185
2022-10-13,0.9249690644294346,1.6980890223134786
2022-10-14,0.9315465382585323,1.6579077129890394
2022-10-17,0.9303740312175668,1.701809195941162
2022-10-18,0.9329366875228565,1.721256739086851
2022-10-19,0.9341315327087618,1.7097723466566566
2022-10-20,0.9349141596496551,1.696178101109608
2022-10-21,0.9349693891702066,1.7364196209449048
2022-10-24,0.930616844859015,1.757051718343596
2022-10-25,0.9258792447658206,1.7856330717245068
2022-10-26,0.9199748040640066,1.772441321581182
2022-10-27,0.9207397005284194,1.7616602511783759
2022-10-28,0.9177248321722962,1.8050435622481296
2022-10-31,0.9132421716014278,1.7915880381032063
2022-11-01,0.9135949714142979,1.784240322403005
2022-11-02,0.9102421897470843,1.7396307728804246
2022-11-03,0.9178438001901705,1.7212150548870273
2022-11-04,0.9067622193248155,1.7446558088175141
2022-11-07,0.8941926935010929,1.7614288982210855
2022-11-08,0.8887355974931552,1.771289188372487
2022-11-09,0.8915736227550883,1.7344855418522422
2022-11-10,0.8843934656503938,1.8306358534952947
2022-11-11,0.8817242848580807,1.8475522958787498
2022-11-14,0.8839790495048546,1.831042980476777
2022-11-15,0.8831085600266253,1.846997071374315
2022-11-16,0.8817616441369588,1.8317555656596822
2022-11-17,0.8837687137881068,1.826096681361578
2022-11-18,0.886819249835548,1.8347863119932517
2022-11-21,0.8858523623648744,1.8276605731295132
2022-11-22,0.8850571445927127,1.8524801816482273
2022-11-23,0.8902987439652429,1.8634370260752249
2022-11-24,0.8922864871444436,1.8634370260752249
2022-11-25,0.8946858194333667,1.8629095910373392
2022-11-28,0.8916770835263397,1.8341384559336509
2022-11-29,0.8929510175401792,1.8312187545009684
2022-11-30,0.8904890990844117,1.88789107884697
2022-12-01,0.888923532004239,1.8862530818349026
2022-12-02,0.8918270507174236,1.8839996498075424
2022-12-05,0.894236918511711,1.8502869601317244
2022-12-06,0.8956272872597005,1.8236443174212347
2022-12-07,0.8959282733335742,1.820248015340696
2022-12-08,0.8960373561784564,1.833939524020668
2022-12-09,0.8976357685568163,1.8204608419869532
2022-12-12,0.891290060792111,1.8464557416031535
2022-12-13,0.8902104573300598,1.8599157843605238
2022-12-14,0.8869422124973013,1.848658226275173
2022-12-15,0.88409649887301,1.8025865667300276
2022-12-16,0.8840192609469396,1.7825098068010827
2022-12-19,0.8822734164165942,1.7664538211928633
2022-12-20,0.8858619733138685,1.7682862315054666
2022-12-21,0.8863971653244804,1.794577100236951
2022-12-22,0.8855212876339257,1.768642411131608
2022-12-23,0.8830880274713492,1.7790209861306903
2022-12-26,0.8832803687525658,1.7790209861306903
2022-12-27,0.8838224801956303,1.7718166234103725
2022-12-28,0.8857773629176172,1.7505182566063588
2022-12-29,0.8879460741252516,1.781084636435273
2022-12-30,0.8843132771983462,1.7765593590348308
2023-01-02,0.8862302744041115,1.7765593590348308
2023-01-03,0.8943200040567503,1.7694521464821253
2023-01-04,0.9009473796238749,1.7827919941484032
2023-01-05,0.9020302201322425,1.7620304385031027
2023-01-06,0.9040443084505788,1.802276589916158
2023-01-09,0.9049889114010463,1.8008931037501723
2023-01-10,0.9058117501240291,1.813460155722688
2023-01-11,0.9045434656843955,1.836762075285738
2023-01-12,0.9060911800985509,1.8430362816338237
2023-01-13,0.9092557496180053,1.8504026366103692
2023-01-16,0.9093368666074177,1.8504026366103692
2023-01-17,0.9067870916994121,1.8466454103606198
2023-01-18,0.9102371698121113,1.8179068092665507
2023-01-19,0.9080793778558537,1.804021000251354
2023-01-20,0.9126993595340176,1.8381501930294817
2023-01-23,0.9030788090363193,1.8599898896046558
2023-01-24,0.9095302604254814,1.8586665009842165
2023-01-25,0.9113806240118486,1.8583287347037971
2023-01-26,0.9140029470759152,1.8787849451129857
2023-01-27,0.9127332416536252,1.8834722147696559
2023-01-30,0.917406447498301,1.8590459514644604
2023-01-31,0.917885153680469,1.8862669765681768
2023-02-01,0.9231220066882846,1.9059828123279108
2023-02-02,0.9259359071780477,1.9339995650835582
2023-02-03,0.9251561501501846,1.913973752509954
2023-02-06,0.919837047331886,1.902221067465714
2023-02-07,0.9177359662845521,1.9267074283164558
2023-02-08,0.9184342724916884,1.9053581141571012
2023-02-09,0.9201310872962589,1.8885341903635002
2023-02-10,0.9144709585127793,1.8926800172836988
2023-02-13,0.9211206931659595,1.9143485714124397
2023-02-14,0.9140121442784087,1.9138117602537263
2023-02-15,0.9142848206680685,1.9191190965034475
2023-02-16,0.9196694936403891,1.8926568593949074
2023-02-17,0.9207766952087368,1.8874191097768713
2023-02-20,0.9207362700484211,1.8874191097768713
2023-02-21,0.9256922035115032,1.8495929012598518
2023-02-22,0.9243390387289937,1.8466824629826857
2023-02-23,0.9190477481292382,1.8565242268230544
2023-02-24,0.9124215765662873,1.8369610071987206
2023-02-27,0.9120177702179568,1.84260599676355
2023-02-28,0.9108024150135697,1.8370118415887502
2023-03-01,0.9101782547663357,1.828331474112593
2023-03-02,0.910070060999048,1.8421942382043095
2023-03-03,0.8995719176135372,1.8719415065618785
2023-03-06,0.9163708273917758,1.8732278425602518
2023-03-07,0.9070345907508169,1.8445170309327323
2023-03-08,0.9077512059466415,1.847126642586234
2023-03-09,0.9072951234978501,1.8130298708524142
2023-03-10,0.9025134351482376,1.786780573355443
2023-03-13,0.8965562587478426,1.7840829617245344
2023-03-14,0.901156258341996,1.8134786820337208
2023-03-15,0.9064260600835483,1.8008189985060399
2023-03-16,0.9032691959837891,1.8324449929537947
2023-03-17,0.9107175966498178,1.8122524435808933
2023-03-20,0.9110131706969715,1.8284148425122417
2023-03-21,0.9051147657442885,1.8521516785233236
2023-03-22,0.9039313959272327,1.8216592909732305
2023-03-23,0.9115015862290755,1.8270960854695604
2023-03-24,0.9103498337213838,1.8374005552245105
2023-03-27,0.9029980031320622,1.8404266699803218
2023-03-28,0.903376641835991,1.8375301264364305
2023-03-29,0.9060658270685308,1.8636915369213058
2023-03-30,0.9042109175679469,1.8743430361121918
2023-03-31,0.9033463194883923,1.9014020689596802
2023-04-03,0.8992452524696868,1.908435063302942
2023-04-04,0.9026207764136028,1.8973719185181268
2023-04-05,0.8998467514679479,1.8926429646616323
2023-04-06,0.9083266584917203,1.8994170425116768
2023-04-07,0.9081052888421947,1.8994170425116768
2023-04-10,0.8948314179848892,1.9013094374045152
2023-04-11,0.8938200912663864,1.9012308135479359
2023-04-12,0.8999986985845035,1.8933694445778124
2023-04-13,0.9089930509936678,1.9184806165646746
2023-04-14,0.9000649020040645,1.9145105636686677
2023-04-17,0.8879126845292166,1.9208402359845413
2023-04-18,0.8840214102997453,1.9224829775396783
2023-04-19,0.8907577243456468,1.9223209852834504
2023-04-20,0.8889489704997856,1.9108782770530803
2023-04-21,0.887074772225773,1.9126041610772435
2023-04-24,0.8864124618841283,1.9142328949337946
2023-04-25,0.8850112070872165,1.8839672287632339
2023-04-26,0.889067971830115,1.8767305579639195
2023-04-27,0.8866393528958181,1.913450949049827
2023-04-28,0.884938414022398,1.9292430476911366
2023-05-01,0.8825717673332939,1.928498154429235
2023-05-02,0.8891577900205093,1.9061540677396551
2023-05-03,0.8944771710500217,1.892814220073377
2023-05-04,0.8963460329590631,1.8791505008599545
2023-05-05,0.8915018308442001,1.9138673391868255
2023-05-08,0.8884115743183157,1.9147326534704416
2023-05-09,0.8872974034281219,1.9059642860168775
2023-05-10,0.8897379414429173,1.9145105636686677
2023-05-11,0.8912704066793861,1.911262359111082
2023-05-12,0.8898566820882469,1.9082362443552705
2023-05-15,0.8870636652034829,1.9138811209547886
2023-05-16,0.8867681864578617,1.9016749931514838
2023-05-17,0.8814718641606791,1.9242874854204204
2023-05-18,0.8840033891986285,1.942462474335699
2023-05-19,0.883989249754937,1.9396539307692149
2023-05-22,0.8842892242472621,1.9399546444275684
2023-05-23,0.8821452112528628,1.918184421518768
2023-05-24,0.8785182690295407,1.904145996368171
2023-05-25,0.884127198578341,1.920821709673508
2023-05-26,0.8815457406832198,1.9458866788480988
2023-05-29,0.8812821275576869,1.9458866788480988
2023-05-30,0.8826143896364279,1.9459189869270954
2023-05-31,0.8841733384522192,1.934032099093177
2023-06-01,0.8828997155741689,1.9530909286031053
2023-06-02,0.879860583083777,1.9814779816487915
2023-06-05,0.8759213829089233,1.9775079287527846
2023-06-06,0.8776689563434744,1.9821627773651467
2023-06-07,0.8752107776809485,1.9746067536311347
2023-06-08,0.8771117290947407,1.9868268891330254
2023-06-09,0.8796419823865687,1.9891078846963126
2023-06-12,0.8858162823979748,2.007648655289183
2023-06-13,0.882428825399054,2.021566659418065
2023-06-14,0.8861493290784165,2.0232231827411655
2023-06-15,0.8832642163423376,2.0478622726926186
2023-06-16,0.8853150235258012,2.040343301580673
2023-06-19,0.8852159500871774,2.040343301580673
2023-06-20,0.8821951407032494,2.030682056307565
2023-06-21,0.8823073221376074,2.020030557116679
2023-06-22,0.8791548408345832,2.0275264833051447
2023-06-23,0.8731848709217102,2.011998045700122
2023-06-26,0.8710256562942655,2.0029705358227177
2023-06-27,0.8779667038968716,2.0259162757596263
2023-06-28,0.8748905315398244,2.025198946033652
2023-06-29,0.8758887719208984,2.034258763990053
2023-06-30,0.8775747621269931,2.0592170939108927
2023-07-03,0.8805110250109828,2.0616277736514115
2023-07-04,0.8795019157111555,2.0616277736514115
2023-07-05,0.8735419714195237,2.0575698337433086
2023-07-06,0.8667787407851577,2.041268713409835
2023-07-07,0.8668082036719565,2.0354202733195756
2023-07-10,0.8669072172568557,2.0403155121141228
2023-07-11,0.8681070426730852,2.0540717499173997
2023-07-12,0.8670443488322936,2.069294955251622
2023-07-13,0.8760352370546839,2.0868222010726116
2023-07-14,0.8762039966478851,2.0846844455238966
2023-07-17,0.8664188844096611,2.092721701483523
2023-07-18,0.8688737839506205,2.1076161777622198
2023-07-19,0.8674881904677347,2.1125857477315213
2023-07-20,0.8611800794474473,2.0983112250805642
2023-07-21,0.8596633530020179,2.0989912762538503
2023-07-24,0.8602459951602507,2.107458930049061
2023-07-25,0.86272914954957,2.1133907385389694
2023-07-26,0.8601853492209185,2.1130622354140667
2023-07-27,0.8619990324160771,2.099486516178051
2023-07-28,0.8630194905388393,2.1202249139345604
2023-07-31,0.8674394327203552,2.1233389157024676
2023-08-01,0.8647785149936502,2.117680031404363
2023-08-02,0.8560389819511169,2.088372311072584
2023-08-03,0.8604178288674391,2.083051193054899
2023-08-04,0.8609413646076509,2.0720108672629416
2023-08-07,0.8606223922492995,2.0907088855689704
2023-08-08,0.8591205438259548,2.0818896837253766
2023-08-09,0.858840051140691,2.067235823559487
2023-08-10,0.8579634975684355,2.0677541084071676
2023-08-11,0.859441104325222,2.0655422476143204
2023-08-14,0.8581456499879401,2.0774200982233446
2023-08-15,0.855963050455227,2.053424006823111
2023-08-16,0.8547779776619608,2.0379095769166744
2023-08-17,0.8574233797186902,2.0221913575888744
2023-08-18,0.8580218184223941,2.021890643930521
2023-08-21,0.8579381850412812,2.0357996108345087
2023-08-22,0.8576633892095362,2.0301452451488515
2023-08-23,0.8516660030220491,2.0525679556950105
2023-08-24,0.84966983294918,2.0249445481528814
2023-08-25,0.8530963943231405,2.0385480568554466
2023-08-28,0.8535255858646048,2.0513187852840145
2023-08-29,0.8514900828851625,2.081079948374858
2023-08-30,0.8525598474143297,2.089057106788938
2023-08-31,0.8551892601318296,2.085721015219257
2023-09-01,0.8579049222865605,2.0894734969259368
2023-09-04,0.8586285255901531,2.0894734969259368
2023-09-05,0.860270692434811,2.080709874015442
2023-09-06,0.8613090800776573,2.0662039984071945
2023-09-07,0.8587390835777235,2.0595688678898982
2023-09-08,0.8594276728918423,2.0625070956336136
2023-09-11,0.855677035254519,2.076374265372466
2023-09-12,0.8562964887632344,2.064547475084094
2023-09-13,0.8561826686826104,2.067110883925324
2023-09-14,0.8599285999766781,2.0845364609662544
2023-09-15,0.8596172309209287,2.0591893044443434
2023-09-18,0.858270233506767,2.0606745723557
2023-09-19,0.8584679069352211,2.056242039475734
2023-09-20,0.8590484652804707,2.0369240675419653
2023-09-21,0.8555847081237554,2.003516610136948
2023-09-22,0.854829942547687,1.9989173404576848
2023-09-25,0.856950728097265,2.006959115029758
2023-09-26,0.8623365175106845,1.9773875077310692
2023-09-27,0.8700695706391114,1.977840950490134
2023-09-28,0.8648870060580016,1.9894967112973843
2023-09-29,0.8628611242257217,1.9841060066480143
2023-10-02,0.8611418805335204,1.984263480291795
2023-10-03,0.8668303901727926,1.956991620798049
2023-10-04,0.8588870008620535,1.9728623432959378
2023-10-05,0.8612006276317374,1.970289671299191
2023-10-06,0.8668706256920542,1.99356843297345
2023-10-09,0.8665210517882981,2.006135597911277
2023-10-10,0.8614844501630686,2.0165835336114215
2023-10-11,0.857370033113042,2.0252407431987876
2023-10-12,0.8572726881283853,2.012590209861312
2023-10-13,0.8484754815288876,2.002489303597103
2023-10-16,0.8461019878198168,2.0237044149667796
2023-10-17,0.8471907487757034,2.023505596019108
2023-10-18,0.8491658628520091,1.9963909842385203
2023-10-19,0.8510197736408339,1.979455902578721
2023-10-20,0.8532154750531039,1.954543888435464
2023-10-23,0.8473761156550499,1.951249368100296
2023-10-24,0.8438627542444984,1.9654267405836408
2023-10-25,0.8487453826536606,1.9372432510286959
2023-10-26,0.8509201232790614,1.9143207819458894
2023-10-27,0.8482978617458805,1.9051315057428795
2023-10-30,0.8469963303630974,1.9280121776605506
2023-10-31,0.8563421903120456,1.9404959741987287
2023-11-01,0.8506839507694135,1.9608828239068548
2023-11-02,0.8441970453694105,1.997862244451291
2023-11-03,0.8448004666530929,2.0166296234583823
2023-11-06,0.8314009303905078,2.0201647599063572
2023-11-07,0.8246947600973554,2.025902268061041
2023-11-08,0.825192049132178,2.027938128899074
2023-11-09,0.8221753847764751,2.0115446029410573
2023-11-10,0.8243754443273835,2.0429577707425546
2023-11-13,0.8286914687321468,2.041250187098802
2023-11-14,0.8231904589413728,2.0801870705553145
2023-11-15,0.824351751566057,2.0835091544264097
2023-11-16,0.819584093067904,2.0859894207986134
2023-11-17,0.8144370529106659,2.088663761575419
2023-11-20,0.8107379933264306,2.1040995676252763
2023-11-21,0.8084313293780246,2.099847327381949
2023-11-22,0.8067456744436217,2.1083750787227062
2023-11-23,0.8055526141345504,2.1083750787227062
2023-11-24,0.8053971443341605,2.1096335122892187
2023-11-27,0.8047965047850157,2.1055109562231227
2023-11-28,0.8038841627060579,2.1075746065277055
2023-11-29,0.8054510547849706,2.1055803169241853
2023-11-30,0.8028041459895315,2.1135479862521267
2023-12-01,0.807566620968733,2.125962422089242
2023-12-04,0.8053683765149882,2.1144641349257727
2023-12-05,0.8057874087012622,2.113261280292359
2023-12-06,0.8117949424228748,2.105006453143406
2023-12-07,0.8130068928087312,2.121779542546977
2023-12-08,0.808452640367586,2.1304692861439625
2023-12-11,0.8071133243616532,2.138830300685422
2023-12-12,0.8116245172824778,2.1486675459133435
2023-12-13,0.8119146546880007,2.177998311168603
2023-12-14,0.8093731394089431,2.1837636087898358
2023-12-15,0.808539150579033,2.1835970979211607
2023-12-18,0.8057644327039196,2.193485177539112
2023-12-19,0.8057166596426376,2.206353056135292
2023-12-20,0.8030273658091084,2.173954378959086
2023-12-21,0.8000857277986844,2.1963493000386953
2023-12-22,0.8014338379039317,2.1999953684222464
2023-12-25,0.8012669872901125,2.1999953684222464
2023-12-26,0.797314978995149,2.2093050656469715
2023-12-27,0.801321637119458,2.2124653831924608
2023-12-28,0.8059208485642029,2.2132843816984944
2023-12-29,0.8051731429683141,2.2070285886961307
2024-01-01,0.8052741779685031,2.2070285886961307
2024-01-02,0.8053287847689277,2.194535529002436
2024-01-03,0.7956286857958978,2.176943441092831
2024-01-04,0.7951408816461096,2.1694800489139845
2024-01-05,0.7880589266244568,2.173440838654475
2024-01-08,0.7928608922082232,2.204118150418965
2024-01-09,0.7935893291109694,2.200860682705863
2024-01-10,0.790133454346527,2.2133306974760774
2024-01-11,0.7901109049123447,2.211845429564721
2024-01-12,0.7940373551611434,2.213506471500269
2024-01-15,0.7933730215173992,2.213506471500269
2024-01-16,0.782449535844606,2.2052471257388686
2024-01-17,0.7811894514109559,2.192860479368303
2024-01-18,0.7782557001671879,2.212169188146555
2024-01-19,0.7772148810631823,2.2394087395613043
2024-01-22,0.774462373393563,2.244322730597507
2024-01-23,0.7722389303232353,2.250879237258224
2024-01-24,0.7712960274073576,2.252706790062447
2024-01-25,0.7714372152673846,2.2645568512049215
2024-01-26,0.7701361522082582,2.263080846449082
2024-01-29,0.7695784581551398,2.280182438977556
2024-01-30,0.7693097931749322,2.2788128475448453
2024-01-31,0.7660862045652196,2.2421108698046597
2024-02-01,0.7693575353554747,2.2701231039478604
2024-02-02,0.7648119526456655,2.2943781118413114
2024-02-05,0.7615322371180387,2.287067448763176
2024-02-06,0.7620421710261454,2.2923515141587942
2024-02-07,0.7620224616543912,2.3112438328000473
2024-02-08,0.7651092867034202,2.3125625898427282
2024-02-09,0.7698550431242362,2.3258421140328376
2024-02-12,0.7699656887995219,2.32363499778306
2024-02-13,0.7712848011891226,2.291861018777663
2024-02-14,0.7726764463177854,2.313816504796794
2024-02-15,0.7731857004369506,2.3272858107096805
2024-02-16,0.7727670186743876,2.3161067635155974
2024-02-19,0.7729885824044529,2.3161067635155974
2024-02-20,0.7738975499274588,2.302197796611609
2024-02-21,0.7688450834389862,2.3051082348887753
2024-02-22,0.7736204240387049,2.3537987692429385
2024-02-23,0.773304221393714,2.3546177677489726
2024-02-26,0.7662922284480823,2.3457014157377665
2024-02-27,0.7687026956615993,2.3497040026433926
2024-02-28,0.7642950950551256,2.3458078290608957
2024-02-29,0.7646381137369581,2.358074280340369
2024-03-01,0.7661613167610497,2.376957335826106
2024-03-04,0.7657384960511683,2.374121002793072
2024-03-05,0.7647486404725236,2.3499213479020975
2024-03-06,0.7675731857874454,2.3620025360712407
2024-03-07,0.769907091099911,2.3863409123643406
2024-03-08,0.7672634843363318,2.3707616403692886
2024-03-11,0.7681729945050234,2.368101081360446
2024-03-12,0.7727985825238767,2.3946280475922905
2024-03-13,0.7786729181490105,2.390019514757511
2024-03-14,0.7779164048737084,2.3831575498953708
2024-03-15,0.7786390968897297,2.3677077361469276
2024-03-18,0.7804277806070586,2.38266705451424
2024-03-19,0.780764487022488,2.39612709727161
2024-03-20,0.7809337431215808,2.417462629663001
2024-03-21,0.7832966468220114,2.4252868330457473
2024-03-22,0.781552906988107,2.421886125318073
2024-03-25,0.7837188547625623,2.4144873492972194
2024-03-26,0.7839654664438788,2.407727279145761
2024-03-27,0.783065217994365,2.4285074740674055
2024-03-28,0.7864449732337038,2.431218867466278
2024-03-29,0.7866299973529751,2.431218867466278
2024-04-01,0.7876008728193018,2.426323402741108
2024-04-02,0.789333207696805,2.4087591042980523
2024-04-03,0.7937223814351144,2.411387355227898
2024-04-04,0.7963570879213535,2.381644492517465
2024-04-05,0.7963725114696311,2.408078827194144
2024-04-08,0.7970211918536563,2.407176686219084
2024-04-09,0.7941170608128805,2.41065624373396
2024-04-10,0.7959412065863685,2.3878587142853154
2024-04-11,0.7941109585231577,2.4056358393746287
2024-04-12,0.7939405239662485,2.3706321821226792
2024-04-15,0.7973594064492987,2.342133971210795
2024-04-16,0.7938451350975906,2.337317356272827
2024-04-17,0.7903584247913543,2.3238062531948045
2024-04-18,0.7924255150802993,2.318674916899897
2024-04-19,0.7947418873857723,2.2983666910483502
2024-04-22,0.7942918268695982,2.3184343007870893
2024-04-23,0.7988129225087753,2.3461733848078636
2024-04-24,0.7956273395862782,2.346673143344511
2024-04-25,0.7990076163155183,2.3359337571415293
2024-04-26,0.8009163396099854,2.3597816380534984
2024-04-29,0.7951661678079786,2.367282082854411
2024-04-30,0.7873694372764621,2.3300435198861345
2024-05-01,0.776710614189321,2.3220387979361274
2024-05-02,0.7749856770406678,2.3432353829947705
2024-05-03,0.7757934323107724,2.372658779805195
2024-05-06,0.779015736646225,2.397159148354523
2024-05-07,0.7816116067657096,2.400379563445559
2024-05-08,0.7808933917310614,2.400365555746973
2024-05-09,0.7832150285685259,2.412585691248864
2024-05-10,0.78806870635321,2.4165650073003873
2024-05-13,0.789271310603981,2.4159818803640913
2024-05-14,0.7901124605287861,2.427669949250338
2024-05-15,0.7928102930587845,2.4561123552985014
2024-05-16,0.7926513705325694,2.450999545314627
2024-05-17,0.8014941141694941,2.453854404658694
2024-05-20,0.8080533356577496,2.456103092142985
2024-05-21,0.8050942728204799,2.4622479532097725
2024-05-22,0.807906027429644,2.4555848072953044
2024-05-23,0.8048644604519078,2.4374606527700555
2024-05-24,0.802454212554148,2.454525418607086
2024-05-27,0.8028073587679647,2.454525418607086
2024-05-28,0.8023743900073325,2.4551361090793096
2024-05-29,0.7945206202053784,2.4370490071761264
2024-05-30,0.7975234836950449,2.4224875526347796
2024-05-31,0.7971108641062902,2.441934982815157
2024-06-03,0.8038538198511063,2.444660383912615
2024-06-04,0.7987313629133359,2.4483342417627156
2024-06-05,0.8006241232900987,2.4773412484361415
2024-06-06,0.8018515803550762,2.4768462344425637
2024-06-07,0.7973034694843408,2.474084006653662
2024-06-10,0.797910434446583,2.480469257902635
2024-06-11,0.8045883407063134,2.4871922754320273
2024-06-12,0.8044708599271337,2.508342544713088
2024-06-13,0.7973753664824738,2.5142237447435885
2024-06-14,0.7948956063232254,2.5132334908258103
2024-06-17,0.7903542309783979,2.5324958838264795
2024-06-18,0.7937797047165651,2.538881135075452
2024-06-19,0.7937574838317275,2.538881135075452
2024-06-20,0.7931306387283397,2.53246809435993
2024-06-21,0.7892460893985974,2.528512049162509
2024-06-24,0.7914884764663052,2.5207617250932723
2024-06-25,0.7885974627796268,2.530677368247151
2024-06-26,0.7870650608536128,2.534656684298674
2024-06-27,0.789255220768936,2.536956432103617
2024-06-28,0.7873154599755472,2.526596383415568
2024-07-01,0.7868780960064201,2.533356453567026
2024-07-02,0.7865751868268369,2.549051402040724
2024-07-03,0.7886734909385041,2.562011912192069
2024-07-04,0.7884995685868851,2.562011912192069
2024-07-05,0.7896823277785998,2.5759717134860862
2024-07-08,0.785556901118339,2.5785907012604157
2024-07-09,0.7830457793596738,2.580501622464287
2024-07-10,0.7872413617184932,2.6068435515164237
2024-07-11,0.7890370597041827,2.5839997062901965
2024-07-12,0.7879945650861924,2.5982557026301203
2024-07-15,0.787186238975105,2.6055988997178745
2024-07-16,0.787364590982898,2.6222470494872843
2024-07-17,0.7902642741541288,2.5857255903143597
2024-07-18,0.7883337350979975,2.5655145146304252
2024-07-19,0.7794588647867738,2.5471960597699512
2024-07-22,0.778750956560837,2.574685490453024
2024-07-23,0.7832160130459397,2.570673866322504
2024-07-24,0.7762631706816732,2.5111650959781575
2024-07-25,0.7727245064397821,2.498251127535017
2024-07-26,0.7735709462360217,2.5259579034767947
2024-07-29,0.7765010661134829,2.528012290625861
2024-07-30,0.7772861131343266,2.515472915154584
2024-07-31,0.7736499548514721,2.5552007817199582
2024-08-01,0.7798853678580233,2.5202111321665948
2024-08-02,0.7824774533629633,2.4738849617753678
2024-08-05,0.7883721034427277,2.399745602119234
2024-08-06,0.7852952638784658,2.4245927741738753
2024-08-07,0.7811789669751326,2.40583940286537
2024-08-08,0.7779444461251028,2.4612762256030276
2024-08-09,0.7759318508607045,2.4727745127664966
2024-08-12,0.771269737232964,2.4728809260896254
2024-08-13,0.7741417741444637,2.5145429847129734
2024-08-14,0.7758858555888444,2.5241579142084984
2024-08-15,0.7696393753341773,2.5648807792347204
2024-08-16,0.7748635081166128,2.569984326063078
2024-08-19,0.782382669840918,2.594970445450467
2024-08-20,0.7841808499591622,2.589820582844527
2024-08-21,0.7896474558780556,2.6008005851603158
2024-08-22,0.7834125677088664,2.5775681392636396
2024-08-23,0.7832558381424167,2.6071673100982555
2024-08-26,0.7792992465189632,2.5989450169589214
2024-08-27,0.7818902998987466,2.60309084387912
2024-08-28,0.7823796630818244,2.58753484273817
2024-08-29,0.7786747672105452,2.5874329480274882
2024-08-30,0.7803047390395136,2.6135480427347813
2024-09-02,0.7792557866539063,2.6135480427347813
2024-09-03,0.7874863939450912,2.5582686936409043
2024-09-04,0.7905937080076796,2.554168956567666
2024-09-05,0.7912057034892047,2.5464604296635653
2024-09-06,0.7954802725318944,2.502507886390791
2024-09-09,0.791433660400757,2.531487103597667
2024-09-10,0.797796168539601,2.5428096167369447
2024-09-11,0.7925907282372828,2.569928747129979
2024-09-12,0.7876779430175275,2.5891911401306484
2024-09-13,0.7895870142062353,2.6031927385898017
2024-09-16,0.7868006874911899,2.606463988070867
2024-09-17,0.7844145375699565,2.6071535283302922
2024-09-18,0.7828050130614103,2.5996020232087274
2024-09-19,0.7802061573447143,2.6437350850487626
2024-09-20,0.7822489223396172,2.638603522823233
2024-09-23,0.785558265557932,2.64601608061205
2024-09-24,0.7847328249774294,2.6526607002154847
2024-09-25,0.7881681527714102,2.6477234383251798
2024-09-26,0.7913075634467759,2.6584167346812015
2024-09-27,0.7929220958858446,2.6550851617239672
2024-09-30,0.7914625235423068,2.666333569619113
2024-10-01,0.7891719581158985,2.6414723898658856
2024-10-02,0.7872286964546784,2.641837945612855
2024-10-03,0.7809437284885239,2.63739592364675
2024-10-04,0.7760906599675684,2.661054022835941
2024-10-07,0.7704981146935179,2.6355450999884247
2024-10-08,0.7671937735533763,2.661081812302491
2024-10-09,0.7644357839680765,2.6800111835658105
2024-10-10,0.7653268432798908,2.674463231203282
2024-10-11,0.7653669122831287,2.6906486750581102
2024-10-14,0.7594180824699166,2.7113872987452416
2024-10-15,0.7582344133793901,2.690755088381239
2024-10-16,0.7578194631264128,2.7033455241731685
2024-10-17,0.7583184460595999,2.7028828182585873
2024-10-18,0.7619900396401776,2.7136174599185
2024-10-21,0.7594508788492814,2.7086711608033007
2024-10-22,0.7581967017438657,2.7073849377702386
2024-10-23,0.7580791772182581,2.682500487162909
2024-10-24,0.7598994425585294,2.6882565216286256
2024-10-25,0.7585240217306616,2.6874515308211775
2024-10-28,0.7488977371936871,2.6945771567196046
2024-10-29,0.7511264741806649,2.698926547130544
2024-10-30,0.7488049109510607,2.6900194582748544
2024-10-31,0.7435814480045434,2.6399455507200167
2024-11-01,0.7434652561182695,2.650749553080992
2024-11-04,0.7412215439085968,2.6432954240576616
2024-11-05,0.7371471546262731,2.675717146157348
2024-11-06,0.7405243764280245,2.7434018938634464
2024-11-07,0.7371687530376672,2.7637887435715722
2024-11-08,0.7346701837216085,2.7741718371831015
2024-11-11,0.7361458371463117,2.776860185658493
2024-11-12,0.7398168429434031,2.7688276742419364
2024-11-13,0.741786115599576,2.7694706727931564
2024-11-14,0.7397486672893506,2.752716109700618
2024-11-15,0.7430558932722536,2.7163706504825074
2024-11-18,0.7391505528542632,2.7270128865178767
2024-11-19,0.7382425725475007,2.737821633421921
2024-11-20,0.7404217810736401,2.7378817309674672
2024-11-21,0.7406893773855292,2.7525032830543603
2024-11-22,0.7386295210587126,2.7620488518488227
2024-11-25,0.7443504725837823,2.770391566009872
2024-11-26,0.7471396532139898,2.7862437621967278
2024-11-27,0.744011161483711,2.7756525864820105
2024-11-28,0.7429027307238893,2.7756525864820105
2024-11-29,0.7434834659234247,2.7912178507784766
2024-12-02,0.7428200262355709,2.7980520261740667
2024-12-03,0.7383377983367153,2.799315204283649
2024-12-04,0.7381835825832413,2.816255030486518
2024-12-05,0.7386765328489896,2.81098926547131
2024-12-06,0.7395059751684534,2.8180039594341615
2024-12-09,0.7363012322907108,2.8006895402594294
2024-12-10,0.7356494180457481,2.792388623263516
2024-12-11,0.7375176243351077,2.8151906713246073
2024-12-12,0.7377963747232442,2.799949165609975
2024-12-13,0.7323888915080671,2.7998750603658427
2024-12-16,0.7318402482942633,2.810512777788765
2024-12-17,0.7343430368984509,2.7996529705640687
2024-12-18,0.7319502112388814,2.7170832356654127
2024-12-19,0.7388787479238529,2.71473265347044
2024-12-20,0.7395499361896267,2.7442394186805132
2024-12-23,0.7394125714450327,2.764237441787568
2024-12-24,0.7394385004784658,2.794762250381969
2024-12-25,0.7393127983338278,2.794762250381969
2024-12-26,0.730907846540939,2.793628530518996
2024-12-27,0.7276206480714821,2.7627429107206956
2024-12-30,0.7426432355004575,2.733176047965076
2024-12-31,0.7342248445407042,2.721464934155349
2025-01-02,0.7351468771483954,2.7154127046437266
2025-01-03,0.72349592908198,2.749616115631298
2025-01-06,0.7314956812205554,2.764843613647345
2025-01-07,0.7232734309679038,2.7341430310287524
2025-01-08,0.7307535979887044,2.7384092789706656
2025-01-09,0.7329522617979712,2.7384092789706656
2025-01-10,0.7452195127747312,2.696205890576157
2025-01-13,0.7475024512006716,2.700453612207037
2025-01-14,0.7460613989783402,2.703549087663911
2025-01-15,0.7462865627827743,2.753058620524108
2025-01-16,0.7454274951050852,2.747242262582223
2025-01-17,0.7409477499679568,2.774690122030783
2025-01-20,0.7415849850540589,2.774690122030783
2025-01-21,0.7373310208879681,2.7990192351683665
2025-01-22,0.7389323571036367,2.81619945155342
2025-01-23,0.7384314752631729,2.8311632885331792
2025-01-24,0.7405755409402841,2.8230799427265927
2025-01-27,0.7268682102684889,2.7819174167092693
2025-01-28,0.7197148627639153,2.8075607682770864
2025-01-29,0.723029115115725,2.7944244841015498
2025-01-30,0.7082888721325042,2.809166231279535
2025-01-31,0.7083857843387567,2.79498885879619
2025-02-03,0.7106862623152931,2.7737229130364844
2025-02-04,0.7070741825751905,2.7937627333086743
2025-02-05,0.7115164195323253,2.804682638078917
2025-02-06,0.716168857493841,2.8149037394342185
2025-02-07,0.7168523514637861,2.788261322654351
2025-02-10,0.7189297298576569,2.8069776413407905
2025-02-11,0.7212126998348085,2.8079308426365026
2025-02-12,0.7244308410209453,2.800282413277948
2025-02-13,0.7251896026521994,2.829478975743529
2025-02-14,0.7229693162245655,2.829275412252788
2025-02-17,0.7240936063572809,2.829275412252788
2025-02-18,0.7263167284173172,2.836192956048027
2025-02-19,0.72582696212432,2.8429344998884525
2025-02-20,0.7235161318057156,2.8306126956065025
2025-02-21,0.7264082330292185,2.7823107619227883
2025-02-24,0.7243821443509106,2.768485163418449
2025-02-25,0.7273333854850511,2.7555293978101734
2025-02-26,0.7312739697448849,2.7559042167126586
2025-02-27,0.7294471501716713,2.7121830263971747
2025-02-28,0.7273807438537089,2.7551823683742374
2025-03-03,0.7344293477509235,2.7067001420538843
2025-03-04,0.731728823156797,2.6735841351517036
2025-03-05,0.7393318509055878,2.70341940348668
2025-03-06,0.7405944162858203,2.6552471539801967
2025-03-07,0.7375238820689186,2.669905758689156
2025-03-10,0.7388573048958466,2.597890146883151
2025-03-11,0.73904272803998,2.5782296641258937
2025-03-12,0.7372074676686818,2.5908291371427175
2025-03-13,0.7410517553578742,2.5548399705160594
2025-03-14,0.738072329418671,2.609170862857294
2025-03-17,0.7375046356792394,2.6259116441818686
2025-03-18,0.7427852404225751,2.597936462660734
2025-03-19,0.743301995458051,2.6259902680384477
2025-03-20,0.7391910887058764,2.620252759883764
2025-03-21,0.7379550912691801,2.622413560355959
2025-03-24,0.7346782181747562,2.6686886704265342
2025-03-25,0.7364321984688962,2.672890076279832
2025-03-26,0.7357325501476096,2.643068815643442
2025-03-27,0.7339180129834134,2.6343282376564274
2025-03-28,0.7384192465777397,2.5823339198115796
2025-03-31,0.7389629157938946,2.596636231929086
2025-04-01,0.7343997875397147,2.6064547249153525
2025-04-02,0.7365584352851601,2.6239914598224807
2025-04-03,0.736424759227535,2.497001731193399
2025-04-04,0.7448284124128977,2.3478068632074858
2025-04-07,0.7484369521720436,2.3423330160890896
2025-04-08,0.7485906083719405,2.3055571590353945
2025-04-09,0.7398417929977669,2.5249398600924677
2025-04-10,0.7406771267089701,2.4375578029376683
2025-04-11,0.7404192084805302,2.4816583307680853
2025-04-14,0.7370680651704633,2.5013743924584415
2025-04-15,0.7369721366072208,2.497052565583429
2025-04-16,0.7390676116275643,2.4410976839287133
2025-04-17,0.7355556246171921,2.4443366253307826
2025-04-21,0.7428694868644071,2.386729738965413
2025-04-22,0.740408874854359,2.4466777184396165
2025-04-23,0.736227247732559,2.4874421547003513
2025-04-24,0.7352737380577159,2.537835528155198
2025-04-25,0.7335471318137494,2.55654732822919
2025-04-28,0.7349689976740983,2.558185325241258
2025-04-29,0.7376468796249995,2.573028967129925
2025-04-30,0.7392804310883646,2.5768370277697037
2025-05-01,0.7343794827656149,2.5930687874021143
2025-05-02,0.7339015113013745,2.6312558071230336
2025-05-05,0.7391235661648421,2.614464191408429
2025-05-06,0.7394379629252513,2.594350491822729
2025-05-07,0.7405244106809562,2.605626463253802
2025-05-08,0.7339566749666833,2.620738510721826
2025-05-09,0.7331014433015425,2.6188739052955374
2025-05-12,0.7290737741316168,2.704141251825102
2025-05-13,0.7266964308376098,2.723741411106191
2025-05-14,0.7266413710443811,2.726531654292265
2025-05-15,0.7308353043538701,2.737798588498443
2025-05-16,0.7286324420382312,2.7569776130994637
2025-05-19,0.7301778982593451,2.7593930373830515
2025-05-20,0.7312583346703253,2.7486859592590664
2025-05-21,0.7344994199288981,2.7043355521603263
2025-05-22,0.7340383085215798,2.7031324715962906
2025-05-23,0.7341311940036775,2.684999053915525
2025-05-26,0.7357342995353185,2.684999053915525
2025-05-27,0.734841246000822,2.7399315995040885
2025-05-28,0.7321052393491168,2.7246668229353532
2025-05-29,0.7304912037285416,2.7355959908611127
2025-05-30,0.7310258002224761,2.7353739010593388
2025-06-02,0.7325819278297675,2.746594519487935
2025-06-03,0.7312140225242949,2.7625255654619925
2025-06-04,0.7323103797467835,2.7627291289527336
2025-06-05,0.7317836401519072,2.748149148100354
2025-06-06,0.7300235738616232,2.776401998356362
2025-06-09,0.7301088019575913,2.778956144042075
2025-06-10,0.7294752160941458,2.7941931311442607
2025-06-11,0.7281783313048197,2.786526175474673
2025-06-12,0.729362865130867,2.7971774487349363
2025-06-13,0.7289122653551019,2.7655794696843534
2025-06-16,0.7269233671929787,2.7915556170588984
2025-06-17,0.728938244240751,2.768240028693196
2025-06-18,0.7294033844439441,2.767383977565096
2025-06-19,0.7283990894305531,2.767383977565096
2025-06-20,0.728056895106386,2.7613547929769533
2025-06-23,0.7199933068823864,2.7878817592087977
2025-06-24,0.7201585888484129,2.8188878000288127
2025-06-25,0.7205665518049897,2.8188785368732963
2025-06-26,0.7229746743941929,2.8414862845991635
2025-06-27,0.7107766460387049,2.8563159187892446
2025-06-30,0.7103039063800766,2.871067155053369
2025-07-01,0.7104001223650322,2.867855777187227
2025-07-02,0.7118170605516415,2.8814640304328614
2025-07-03,0.7111927251755507,2.905492429912091
2025-07-04,0.7094862089061568,2.905492429912091
2025-07-07,0.7091857309288574,2.882648584685864
2025-07-08,0.717261706410401,2.880584934381281
2025-07-09,0.7178557450101879,2.8980473381136553
2025-07-10,0.7161886568813222,2.9060059702167025
2025-07-11,0.7155341305375387,2.896423348800174
2025-07-14,0.7121427934583281,2.9004998150193098
2025-07-15,0.7098323780862142,2.889024572779321
2025-07-16,0.7073502609904685,2.8982511275350196
2025-07-17,0.708235260148382,2.913825654987002
2025-07-18,0.7105562391490852,2.9135619939507147
2025-07-21,0.7108044498884086,2.917638460169851
2025-07-22,0.7146526182128236,2.9194985469836925
2025-07-23,0.7208180175030183,2.9423053395878536
2025-07-24,0.7207027032975011,2.94435972673692
2025-07-25,0.7191685204430889,2.9560615773911305
2025-07-28,0.720036852701884,2.956584380851258
2025-07-29,0.7152732964792069,2.947834539708727
2025-07-30,0.71559603466022,2.9441514187031097
2025-07-31,0.6965430232131652,2.9332733110980023
2025-08-01,0.6906140422973072,2.886364013770479
2025-08-04,0.6941991404943786,2.92890064983296
2025-08-05,0.692547258220177,2.914672442959586
2025-08-06,0.6905907076506662,2.935896817484778
2025-08-07,0.691038875212348,2.933555498445322
2025-08-08,0.6940086904294264,2.9564363962936153
2025-08-11,0.6933841578120583,2.949033101660315
2025-08-12,0.6939797758289029,2.9824911675247394
2025-08-13,0.6955142289180589,2.9921248492619203
2025-08-14,0.694683807814853,2.99303173478005
2025-08-15,0.6904914468967832,2.984360517494098
2025-08-18,0.6907424818557898,2.984059803835745
2025-08-19,0.6935290099230568,2.9665788737923378
2025-08-20,0.6923220166324382,2.9593651349511925
2025-08-21,0.6907462328794682,2.94751529973934
2025-08-22,0.6948717770229452,2.9922775783626316
2025-08-25,0.6941216022200318,2.979511368546511
2025-08-26,0.6926087900099697,2.9918286542160146
2025-08-27,0.6879504659126535,2.998982069580992
2025-08-28,0.6840073749721883,3.0084490145188756
2025-08-29,0.6818303406812937,2.9892004032861696
2025-09-01,0.6819911012719362,2.9892004032861696
2025-09-02,0.6823373963947164,2.9685083213072434
2025-09-03,0.6806114066602884,2.9836479323111944
2025-09-04,0.6804829908969958,3.0085509092295575
2025-09-05,0.6821907708059779,2.9990283853585753
2025-09-08,0.681859731035253,3.005344275906485
2025-09-09,0.6815950208777022,3.013423103100624
2025-09-10,0.6843849975834436,3.0224135603559623
2025-09-11,0.6885903872852588,3.048061430536227
2025-09-12,0.6886477800819406,3.046589944392834
2025-09-15,0.6872554350763161,3.060929083201785
2025-09-16,0.6840255729611626,3.056986819772327
2025-09-17,0.6843744079238737,3.0540210284926843
2025-09-18,0.6894675764533321,3.0686470991920243
2025-09-19,0.6913913282412651,3.0836387256383335
2025-09-22,0.6939392018530703,3.097237715728452
2025-09-23,0.693312905282383,3.0801962207455236
2025-09-24,0.6909544403008842,3.0714280792225814
2025-09-25,0.6865404743557143,3.056043107562754
2025-09-26,0.6927629033582642,3.0740793750759074
2025-09-29,0.6831097182076901,3.082181247193527
2025-09-30,0.6841444733634944,3.094789983365867
2025-10-01,0.6883840009228542,3.105312024310144
2025-10-02,0.6903679276704638,3.1072322086695325
2025-10-03,0.690939515483902,3.1074357721602737
2025-10-06,0.6900688907074519,3.1187673225244454
2025-10-07,0.6913550362818643,3.106880434690527
2025-10-08,0.6951739625078525,3.1249862888353652
2025-10-09,0.6915808327820631,3.1163751690949595
2025-10-10,0.6897975086088401,3.031885023906293
2025-10-13,0.69400545944647,3.0791784032918184
2025-10-14,0.6980014256499518,3.074361562423228
2025-10-15,0.6996805799198116,3.0867389456382774
2025-10-16,0.7049984103667019,3.067309815838311
2025-10-17,0.6998260004813,3.0834767333821063
2025-10-20,0.7036229237033015,3.116384432250476
2025-10-21,0.6936577310138756,3.1164863269611573
2025-10-22,0.691310771794469,3.0998519589597113
2025-10-23,0.6862923923698766,3.1179160159394144
2025-10-24,0.6877448790515923,3.142555105890868
2025-10-27,0.6844089524354101,3.1811772679904413
2025-10-28,0.6862681031342963,3.1884556229895797
2025-10-29,0.6867538544735667,3.1883166756568317
2025-10-30,0.6842155336967798,3.1567369969866594
2025-10-31,0.6892228096443771,3.165001087291129
2025-11-03,0.6936216222864784,3.170447144942976
2025-11-04,0.6929535267516758,3.1332361455106263
2025-11-05,0.6909461065552583,3.144683598284066
2025-11-06,0.6914675681035299,3.109531730543852
2025-11-07,0.6891381690744103,3.113455467662276
2025-11-10,0.6946435268567781,3.1614058532976075
2025-11-11,0.701952126950409,3.167966878570772
2025-11-12,0.7037555864945632,3.169961168174292
2025-11-13,0.701573166321865,3.117476580878936
2025-11-14,0.6952149867174819,3.1159124631803783
2025-11-17,0.688764225790569,3.087363643809087
2025-11-18,0.6872480430666535,3.061873021341981
2025-11-19,0.6918339572524738,3.073366789893003
2025-11-20,0.6906538555377079,3.0255228175808004
2025-11-21,0.6940850501322599,3.0552426353677538
2025-11-24,0.6924308056313132,3.1024987362005905
2025-11-25,0.6949269188863739,3.13061263912385
2025-11-26,0.6962312450113735,3.152234877475008
2025-11-27,0.6957658919793354,3.152234877475008
2025-11-28,0.701132754349214,3.1691143802017088
2025-12-01,0.7004057480185764,3.152244140630525
2025-12-02,0.7002460733488688,3.1599899460873146
2025-12-03,0.7020436975367068,3.169406056635168
2025-12-04,0.7008396041439633,3.172830035216945
2025-12-05,0.702018254637746,3.1789746703531105
2025-12-08,0.6944441537729193,3.1679205627931895
2025-12-09,0.6936322859985011,3.165144327305702
2025-12-10,0.6949292397175018,3.1865076491636426
2025-12-11,0.6983183957745208,3.1931335165254224
2025-12-12,0.6941988651281683,3.159083060569185
2025-12-15,0.6992696868514809,3.1540393853557513
2025-12-16,0.7007675076553292,3.1465204142438052
2025-12-17,0.7015973572446159,3.110045496779086
2025-12-18,0.7028670477028174,3.1347214134219827
2025-12-19,0.7034583579678807,3.1623635732057673
2025-12-22,0.7015598879357773,3.182718114834897
2025-12-23,0.7025899758000534,3.197200719589042
2025-12-24,0.7023063075205613,3.2075004448009223
2025-12-26,0.7092835645116158,3.20652419858173
2025-12-29,0.7022722082218052,3.1953268510072363
2025-12-30,0.7037082825088721,3.1909311448187143
2025-12-31,0.7030576855882524,3.1674533382661614
2026-01-02,0.7039779366486749,3.1734547333877545
2026-01-05,0.7084671939392393,3.1936192673634842
2026-01-06,0.7127991941167067,3.2134092083673504
2026-01-07,0.710650723669596,3.2023553267380516
2026-01-08,0.7074801675347657,3.2026004614633057
2026-01-09,0.7092305482575384,3.223338859219815
2026-01-12,0.7042958428838565,3.2284241056677616
2026-01-13,0.7039631799069674,3.2221637940529506
2026-01-14,0.7142681834722779,3.204978833124828
2026-01-15,0.7103677721558511,3.213247442041745
2026-01-16,0.7092839473771877,3.2111835658065395
2026-01-19,0.7075361321536263,3.2111835658065395
2026-01-20,0.6804289594883953,3.144947259320354
2026-01-21,0.681226875459301,3.1813900946366993
2026-01-22,0.6861890506137096,3.198847979756626
2026-01-23,0.6916140732266997,3.199893586676881
2026-01-26,0.6997258897880062,3.2159125196630343
2026-01-27,0.7019885479266824,3.2290395406830545
2026-01-28,0.7075915219464456,3.228775653716145
2026-01-29,0.7039190103579427,3.224602037329397
2026-01-30,0.6919345118120439,3.2107301230474747
2026-02-02,0.6836947884936152,3.22804002360976
2026-02-03,0.6878136293070165,3.200911630061209
2026-02-04,0.6884508880782165,3.184675351816351
2026-02-05,0.6843790977872629,3.145659844503259
2026-02-06,0.6866520716440149,3.2076161212795684
2026-02-09,0.6905864486937748,3.222663326658976
2026-02-10,0.6888456480284895,3.2120165720111595
2026-02-11,0.689903517051286,3.2118593242980014
2026-02-12,0.6865932691690134,3.1615583564676975
2026-02-13,0.6878583697976153,3.163136255934219
2026-02-16,0.6879822860183796,3.163136255934219
2026-02-17,0.6864328091789939,3.1663984681903905
2026-02-18,0.6916159303435676,3.184022864178992
2026-02-19,0.6916177327923986,3.1750371514667233
2026-02-20,0.6930540775116192,3.197071035411811
2026-02-23,0.6938166784298163,3.163867367428157
2026-02-24,0.6933728214583768,3.188076059544026
2026-02-25,0.6943816850077827,3.214015380227127
2026-02-26,0.6943082574860112,3.196770321753458
2026-02-27,0.6967699274759436,3.1828984074715363
2026-03-02,0.6993472291542688,3.184166330124188
2026-03-03,0.6978234196766131,3.1540949642888516
2026-03-04,0.6988871855934097,3.178558280216113
2026-03-05,0.7004989053064279,3.160609899715056
2026-03-06,0.7068742379873831,3.1186471274333543
2026-03-09,0.709637510490298,3.1445448768819424
2026-03-10,0.7043008384607671,3.1378308965774444
2026-03-11,0.7049896136090966,3.135202645647599
2026-03-12,0.7100875652786899,3.0874607939767005
2026-03-13,0.7113370893773298,3.0687535125151553
2026-03-16,0.7085628270847101,3.0998426958041967
2026-03-17,0.7098403639410771,3.1075744935624
2026-03-18,0.7089269553684069,3.0652879626988647
2026-03-19,0.7096341953633873,3.0568621060687895
2026-03-20,0.7126297781262072,3.010586770067592
2026-03-23,0.7052863420087034,3.0450676238594134
2026-03-24,0.7080945265273029,3.033671231406626
2026-03-25,0.7033834146505596,3.050111073142225
2026-03-26,0.7110821682555264,2.9970203139870923
2026-03-27,0.7132913506521443,2.9469046092671194
2026-03-30,0.7142447291937367,2.935276863857041
2026-03-31,0.711905982861411,3.020784826499413
2026-04-01,0.7029250057226993,3.042439372929568
2026-04-02,0.7085047702980612,3.045849569743382
2026-04-03,0.7088235885674966,3.045849569743382
2026-04-06,0.7092783486395258,3.059332883354855
2026-04-07,0.7090042735639156,3.061655676083278
2026-04-08,0.6972230520344666,3.1384463315927373
2026-04-09,0.6981661674956572,3.1578106193040885
2026-04-10,0.6976920465193294,3.1542153853105668
2026-04-13,0.7000168297048208,3.186304085672903
2026-04-14,0.6978072357119883,3.22384788091198
2026-04-15,0.6978001497573056,3.2495605931808598
2026-04-16,0.6998647128605201,3.258041802813412
2026-04-17,0.6953204939110932,3.297270136772762
2026-04-20,0.6969111095618288,3.289441188846946
2026-04-21,0.6975812445892302,3.26855909921462
2026-04-22,0.6994254220465189,3.302748502503605
2026-04-23,0.7011899679967538,3.2890986780234575
2026-04-24,0.7012182106773424,3.3153249305969483
2026-04-27,0.7023352261177374,3.3194106599716005
2026-04-28,0.7028521781727455,3.3031648926406034
2026-04-29,0.7053815879239087,3.3018463615285447
2026-04-30,0.7035080421285583,3.3356514568289057
2026-05-01,0.7004434639046478,3.3454193413557647
2026-05-04,0.70151116641808,3.3318296144211628
2026-05-05,0.7009826107364386,3.358884128656204
2026-05-06,0.6988210739261097,3.4078846398242373
2026-05-07,0.6978307661335114,3.394924129672892
2026-05-08,0.6997613077256916,3.423528753907905
2026-05-11,0.7007110983636645,3.4299648395469076
2026-05-12,0.703738383476723,3.4244679475050313
2026-05-13,0.7042181726159827,3.4444985046217043
2026-05-14,0.7038794744823332,3.47086822314039
2026-05-15,0.7034648769524097,3.4279567681754233
2026-05-18,0.7059024712728551,3.425434930568706
2026-05-19,0.7041743229945173,3.4025587772634824
2026-05-20,0.6996166573161998,3.439279281314701
2026-05-21,0.6978899133595057,3.445178781725612
2026-05-22,0.6991976988064773,3.4580188708552426
2026-05-25,0.6990940639790345,3.4580188708552426
2026-05-26,0.6973251683895485,3.479141350669754
2026-05-27,0.6931344794260164,3.4797149885199112
2026-05-28,0.6940593040196502,3.4997362824810683
2026-05-29,0.6921112774323148,3.5073386219926626
2026-06-01,0.6960973490548501,3.5165464245067053
2026-06-02,0.6980782194311135,3.521090115252869
2026-06-03,0.699129090318254,3.4951324941893573
2026-06-04,0.695669350133338,3.5093051221296325
2026-06-05,0.6905130242641679,3.416500278177089
2026-06-08,0.6927969162213777,3.4266750637548076
2026-06-09,0.6929533615496974,3.4178465987556974
2026-06-10,0.6943311318459262,3.3624793626497245
2026-06-11,0.6969176822240659,3.4213862538161197
2026-06-12,0.6961705533013253,3.4385804778997593
2026-06-15,0.6963790803399935,3.495414681536677
2026-06-16,0.6956220229869553,3.4755461166762314
2026-06-17,0.6948212903663532,3.4333242019706893
2026-06-18,0.6979091882751969,3.4705627649389656
2026-06-19,0.6983434238308819,3.4705627649389656
2026-06-22,0.6993918931994266,3.457704149498302
2026-06-23,0.6973609447963351,3.4080418875373932
2026-06-24,0.7032752060836527,3.4046920141997483
2026-06-25,0.7012884094189145,3.4043542479193287
2026-06-26,0.7028623829898534,3.4027485589862576
2026-06-29,0.7028761603091047,3.442731049363025
2026-06-30,0.7054699196625619,3.4699981643137017
2026-07-01,0.7055754310774586,3.462534772134855
2026-07-02,0.7046746182866894,3.4625395166779245
2026-07-03,0.7045748596937155,3.4625395166779245
2026-07-06,0.7038654538434338,3.4876135230774095
2026-07-07,0.7001846217253799,3.4720758223168704
2026-07-08,0.6962024161066039,3.4622941560220477
2026-07-09,0.6976108939106308,3.490486908732509
2026-07-10,0.6996400988155826,3.5051778215204648
2026-07-13,0.6966912449488571,3.4773921957914857
2026-07-14,0.6943247613618396,3.490463637878407
2026-07-15,0.6929572278496978,3.5037942223891685
2026-07-16,0.6974577592435899,3.485919947132243
2026-07-17,0.692325594772373,3.450717245001999
2026-07-20,0.6958768135063595,3.4440495804750837
2026-07-21,0.6951181412815083,3.4745513441460045
2026-07-22,0.6945590954017667,3.4698131271339934
2026-07-23,0.6995116660745928,3.427864136620255
2026-07-24,0.698619226404767,3.4295669757209386
2026-07-27,0.6945595675374072,3.4301223131906853
2026-07-28,0.6970165307224921,3.4373403447136552
2026-07-29,0.6933772119069873,3.385225831777715
2026-07-30,0.6896435688253434,3.4414353372438238
2026-07-31,0.6890275161827031,3.4655378419671856
2026-08-03,0.6869990473037657,3.516796303775026
2026-08-04,0.6916891641302109,3.5797335713135965
2026-08-05,0.6897905723109352,3.5737321761920033
2026-08-06,0.6894172598740063,3.567444075110643
2026-08-07,0.6858083833207336,3.5895059744529028
2026-08-10,0.6799598668074799,3.5874097901387008
2026-08-11,0.6803750333291021,3.5758839394393043
2026-08-12,0.6782483994950009,3.5852767791330553
2026-08-13,0.6815471010189226,3.6086389092069626
2026-08-14,0.6816747984288035,3.6025170930636548
2026-08-17,0.6834695359737426,3.58368509789857
2026-08-18,0.6754760104546014,3.5590227370930143
2026-08-19,0.6725671377330403,3.5665279264369967
2026-08-20,0.6762677456208582,3.5356099985597
2026-08-21,0.6779947440534572,3.5509764439084943
2026-08-24,0.6772265405679386,3.541023522201927
2026-08-25,0.6797048125847168,3.5523227644871023
2026-08-26,0.6734982237369889,3.551591878923787
2026-08-27,0.6681771596567345,3.5771749070154355
2026-08-28,0.6691595931252905,3.56827685538464
2026-08-31,0.6661084593318224,3.5564225015603403
2026-09-01,0.6628510169851299,3.5311264053590814
2026-09-02,0.6627676627191692,3.547381209914972
2026-09-03,0.6598347575392429,3.5849112233860856
2026-09-04,0.6603355789265437,3.571441917473199
2026-09-07,0.6601053724255109,3.571441917473199
2026-09-08,0.6652036919795621,3.5505830986949753
2026-09-09,0.6675718157930944,3.5333888746113358
2026-09-10,0.6689256627387714,3.512724582098959
2026-09-11,0.6665756578381994,3.5429299247933517
2026-09-14,0.6673834916693184,3.5258098059538443
2026-09-15,0.6711881086538389,3.5099621283794353
2026-09-16,0.6663865209552782,3.494267179905738
2026-09-17,0.6645313343969343,3.534036617705626
2026-09-18,0.6632181006237914,3.5399315995040905
2026-09-21,0.6592390191033917,3.5927727053215217
2026-09-22,0.6592425274766611,3.592744915854972
2026-09-23,0.6595294714849735,3.5656255595313153
2026-09-24,0.6636598191780507,3.5647464634797354
2026-09-25,0.6612066723587194,3.582921678325637
2026-09-28,0.6622530808686591,3.5552887816973686
2026-09-29,0.65875316885351,3.549342965508875
2026-09-30,0.6603247190139482,3.540412831729705
2026-10-01,0.6589608135119982,3.547311849213911
2026-10-02,0.6589147944447276,3.5747086483418187
