Date,gross_return,transaction_cost,net_return,equity,drawdown,turnover
2016-10-03,0.0,0.0,0.0,1.0,0.0,0.0
2016-10-04,0.0,0.0,0.0,1.0,0.0,0.0
2016-10-05,0.0,0.0,0.0,1.0,0.0,0.0
2016-10-06,0.0,0.0,0.0,1.0,0.0,0.0
2016-10-07,0.0,0.0,0.0,1.0,0.0,0.0
2016-10-10,0.0,0.0,0.0,1.0,0.0,0.0
2016-10-11,0.0,0.0,0.0,1.0,0.0,0.0
2016-10-12,0.0,0.0,0.0,1.0,0.0,0.0
2016-10-13,0.0,0.0,0.0,1.0,0.0,0.0
2016-10-14,0.0,0.0,0.0,1.0,0.0,0.0
2016-10-17,0.0,0.0,0.0,1.0,0.0,0.0
2016-10-18,0.0,0.0,0.0,1.0,0.0,0.0
2016-10-19,0.0,0.0,0.0,1.0,0.0,0.0
2016-10-20,0.0,0.0,0.0,1.0,0.0,0.0
2016-10-21,0.0,0.0,0.0,1.0,0.0,0.0
2016-10-24,0.0,0.0,0.0,1.0,0.0,0.0
2016-10-25,0.0,0.0,0.0,1.0,0.0,0.0
2016-10-26,0.0,0.0,0.0,1.0,0.0,0.0
2016-10-27,0.0,0.0,0.0,1.0,0.0,0.0
2016-10-28,0.0,0.0,0.0,1.0,0.0,0.0
2016-10-31,0.0,0.0,0.0,1.0,0.0,0.0
2016-11-01,0.0,0.0,0.0,1.0,0.0,0.0
2016-11-02,0.0,0.0,0.0,1.0,0.0,0.0
2016-11-03,0.0,0.0,0.0,1.0,0.0,0.0
2016-11-04,0.0,0.0,0.0,1.0,0.0,0.0
2016-11-07,0.0,0.0,0.0,1.0,0.0,0.0
2016-11-08,0.0,0.0,0.0,1.0,0.0,0.0
2016-11-09,0.0,0.0,0.0,1.0,0.0,0.0
2016-11-10,0.0,0.0,0.0,1.0,0.0,0.0
2016-11-11,0.0,0.0,0.0,1.0,0.0,0.0
2016-11-14,0.0,0.0,0.0,1.0,0.0,0.0
2016-11-15,0.0,0.0,0.0,1.0,0.0,0.0
2016-11-16,0.0,0.0,0.0,1.0,0.0,0.0
2016-11-17,0.0,0.0,0.0,1.0,0.0,0.0
2016-11-18,0.0,0.0,0.0,1.0,0.0,0.0
2016-11-21,0.0,0.0,0.0,1.0,0.0,0.0
2016-11-22,0.0,0.0,0.0,1.0,0.0,0.0
2016-11-23,0.0,0.0,0.0,1.0,0.0,0.0
2016-11-24,0.0,0.0,0.0,1.0,0.0,0.0
2016-11-25,0.0,0.0,0.0,1.0,0.0,0.0
2016-11-28,0.0,0.0,0.0,1.0,0.0,0.0
2016-11-29,0.0,0.0,0.0,1.0,0.0,0.0
2016-11-30,0.0,0.0,0.0,1.0,0.0,0.0
2016-12-01,0.0,0.0,0.0,1.0,0.0,0.0
2016-12-02,0.0,0.0,0.0,1.0,0.0,0.0
2016-12-05,0.0,0.0,0.0,1.0,0.0,0.0
2016-12-06,0.0,0.0,0.0,1.0,0.0,0.0
2016-12-07,0.0,0.0,0.0,1.0,0.0,0.0
2016-12-08,0.0,0.0,0.0,1.0,0.0,0.0
2016-12-09,0.0,0.0,0.0,1.0,0.0,0.0
2016-12-12,0.0,0.0,0.0,1.0,0.0,0.0
2016-12-13,0.0,0.0,0.0,1.0,0.0,0.0
2016-12-14,0.0,0.0,0.0,1.0,0.0,0.0
2016-12-15,0.0,0.0,0.0,1.0,0.0,0.0
2016-12-16,0.0,0.0,0.0,1.0,0.0,0.0
2016-12-19,0.0,0.0,0.0,1.0,0.0,0.0
2016-12-20,0.0,0.0,0.0,1.0,0.0,0.0
2016-12-21,0.0,0.0,0.0,1.0,0.0,0.0
2016-12-22,0.0,0.0,0.0,1.0,0.0,0.0
2016-12-23,0.0,0.0,0.0,1.0,0.0,0.0
2016-12-26,0.0,0.0,0.0,1.0,0.0,0.0
2016-12-27,0.0,0.0,0.0,1.0,0.0,0.0
2016-12-28,0.0,0.0,0.0,1.0,0.0,0.0
2016-12-29,0.0,0.0,0.0,1.0,0.0,0.0
2016-12-30,0.0,0.0,0.0,1.0,0.0,0.0
2017-01-02,0.0,0.0,0.0,1.0,0.0,0.0
2017-01-03,0.0,0.0,0.0,1.0,0.0,0.0
2017-01-04,0.0,0.0,0.0,1.0,0.0,0.0
2017-01-05,0.0,0.0,0.0,1.0,0.0,0.0
2017-01-06,0.0,0.0,0.0,1.0,0.0,0.0
2017-01-09,0.0,0.0,0.0,1.0,0.0,0.0
2017-01-10,0.0,0.0,0.0,1.0,0.0,0.0
2017-01-11,0.0,0.0,0.0,1.0,0.0,0.0
2017-01-12,0.0,0.0,0.0,1.0,0.0,0.0
2017-01-13,0.0,0.0,0.0,1.0,0.0,0.0
2017-01-16,0.0,0.0,0.0,1.0,0.0,0.0
2017-01-17,0.0,0.0,0.0,1.0,0.0,0.0
2017-01-18,0.0,0.0,0.0,1.0,0.0,0.0
2017-01-19,0.0,0.0,0.0,1.0,0.0,0.0
2017-01-20,0.0,0.0,0.0,1.0,0.0,0.0
2017-01-23,0.0,0.0,0.0,1.0,0.0,0.0
2017-01-24,0.0,0.0,0.0,1.0,0.0,0.0
2017-01-25,0.0,0.0,0.0,1.0,0.0,0.0
2017-01-26,0.0,0.0,0.0,1.0,0.0,0.0
2017-01-27,0.0,0.0,0.0,1.0,0.0,0.0
2017-01-30,0.0,0.0,0.0,1.0,0.0,0.0
2017-01-31,0.0,0.0,0.0,1.0,0.0,0.0
2017-02-01,0.0,0.0,0.0,1.0,0.0,0.0
2017-02-02,0.0,0.0,0.0,1.0,0.0,0.0
2017-02-03,0.0,0.0,0.0,1.0,0.0,0.0
2017-02-06,0.0,0.0,0.0,1.0,0.0,0.0
2017-02-07,0.0,0.0,0.0,1.0,0.0,0.0
2017-02-08,0.0,0.0,0.0,1.0,0.0,0.0
2017-02-09,0.0,0.0,0.0,1.0,0.0,0.0
2017-02-10,0.0,0.0,0.0,1.0,0.0,0.0
2017-02-13,0.0,0.0,0.0,1.0,0.0,0.0
2017-02-14,0.0,0.0,0.0,1.0,0.0,0.0
2017-02-15,0.0,0.0,0.0,1.0,0.0,0.0
2017-02-16,0.0,0.0,0.0,1.0,0.0,0.0
2017-02-17,0.0,0.0,0.0,1.0,0.0,0.0
2017-02-20,0.0,0.0,0.0,1.0,0.0,0.0
2017-02-21,0.0,0.0,0.0,1.0,0.0,0.0
2017-02-22,0.0,0.0,0.0,1.0,0.0,0.0
2017-02-23,0.0,0.0,0.0,1.0,0.0,0.0
2017-02-24,0.0,0.0,0.0,1.0,0.0,0.0
2017-02-27,0.0,0.0,0.0,1.0,0.0,0.0
2017-02-28,0.0,0.0,0.0,1.0,0.0,0.0
2017-03-01,0.0,0.0,0.0,1.0,0.0,0.0
2017-03-02,0.0,0.0,0.0,1.0,0.0,0.0
2017-03-03,0.0,0.0,0.0,1.0,0.0,0.0
2017-03-06,0.0,0.0,0.0,1.0,0.0,0.0
2017-03-07,0.0,0.0,0.0,1.0,0.0,0.0
2017-03-08,0.0,0.0,0.0,1.0,0.0,0.0
2017-03-09,0.0,0.0,0.0,1.0,0.0,0.0
2017-03-10,0.0,0.0,0.0,1.0,0.0,0.0
2017-03-13,0.0,0.0,0.0,1.0,0.0,0.0
2017-03-14,0.0,0.0,0.0,1.0,0.0,0.0
2017-03-15,0.0,0.0,0.0,1.0,0.0,0.0
2017-03-16,0.0,0.0,0.0,1.0,0.0,0.0
2017-03-17,0.0,0.0,0.0,1.0,0.0,0.0
2017-03-20,0.0,0.0,0.0,1.0,0.0,0.0
2017-03-21,0.0,0.0,0.0,1.0,0.0,0.0
2017-03-22,0.0,0.0,0.0,1.0,0.0,0.0
2017-03-23,0.0,0.0,0.0,1.0,0.0,0.0
2017-03-24,0.0,0.0,0.0,1.0,0.0,0.0
2017-03-27,0.0,0.0,0.0,1.0,0.0,0.0
2017-03-28,0.0,0.0,0.0,1.0,0.0,0.0
2017-03-29,0.0,0.0,0.0,1.0,0.0,0.0
2017-03-30,0.0,0.0,0.0,1.0,0.0,0.0
2017-03-31,0.0,0.0,0.0,1.0,0.0,0.0
2017-04-03,0.0,0.0,0.0,1.0,0.0,0.0
2017-04-04,0.0,0.0,0.0,1.0,0.0,0.0
2017-04-05,0.0,0.0,0.0,1.0,0.0,0.0
2017-04-06,0.0,0.0,0.0,1.0,0.0,0.0
2017-04-07,0.0,0.0,0.0,1.0,0.0,0.0
2017-04-10,0.0,0.0,0.0,1.0,0.0,0.0
2017-04-11,0.0,0.0,0.0,1.0,0.0,0.0
2017-04-12,0.0,0.0,0.0,1.0,0.0,0.0
2017-04-13,0.0,0.0,0.0,1.0,0.0,0.0
2017-04-14,0.0,0.0,0.0,1.0,0.0,0.0
2017-04-17,0.0,0.0,0.0,1.0,0.0,0.0
2017-04-18,0.0,0.0,0.0,1.0,0.0,0.0
2017-04-19,0.0,0.0,0.0,1.0,0.0,0.0
2017-04-20,0.0,0.0,0.0,1.0,0.0,0.0
2017-04-21,0.0,0.0,0.0,1.0,0.0,0.0
2017-04-24,0.0,0.0,0.0,1.0,0.0,0.0
2017-04-25,0.0,0.0,0.0,1.0,0.0,0.0
2017-04-26,0.0,0.0,0.0,1.0,0.0,0.0
2017-04-27,0.0,0.0,0.0,1.0,0.0,0.0
2017-04-28,0.0,0.0,0.0,1.0,0.0,0.0
2017-05-01,0.0,0.0,0.0,1.0,0.0,0.0
2017-05-02,0.0,0.0,0.0,1.0,0.0,0.0
2017-05-03,0.0,0.0,0.0,1.0,0.0,0.0
2017-05-04,0.0,0.0,0.0,1.0,0.0,0.0
2017-05-05,0.0,0.0,0.0,1.0,0.0,0.0
2017-05-08,0.0,0.0,0.0,1.0,0.0,0.0
2017-05-09,0.0,0.0,0.0,1.0,0.0,0.0
2017-05-10,0.0,0.0,0.0,1.0,0.0,0.0
2017-05-11,0.0,0.0,0.0,1.0,0.0,0.0
2017-05-12,0.0,0.0,0.0,1.0,0.0,0.0
2017-05-15,0.0,0.0,0.0,1.0,0.0,0.0
2017-05-16,0.0,0.0,0.0,1.0,0.0,0.0
2017-05-17,0.0,0.0,0.0,1.0,0.0,0.0
2017-05-18,0.0,0.0,0.0,1.0,0.0,0.0
2017-05-19,0.0,0.0,0.0,1.0,0.0,0.0
2017-05-22,0.0,0.0,0.0,1.0,0.0,0.0
2017-05-23,0.0,0.0,0.0,1.0,0.0,0.0
2017-05-24,0.0,0.0,0.0,1.0,0.0,0.0
2017-05-25,0.0,0.0,0.0,1.0,0.0,0.0
2017-05-26,0.0,0.0,0.0,1.0,0.0,0.0
2017-05-29,0.0,0.0,0.0,1.0,0.0,0.0
2017-05-30,0.0,0.0,0.0,1.0,0.0,0.0
2017-05-31,0.0,0.0,0.0,1.0,0.0,0.0
2017-06-01,0.0,0.0,0.0,1.0,0.0,0.0
2017-06-02,0.0,0.0,0.0,1.0,0.0,0.0
2017-06-05,0.0,0.0,0.0,1.0,0.0,0.0
2017-06-06,0.0,0.0,0.0,1.0,0.0,0.0
2017-06-07,0.0,0.0,0.0,1.0,0.0,0.0
2017-06-08,0.0,0.0,0.0,1.0,0.0,0.0
2017-06-09,0.0,0.0,0.0,1.0,0.0,0.0
2017-06-12,0.0,0.0,0.0,1.0,0.0,0.0
2017-06-13,0.0,0.0,0.0,1.0,0.0,0.0
2017-06-14,0.0,0.0,0.0,1.0,0.0,0.0
2017-06-15,0.0,0.0,0.0,1.0,0.0,0.0
2017-06-16,0.0,0.0,0.0,1.0,0.0,0.0
2017-06-19,0.0,0.0,0.0,1.0,0.0,0.0
2017-06-20,0.0,0.0,0.0,1.0,0.0,0.0
2017-06-21,0.0,0.0,0.0,1.0,0.0,0.0
2017-06-22,0.0,0.0,0.0,1.0,0.0,0.0
2017-06-23,0.0,0.0,0.0,1.0,0.0,0.0
2017-06-26,0.0,0.0,0.0,1.0,0.0,0.0
2017-06-27,0.0,0.0,0.0,1.0,0.0,0.0
2017-06-28,0.0,0.0,0.0,1.0,0.0,0.0
2017-06-29,0.0,0.0,0.0,1.0,0.0,0.0
2017-06-30,0.0,0.0,0.0,1.0,0.0,0.0
2017-07-03,0.0,0.0,0.0,1.0,0.0,0.0
2017-07-04,0.0,0.0,0.0,1.0,0.0,0.0
2017-07-05,0.0,0.0,0.0,1.0,0.0,0.0
2017-07-06,0.0,0.0,0.0,1.0,0.0,0.0
2017-07-07,0.0,0.0,0.0,1.0,0.0,0.0
2017-07-10,0.0,0.0,0.0,1.0,0.0,0.0
2017-07-11,0.0,0.0,0.0,1.0,0.0,0.0
2017-07-12,0.0,0.0,0.0,1.0,0.0,0.0
2017-07-13,0.0,0.0,0.0,1.0,0.0,0.0
2017-07-14,0.0,0.0,0.0,1.0,0.0,0.0
2017-07-17,0.0,0.0,0.0,1.0,0.0,0.0
2017-07-18,0.0,0.0,0.0,1.0,0.0,0.0
2017-07-19,0.0,0.0,0.0,1.0,0.0,0.0
2017-07-20,0.0,0.0,0.0,1.0,0.0,0.0
2017-07-21,0.0,0.0,0.0,1.0,0.0,0.0
2017-07-24,0.0,0.0,0.0,1.0,0.0,0.0
2017-07-25,0.0,0.0,0.0,1.0,0.0,0.0
2017-07-26,0.0,0.0,0.0,1.0,0.0,0.0
2017-07-27,0.0,0.0,0.0,1.0,0.0,0.0
2017-07-28,0.0,0.0,0.0,1.0,0.0,0.0
2017-07-31,0.0,0.0,0.0,1.0,0.0,0.0
2017-08-01,0.0,0.0,0.0,1.0,0.0,0.0
2017-08-02,0.0,0.0,0.0,1.0,0.0,0.0
2017-08-03,0.0,0.0,0.0,1.0,0.0,0.0
2017-08-04,0.0,0.0,0.0,1.0,0.0,0.0
2017-08-07,0.0,0.0,0.0,1.0,0.0,0.0
2017-08-08,0.0,0.0,0.0,1.0,0.0,0.0
2017-08-09,0.0,0.0,0.0,1.0,0.0,0.0
2017-08-10,0.0,0.0,0.0,1.0,0.0,0.0
2017-08-11,0.0,0.0,0.0,1.0,0.0,0.0
2017-08-14,0.0,0.0,0.0,1.0,0.0,0.0
2017-08-15,0.0,0.0,0.0,1.0,0.0,0.0
2017-08-16,0.0,0.0,0.0,1.0,0.0,0.0
2017-08-17,0.0,0.0,0.0,1.0,0.0,0.0
2017-08-18,0.0,0.0,0.0,1.0,0.0,0.0
2017-08-21,0.0,0.0,0.0,1.0,0.0,0.0
2017-08-22,0.0,0.0,0.0,1.0,0.0,0.0
2017-08-23,0.0,0.0,0.0,1.0,0.0,0.0
2017-08-24,0.0,0.0,0.0,1.0,0.0,0.0
2017-08-25,0.0,0.0,0.0,1.0,0.0,0.0
2017-08-28,0.0,0.0,0.0,1.0,0.0,0.0
2017-08-29,0.0,0.0,0.0,1.0,0.0,0.0
2017-08-30,0.0,0.0,0.0,1.0,0.0,0.0
2017-08-31,0.0,0.0,0.0,1.0,0.0,0.0
2017-09-01,0.0,0.0,0.0,1.0,0.0,0.0
2017-09-04,0.0,0.0,0.0,1.0,0.0,0.0
2017-09-05,0.0,0.0,0.0,1.0,0.0,0.0
2017-09-06,0.0,0.0,0.0,1.0,0.0,0.0
2017-09-07,0.0,0.0,0.0,1.0,0.0,0.0
2017-09-08,0.0,0.0,0.0,1.0,0.0,0.0
2017-09-11,0.0,0.0,0.0,1.0,0.0,0.0
2017-09-12,0.0,0.0,0.0,1.0,0.0,0.0
2017-09-13,0.0,0.0,0.0,1.0,0.0,0.0
2017-09-14,0.0,0.0,0.0,1.0,0.0,0.0
2017-09-15,0.0,0.0,0.0,1.0,0.0,0.0
2017-09-18,0.0,0.0,0.0,1.0,0.0,0.0
2017-09-19,0.0,0.0,0.0,1.0,0.0,0.0
2017-09-20,0.0,0.0,0.0,1.0,0.0,0.0
2017-09-21,0.0,0.0,0.0,1.0,0.0,0.0
2017-09-22,0.0,0.0,0.0,1.0,0.0,0.0
2017-09-25,0.0,0.0,0.0,1.0,0.0,0.0
2017-09-26,0.0,0.0,0.0,1.0,0.0,0.0
2017-09-27,0.0,0.0,0.0,1.0,0.0,0.0
2017-09-28,0.0,0.0,0.0,1.0,0.0,0.0
2017-09-29,0.0,0.0,0.0,1.0,0.0,0.0
2017-10-02,0.0,0.0,0.0,1.0,0.0,0.0
2017-10-03,0.0,0.0,0.0,1.0,0.0,0.0
2017-10-04,0.0,0.0,0.0,1.0,0.0,0.0
2017-10-05,0.0,0.0,0.0,1.0,0.0,0.0
2017-10-06,0.0,0.0,0.0,1.0,0.0,0.0
2017-10-09,0.0,0.0,0.0,1.0,0.0,0.0
2017-10-10,0.0,0.0,0.0,1.0,0.0,0.0
2017-10-11,0.0,0.0,0.0,1.0,0.0,0.0
2017-10-12,0.0,0.0,0.0,1.0,0.0,0.0
2017-10-13,0.0,0.0,0.0,1.0,0.0,0.0
2017-10-16,0.0,0.0,0.0,1.0,0.0,0.0
2017-10-17,0.0,0.0,0.0,1.0,0.0,0.0
2017-10-18,0.0,0.0,0.0,1.0,0.0,0.0
2017-10-19,0.0,0.0,0.0,1.0,0.0,0.0
2017-10-20,0.0,0.0,0.0,1.0,0.0,0.0
2017-10-23,0.0,0.0,0.0,1.0,0.0,0.0
2017-10-24,0.0,0.0,0.0,1.0,0.0,0.0
2017-10-25,0.0,0.0,0.0,1.0,0.0,0.0
2017-10-26,0.0,0.0,0.0,1.0,0.0,0.0
2017-10-27,0.0,0.0,0.0,1.0,0.0,0.0
2017-10-30,0.0,0.0,0.0,1.0,0.0,0.0
2017-10-31,0.0,0.0,0.0,1.0,0.0,0.0
2017-11-01,0.0,0.0,0.0,1.0,0.0,0.0
2017-11-02,0.0,0.0,0.0,1.0,0.0,0.0
2017-11-03,0.0,0.0,0.0,1.0,0.0,0.0
2017-11-06,0.0,0.0,0.0,1.0,0.0,0.0
2017-11-07,0.0,0.0,0.0,1.0,0.0,0.0
2017-11-08,0.0,0.0,0.0,1.0,0.0,0.0
2017-11-09,0.0,0.0,0.0,1.0,0.0,0.0
2017-11-10,0.0,0.0,0.0,1.0,0.0,0.0
2017-11-13,0.0,0.0,0.0,1.0,0.0,0.0
2017-11-14,0.0,0.0,0.0,1.0,0.0,0.0
2017-11-15,0.0,0.0,0.0,1.0,0.0,0.0
2017-11-16,0.0,0.0,0.0,1.0,0.0,0.0
2017-11-17,0.0,0.0,0.0,1.0,0.0,0.0
2017-11-20,0.0,0.0,0.0,1.0,0.0,0.0
2017-11-21,0.0,0.0,0.0,1.0,0.0,0.0
2017-11-22,0.0,0.0,0.0,1.0,0.0,0.0
2017-11-23,0.0,0.0,0.0,1.0,0.0,0.0
2017-11-24,0.0,0.0,0.0,1.0,0.0,0.0
2017-11-27,0.0,0.0,0.0,1.0,0.0,0.0
2017-11-28,0.0,0.0,0.0,1.0,0.0,0.0
2017-11-29,0.0,0.0,0.0,1.0,0.0,0.0
2017-11-30,0.0,0.0,0.0,1.0,0.0,0.0
2017-12-01,0.0,0.0,0.0,1.0,0.0,0.0
2017-12-04,0.0,0.0,0.0,1.0,0.0,0.0
2017-12-05,0.0,0.0,0.0,1.0,0.0,0.0
2017-12-06,0.0,0.0,0.0,1.0,0.0,0.0
2017-12-07,0.0,0.0,0.0,1.0,0.0,0.0
2017-12-08,0.0,0.0,0.0,1.0,0.0,0.0
2017-12-11,0.0,0.0,0.0,1.0,0.0,0.0
2017-12-12,0.0,0.0,0.0,1.0,0.0,0.0
2017-12-13,0.0,0.0,0.0,1.0,0.0,0.0
2017-12-14,0.0,0.0,0.0,1.0,0.0,0.0
2017-12-15,0.0,0.0,0.0,1.0,0.0,0.0
2017-12-18,0.0,0.0,0.0,1.0,0.0,0.0
2017-12-19,0.0,0.0,0.0,1.0,0.0,0.0
2017-12-20,0.0,0.0,0.0,1.0,0.0,0.0
2017-12-21,0.0,0.0,0.0,1.0,0.0,0.0
2017-12-22,0.0,0.0,0.0,1.0,0.0,0.0
2017-12-25,0.0,0.0,0.0,1.0,0.0,0.0
2017-12-26,0.0,0.0,0.0,1.0,0.0,0.0
2017-12-27,0.0,0.0,0.0,1.0,0.0,0.0
2017-12-28,0.0,0.0,0.0,1.0,0.0,0.0
2017-12-29,0.0,0.0,0.0,1.0,0.0,0.0
2018-01-01,0.0,0.0,0.0,1.0,0.0,0.0
2018-01-02,0.0,0.0,0.0,1.0,0.0,0.0
2018-01-03,0.0,0.0,0.0,1.0,0.0,0.0
2018-01-04,0.0,0.0,0.0,1.0,0.0,0.0
2018-01-05,0.0,0.0,0.0,1.0,0.0,0.0
2018-01-08,0.0,0.0,0.0,1.0,0.0,0.0
2018-01-09,0.0,0.0,0.0,1.0,0.0,0.0
2018-01-10,0.0,0.0,0.0,1.0,0.0,0.0
2018-01-11,0.0,0.0,0.0,1.0,0.0,0.0
2018-01-12,0.0,0.0,0.0,1.0,0.0,0.0
2018-01-15,0.0,0.0,0.0,1.0,0.0,0.0
2018-01-16,0.0,0.0,0.0,1.0,0.0,0.0
2018-01-17,0.0,0.0,0.0,1.0,0.0,0.0
2018-01-18,-0.0013431216452318316,0.00015,-0.0014931216452318315,0.9985068783547681,-0.001493121645231854,0.3
2018-01-19,0.001256933508623451,2.051849101454676e-05,0.0012364150176089044,0.9997414472543519,-0.0002585527456481218,0.04103698202909352
2018-01-22,0.0004005507878839007,8.86341655393301e-06,0.0003916873713299677,1.0001330333538365,0.0,0.01772683310786602
2018-01-23,0.000558991044179521,6.8643711047508685e-06,0.0005521266730747702,1.0006852334781744,0.0,0.013728742209501738
2018-01-24,0.0013504274651497683,6.54534602528134e-06,0.001343882119124487,1.0020300364703176,0.0,0.01309069205056268
2018-01-25,0.0029382940227823773,8.70354184268414e-06,0.002929590480939693,1.0049655741267767,0.0,0.01740708368536828
2018-01-26,-0.0008697313940911728,6.138529256078287e-06,-0.000875869923347251,1.0040853550063997,-0.0008758699233472056,0.012277058512156575
2018-01-29,0.000785391563871797,0.00015350402182326412,0.0006318875420485328,1.0047198240333817,-0.00024453583259165246,0.30700804364652823
2018-01-30,-0.004952037611773631,5.4897623471352045e-06,-0.004957527374120766,0.9997388980024143,-0.00520085091362843,0.01097952469427041
2018-01-31,0.0015384887393089862,0.00021473689811770075,0.0013237518411912854,1.0010623042093556,-0.0038839837084098106,0.4294737962354015
2018-02-01,0.00018071576748333813,7.735330390940043e-06,0.0001729804370923981,1.0012354684042946,-0.0037116751245168667,0.015470660781880086
2018-02-02,-0.0037854719373376436,0.00016632517293035988,-0.003951797110268004,0.9972787889735566,-0.00764880444775351,0.3326503458607198
2018-02-05,-0.004897214536578478,0.00018797241839619582,-0.005085186954974674,0.9922074398853954,-0.012695095802129241,0.37594483679239166
2018-02-06,-0.0009519031219796057,0.00030578445396009225,-0.001257687575939698,0.9909595529154966,-0.013936816913803218,0.6115689079201845
2018-02-07,-0.010119999905002362,0.0003481996555655533,-0.010468199560567916,0.9805859905591261,-0.02425912309367828,0.6963993111311065
2018-02-08,0.003141733338531535,0.0003485495284562965,0.0027931838100752385,0.9833249474723424,-0.021533699473474943,0.697099056912593
2018-02-09,0.0007456950480334091,0.00021352533549953595,0.0005321697125338731,0.9838482432269661,-0.02101298934359974,0.4270506709990719
2018-02-12,-0.004651910506416397,0.000287854002432316,-0.004939764508848713,0.9789882645929804,-0.02584895463346415,0.575708004864632
2018-02-13,-0.0037122097733789075,0.00016117107843579802,-0.0038733808518147056,0.9751962701947546,-0.029622212639362155,0.32234215687159606
2018-02-14,0.004968760187486516,9.031483327304219e-05,0.004878445354213474,0.9799537119085325,-0.02488827763078072,0.1806296665460844
2018-02-15,0.0010398881029009964,7.72562257790161e-05,0.0009626318771219803,0.9808970465897198,-0.023949604003072666,0.1545124515580322
2018-02-16,-0.00034387024370382093,0.00016611637000664442,-0.0005099866137104653,0.9803968022265308,-0.024447376639338048,0.33223274001328884
2018-02-19,9.106939728527943e-05,8.497001160501249e-05,6.099385680266936e-06,0.9804027820447473,-0.024441426367636687,0.169940023210025
2018-02-20,-0.006205772321602221,1.0376750917480949e-05,-0.006216149072519702,0.9743084522004442,-0.030505643890310186,0.0207535018349619
2018-02-21,-0.0021859439015308323,7.375783448891667e-05,-0.002259701736019749,0.9721068056995881,-0.03269641196987261,0.14751566897783333
2018-02-22,0.0025536260780529368,1.553084433072288e-05,0.002538095233722214,0.974574105349803,-0.030241303343531034,0.031061688661445763
2018-02-23,0.00214845189738822,0.00017255635748082126,0.001975895539907399,0.9764997619778729,-0.028325161460021064,0.34511271496164253
2018-02-26,-0.00011830465098538082,0.00020737843184327493,-0.0003256830828286557,0.9761817325250105,-0.028641619516943884,0.4147568636865499
2018-02-27,-0.0026819172298490853,0.00014341340929266018,-0.0028253306391417456,0.9734236963667372,-0.031386028110909625,0.28682681858532033
2018-02-28,-0.003436361121240387,0.00011561421028665679,-0.0035519753315270434,0.9699661194101187,-0.03482652104483208,0.23122842057331358
2018-03-01,-0.0014576607110426934,0.00025594135015157053,-0.001713602061194264,0.9683039834686088,-0.03648044430777986,0.5118827003031411
2018-03-02,0.0049169488273865984,0.00017260723868851315,0.004744341588698085,0.9728979483278809,-0.03190917840818541,0.3452144773770263
2018-03-05,-0.0009826561538981405,1.114012848545025e-05,-0.0009937962823835908,0.971931085963694,-0.03287126346769298,0.0222802569709005
2018-03-06,-0.0025735209429351633,0.00029540729645878485,-0.002868928239393948,0.9691426854244279,-0.035645886411059924,0.5908145929175698
2018-03-07,-0.004559463581373776,0.00018688383320518716,-0.004746347414578963,0.9645427975451056,-0.0402230460648314,0.3737676664103743
2018-03-08,-0.0006193169276334715,0.00032099005060003203,-0.0009403069782335036,0.9636358312217691,-0.04112553103216432,0.6419801012000641
2018-03-09,-0.0022872429973783523,0.0001222364335724536,-0.002409479430950806,0.9613139705075131,-0.04343591934200619,0.24447286714490718
2018-03-12,-0.003541125210901132,0.0004041939429610951,-0.003945319153862227,0.9575212800867945,-0.0472098699313227,0.8083878859221902
2018-03-13,-0.0014290284564780755,0.00021445139321272334,-0.0016434798496907988,0.9559476131573217,-0.04877576131107486,0.4289027864254467
2018-03-14,2.097311133965774e-05,0.00028551337908296564,-0.0002645402677433079,0.9556947265197884,-0.04902739842586168,0.5710267581659313
2018-03-15,0.001273893367514474,0.0002030049910183057,0.0010708883764961683,0.9567181688938972,-0.04800901292046955,0.4060099820366114
2018-03-16,0.00066957940795825,3.7872755874876876e-05,0.0006317066520833731,0.9573225341253564,-0.047407633881208056,0.07574551174975375
2018-03-19,0.0023852732839656663,0.00010673861320936986,0.0022785346707562965,0.9595038267104573,-0.04523711914790862,0.21347722641873973
2018-03-20,0.0013410034033420131,0.00012286951763827069,0.0012181338857037425,0.9606726308352358,-0.044074090129930465,0.2457390352765414
2018-03-21,0.005084131370237761,0.00029774644819387133,0.0047863849220438895,0.9652707798304859,-0.03949866076833719,0.5954928963877426
2018-03-22,0.0043575619114035475,1.2790441757283724e-05,0.004344771469646264,0.9694646607751767,-0.03532550195308637,0.025580883514567446
2018-03-23,0.009303173773993987,0.00014149935585172662,0.00916167441814226,0.9783465803570935,-0.026487468282495708,0.28299871170345325
2018-03-26,-0.0007922569739059486,0.0001627367839573091,-0.0009549937578632577,0.9774122654798256,-0.027417166673487703,0.32547356791461823
2018-03-27,-0.005549777205763173,9.108170524230092e-05,-0.005640858911005474,0.9718988207923677,-0.032903369215548484,0.18216341048460186
2018-03-28,-0.004073787594106694,5.871355719669444e-05,-0.0041325011513033885,0.9678824477964928,-0.03689989715568687,0.11742711439338888
2018-03-29,-0.0038035746567681187,0.00015494129520380576,-0.003958515951971924,0.9640510696872567,-0.0407123442761419,0.3098825904076115
2018-03-30,-2.6347606060406637e-06,0.0001279135156684125,-0.00013054827627445316,0.9639252144818685,-0.040837577626048005,0.255827031336825
2018-04-02,-0.004191568397020024,8.053488179277437e-07,-0.004192373745837952,0.9598840797197236,-0.04485874498360287,0.0016106976358554875
2018-04-03,1.6841971042062158e-05,0.0001469901149381766,-0.00013014814389611444,0.9597591525883926,-0.04498305484510179,0.2939802298763532
2018-04-04,-0.0003041257394775657,0.00010873662063929504,-0.00041286236011686076,0.9593629041595112,-0.04537734539503013,0.21747324127859005
2018-04-05,-0.006039626321263513,9.492709020965507e-05,-0.006134553411473168,0.9534776411829586,-0.051233529057506666,0.18985418041931015
2018-04-06,-0.002264039244616315,0.00016204245102896287,-0.0024260816956452776,0.9511644265304776,-0.05353531402610223,0.32408490205792573
2018-04-09,0.0014842291494113543,0.00026587654987837435,0.00121835259953298,0.9523232801821244,-0.05238218631557956,0.5317530997567487
2018-04-10,0.004009540453416622,0.0002653016478165188,0.003744238805600103,0.9558890059632588,-0.04883407892470437,0.5306032956330377
2018-04-11,0.004759642575405218,9.20912387565534e-05,0.0046675513366486645,0.9603506669707305,-0.044394463158414665,0.1841824775131068
2018-04-12,-0.003859577305665799,0.00016073487226276811,-0.004020312177928567,0.9564897574892263,-0.04823629573547483,0.3214697445255362
2018-04-13,0.0006246913839130957,0.00023233602960666026,0.0003923553543064354,0.9568650413669164,-0.04786286615007207,0.46467205921332044
2018-04-16,-0.0031644077215841997,0.000155833442114548,-0.0033202411636987475,0.9536880186684656,-0.05102419105536682,0.31166688422909605
2018-04-17,-0.0005211509369960256,8.675360009537903e-05,-0.0006079045370914047,0.9531082673949474,-0.051601077755214275,0.17350720019075808
2018-04-18,0.004012896119367826,0.000274190852139045,0.003738705267228781,0.9566716582944962,-0.04805529370918349,0.54838170427809
2018-04-19,-0.001387484425325179,0.00017488791199715193,-0.001562372337322331,0.9551769809596765,-0.04954258578495274,0.34977582399430385
2018-04-20,-0.002417055044762878,0.0003159492429420606,-0.0027330042877049387,0.9525664781751967,-0.0521401899732834,0.6318984858841212
2018-04-23,0.001692738601403836,0.00023602372611576837,0.0014567148752880677,0.9539540959336552,-0.050759428488329816,0.47204745223153677
2018-04-24,0.000983407882517643,1.3259337354736053e-05,0.0009701485451629069,0.9548795731119775,-0.049838524128868134,0.026518674709472105
2018-04-25,0.0008064894967206105,6.723763223553199e-06,0.0007997657334970573,0.9556432530741688,-0.049078617539177416,0.013447526447106398
2018-04-26,-0.002296131986068814,1.1870624977614203e-05,-0.0023080026110464283,0.9534376259508446,-0.05127334657279692,0.023741249955228406
2018-04-27,-6.643718775886111e-05,0.00012602950131296507,-0.00019246668907182618,0.9532541209677413,-0.05145594485061633,0.2520590026259301
2018-04-30,0.0017364905200890949,0.00014253640910043584,0.001593954110988659,0.9547735642926747,-0.04994400915445707,0.28507281820087166
2018-05-01,-0.00013084994386732983,0.00017056232422757702,-0.0003014122680949069,0.9544857838271442,-0.05023036768547495,0.34112464845515406
2018-05-02,-0.0011847667817271913,0.00017590976656322102,-0.0013606765482904123,0.953187037405414,-0.05152269695044376,0.35181953312644204
2018-05-03,0.0005831317016679047,2.3231557909523032e-05,0.0005599001437583817,0.9537207269646859,-0.050991644372114786,0.046463115819046066
2018-05-04,0.0014648872024449575,8.206626731869758e-05,0.00138282093512626,0.9550395519521966,-0.04967933575034278,0.16413253463739516
2018-05-07,0.004349604881978145,0.0001029422222920747,0.0042466626596860705,0.9590952827559952,-0.04564364447074576,0.2058844445841494
2018-05-08,-0.0035872927088075185,0.00014389237966648161,-0.003731185088474,0.9555167207385502,-0.049204524673586936,0.2877847593329632
2018-05-09,0.00934309303269589,0.0001727807024710379,0.009170312330224853,0.964279107504475,-0.040485433202679166,0.34556140494207577
2018-05-10,-0.0023229373539042433,0.00012886368435528555,-0.0024518010382595288,0.9619148869875236,-0.042837972013777925,0.2577273687105711
2018-05-11,-0.0016343305753154082,0.0001981610663733751,-0.0018324916416887832,0.960152185997103,-0.04459196342980454,0.3963221327467502
2018-05-14,0.001675739486667675,0.00010747114591886786,0.001568268340748807,0.961657962272703,-0.04309362725355448,0.21494229183773572
2018-05-15,0.003353042140514376,9.926978550510283e-05,0.003253772355009273,0.9647869783653203,-0.039980071751580026,0.19853957101020567
2018-05-16,0.0031590042012801475,0.00014095376181380649,0.003018050439466341,0.9676987541293672,-0.037082683185233334,0.281907523627613
2018-05-17,0.0017208372892442618,7.866503085918137e-05,0.0016421722583850804,0.9692878821778722,-0.035501407080441694,0.15733006171836275
2018-05-18,-0.0025217976969896514,0.00011145357861850582,-0.002633251275608157,0.9667355036256957,-0.03804117423056941,0.22290715723701163
2018-05-21,0.004016917674348978,7.990540108917691e-05,0.003937012273259801,0.9705415531684661,-0.03425393052714454,0.15981080217835383
2018-05-22,0.00032682548698928016,0.00014961257175312174,0.00017721291523615842,0.970713545666461,-0.03408278785079544,0.29922514350624346
2018-05-23,-0.004148660644769189,0.00014162243889541268,-0.004290283083664601,0.966548909762404,-0.03822684612629956,0.28324487779082536
2018-05-24,-0.005640348437542389,0.00024637450072003764,-0.005886722938262427,0.9608591041243532,-0.04388853821261296,0.4927490014400753
2018-05-25,-0.0056342503266759115,0.00016434220741914967,-0.0057985925340950616,0.9552874736968604,-0.04943263899669603,0.32868441483829935
2018-05-28,0.0013816247405730644,0.00014969346439360788,0.0012319312761794564,0.95646432221345,-0.0482616053345607,0.2993869287872158
2018-05-29,-0.005469642143578519,3.0499917525185842e-06,-0.0054726921353310375,0.9512298874395477,-0.053470176561938754,0.006099983505037168
2018-05-30,0.0076510276032075416,0.00042415682128523705,0.0072268707819223045,0.9581043029199758,-0.04662972783671615,0.8483136425704741
2018-05-31,0.001328220462731382,0.00021098026664840438,0.0011172401960829776,0.9591747355592382,-0.045564584246904793,0.42196053329680877
2018-06-01,-0.004059811541367548,0.00010061133827275389,-0.004160422879640302,0.9551841630438445,-0.04953543918774306,0.20122267654550777
2018-06-04,-0.004766425162836476,0.00013281550254966868,-0.0048992406653861455,0.9505044859493272,-0.05419199381508277,0.26563100509933735
2018-06-05,-0.0020039035062904315,0.0001366832392142627,-0.0021405867455046943,0.9484698486451614,-0.05621657789691448,0.2733664784285254
2018-06-06,-0.0020834871949212816,0.00012419061858775403,-0.0022076778135090356,0.9463759328035252,-0.0583001476186491,0.24838123717550806
2018-06-07,0.002866937629757866,0.00027538223882159993,0.002591555390936266,0.9488285184540346,-0.05585968028956623,0.5507644776431999
2018-06-08,-0.001700081678628538,0.0001728366581855384,-0.0018729183368140763,0.94705144012333,-0.057627978006877245,0.3456733163710768
2018-06-11,-0.0007399039225047994,6.387599339196602e-05,-0.0008037799158967655,0.9462902191964377,-0.05838543771145843,0.12775198678393204
2018-06-12,-0.0013689367300976525,0.00018386356031799126,-0.0015528002904156438,0.9448208194692521,-0.05984757707723953,0.36772712063598256
2018-06-13,0.0030051863525846836,0.00016934735723884753,0.002835838995345836,0.9475001791927176,-0.05718145617474635,0.33869471447769506
2018-06-14,-0.00455268200211113,7.356789031527488e-05,-0.004626249892426404,0.9431168065906532,-0.061543170361695654,0.14713578063054977
2018-06-15,-0.005074907424811927,0.00034739211983821186,-0.005422299544650139,0.9380029447597249,-0.06663176440171714,0.6947842396764237
2018-06-18,-0.006087569169855659,0.0004685463828242337,-0.006556115552679893,0.9318532890651261,-0.07275103440750041,0.9370927656484674
2018-06-19,-0.003933859842771543,0.00010294273725383948,-0.004036802580025383,0.9280915813036229,-0.07649415542413007,0.20588547450767897
2018-06-20,0.006424542799608749,0.00016271778292358558,0.006261825016685163,0.933903128385205,-0.07071132342350983,0.32543556584717115
2018-06-21,0.0036770577026198903,2.3329421983703317e-05,0.0036537282806361868,0.9373153566567606,-0.0673159551050273,0.04665884396740663
2018-06-22,-0.008044146506621306,0.00015668460081229058,-0.008200831107433597,0.9296285917224145,-0.0749647394338091,0.31336920162458115
2018-06-25,0.00010226771453358127,0.0002504359395182229,-0.00014816822498464163,0.9294908503040841,-0.07510180026641533,0.5008718790364458
2018-06-26,0.0015790625581377856,0.0003408838445315975,0.001238178713606188,0.9306417260894223,-0.07395661100325257,0.681767689063195
2018-06-27,0.005114816665318046,0.00028138619884429585,0.00483343046647375,0.9351399181616745,-0.06948064467359916,0.5627723976885917
2018-06-28,0.002789313242560156,0.00012788248139021185,0.002661430761169944,0.9376287283058679,-0.06700413183746956,0.2557649627804237
2018-06-29,-0.0011281128821579943,0.00017249283899288735,-0.0013006057211508817,0.9364092430175178,-0.06821759160141183,0.3449856779857747
2018-07-02,-0.00236955942658098,0.00014104189966061977,-0.0025106013262415996,0.9340582927300931,-0.07055692575170602,0.28208379932123956
2018-07-03,-0.0020150539244204006,0.00019686893724039486,-0.0022119228616607955,0.9319922278382795,-0.07261278213624811,0.3937378744807897
2018-07-04,-0.001515679080390731,0.0001325086837154976,-0.0016481877641062286,0.9304561296521143,-0.07414129040131967,0.26501736743099513
2018-07-05,-0.0036864178651044134,2.2189926025831795e-05,-0.003708607791130245,0.9270054328003816,-0.07757493722522313,0.04437985205166359
2018-07-06,0.0008656832828727029,0.00014005958491699434,0.0007256236979557085,0.9276780899105553,-0.07690560374008548,0.28011916983398866
2018-07-09,-0.0009784056246742823,0.00011651712501093445,-0.0010949227496852166,0.9266623540655277,-0.07791632079465738,0.2330342500218689
2018-07-10,0.002805970480127957,0.00010351589775382769,0.0027024545823741294,0.9291666169905857,-0.07542443153045653,0.20703179550765535
2018-07-11,-0.008321475405417134,2.2049632738400908e-05,-0.008343525038155535,0.9214140920571064,-0.0831386509356491,0.04409926547680181
2018-07-12,0.00038431059007700805,0.00021868970550276422,0.00016562088457424383,0.921566697474092,-0.08298679954798516,0.43737941100552846
2018-07-13,0.003206108568811165,5.143065581067827e-05,0.0031546779130004867,0.9244739435799704,-0.08009391825858925,0.10286131162135655
2018-07-16,-0.0030248436510744263,0.00017095087003237626,-0.0031957945211068027,0.9215195148161714,-0.08303374907455141,0.3419017400647525
2018-07-17,0.004651065667149046,0.00017002752749756752,0.0044810381396514784,0.9256488789084958,-0.07892478833138128,0.34005505499513505
2018-07-18,0.0020834894109320206,2.6043649425988363e-05,0.0020574457615060325,0.927553351271049,-0.07702972604110525,0.05208729885197673
2018-07-19,-0.0006463440727686034,0.0002744845272593634,-0.0009208286000279668,0.9266992336171468,-0.07787962346634225,0.5489690545187268
2018-07-20,-0.0029005406424763213,1.4217110783319262e-05,-0.0029147577532596405,0.9239981298410214,-0.08056738098328253,0.028434221566638523
2018-07-23,0.0007935151159373349,0.00015759311913674393,0.000635921996800591,0.9245857205767899,-0.07998269355627385,0.3151862382734879
2018-07-24,-0.005892011727970628,0.000217345289673118,-0.006109357017643746,0.9189370963163709,-0.08560340774374953,0.434690579346236
2018-07-25,-0.004796943481032268,0.0002918943756063674,-0.005088837856638636,0.9142607744327665,-0.09025662373840448,0.5837887512127349
2018-07-26,-0.0042090414400553,0.00022721415168169403,-0.004436255591736994,0.9102048799598834,-0.09429247787839068,0.4544283033633881
2018-07-27,-0.006005173466822917,0.0003085998907913925,-0.00631377335761431,0.9044580526388222,-0.10001090990135297,0.617199781582785
2018-07-30,0.0019833072251341784,0.0003086662288629543,0.0016746409962712242,0.9059726951731787,-0.09850375127487698,0.6173324577259086
2018-07-31,0.00033212450786852446,0.00011800493049874363,0.00021411957736978084,0.9061666816637777,-0.09831072327909962,0.23600986099748725
2018-08-01,0.004350708395933651,3.076180782308948e-05,0.004319946588110562,0.9100812733284905,-0.09441547376459336,0.06152361564617896
2018-08-02,-0.004029351206285222,0.0001584250467194957,-0.004187776253004718,0.9062700565837412,-0.09820785913865049,0.3168500934389914
2018-08-03,0.00019764953936412302,0.00033138217017902806,-0.00013373263081490504,0.9061488587048454,-0.09832845817409608,0.6627643403580561
2018-08-06,0.0030331415563190846,0.00023017047280762034,0.0028029710835114643,0.9086887677531521,-0.09580109891553279,0.46034094561524064
2018-08-07,0.0005866885518350256,0.00016580929006613636,0.00042087926176888926,0.9090712160109017,-0.09542054034955216,0.33161858013227274
2018-08-08,0.004554233512848777,0.00030741211449461677,0.00424682139835416,0.9129318791036847,-0.09157895294379703,0.6148242289892336
2018-08-09,-0.00037961974599655976,0.0002953799370946104,-0.0006749996830911701,0.9123156503746058,-0.09219213686267336,0.5907598741892208
2018-08-10,0.0014559253521031783,0.0002637675026220123,0.001192157849481166,0.9134032746384044,-0.09110988659281338,0.5275350052440245
2018-08-13,0.003603977722736898,7.312469545255202e-05,0.0035308530272843463,0.9166283673557929,-0.08790072918442082,0.14624939090510403
2018-08-14,0.0038173858752854357,0.00021804694553223474,0.0035993389297532007,0.9199276235225328,-0.08461777477117471,0.43609389106446944
2018-08-15,0.005776296013165487,0.00010773043923721714,0.00566856557392827,0.9251422935797383,-0.07942887060225667,0.2154608784744343
2018-08-16,-0.004488414162121617,0.0003869813308981496,-0.004875395493019767,0.9206318590112177,-0.08391701893752657,0.7739626617962992
2018-08-17,0.0029449950458538703,0.000237997789618209,0.002706997256235661,0.9231240069275642,-0.08143718482130624,0.475995579236418
2018-08-20,-0.004906015295321392,0.00019390625685722194,-0.005099921552178614,0.9184161469093008,-0.08612178311946594,0.38781251371444386
2018-08-21,-0.0023595724312300485,0.0001822570026272361,-0.0025418294338572845,0.916081689714557,-0.08844470567009388,0.3645140052544722
2018-08-22,-0.004385002472015543,0.00014191489941199457,-0.004526917371427537,0.9119346635997414,-0.09257124116701276,0.2838297988239892
2018-08-23,0.003260375937710153,0.00019683398887499157,0.0030635419488351614,0.9147284136962761,-0.0897912950987485,0.39366797774998313
2018-08-24,-0.007528878647264158,0.000308000315397568,-0.007836878962661727,0.9075597978344309,-0.09692449054982066,0.616000630795136
2018-08-27,-0.006355865076177872,0.0003866474943898517,-0.006742512570567723,0.9014405644889903,-0.10301348852446024,0.7732949887797034
2018-08-28,-0.0009753392845752631,0.00013633488690505775,-0.0011116741714803208,0.9004384562963234,-0.10401064526143378,0.2726697738101155
2018-08-29,0.0023095276438726154,0.00016860482604269934,0.002140922817829916,0.9023662255334597,-0.10209240120734131,0.3372096520853987
2018-08-30,0.0008847170783703251,0.0001652351944016926,0.0007194818839686326,0.9030154616854362,-0.10144637295653214,0.3304703888033852
2018-08-31,0.003245112399462739,0.00027671363035373486,0.002968398769109004,0.9056959716703896,-0.09877910747603791,0.5534272607074697
2018-09-03,8.099112512021571e-05,0.0003071996434867057,-0.00022620851836648996,0.9054910955265475,-0.0989829713188568,0.6143992869734113
2018-09-04,-0.005775427210873708,0.00014398322978149654,-0.005919410440655204,0.9001311220817673,-0.10431646092564018,0.2879664595629931
2018-09-05,-0.0031070950722568787,0.00038141448639468045,-0.003488509558651559,0.8969910060583453,-0.10744106151322796,0.7628289727893609
2018-09-06,0.0032234264878051077,0.00038785028244174764,0.0028355762053633602,0.8995344924115493,-0.10491014262537046,0.7757005648834954
2018-09-07,0.00268463686518166,0.00011514052421512579,0.002569496340966534,0.901845842998374,-0.10261021251200997,0.23028104843025157
2018-09-10,-0.004822643852854274,0.00010512481872604305,-0.004927768671580317,0.8974017553066517,-0.10703234179298937,0.21024963745208608
2018-09-11,-0.0023243164672259323,3.265106328213968e-05,-0.002356967530508072,0.8952866085075729,-0.10913703756917725,0.06530212656427935
2018-09-12,-0.001741195217718158,0.0003866981193898979,-0.002127893337108056,0.8933815340985276,-0.11103269893121004,0.7733962387797958
2018-09-13,-0.00572635749395914,0.0003137920053539807,-0.00604014949931312,0.8879853760726468,-0.11640219432966648,0.6275840107079613
2018-09-14,0.002520251233122925,0.0003705125797381532,0.0021497386533847716,0.8898943125592307,-0.11450268997277091,0.7410251594763064
2018-09-17,-0.004557873391012647,0.00039259093876693957,-0.004950464329779587,0.8854889225076324,-0.11888631282017648,0.7851818775338791
2018-09-18,0.001918313373442031,0.00020861168307486472,0.0017097016903671663,0.8870028444152451,-0.11737987125979954,0.41722336614972944
2018-09-19,-0.0006106438661547652,0.00020873778915954686,-0.000819381655314312,0.8862760505563196,-0.11810307400190045,0.41747557831909377
2018-09-20,0.000933882869472871,3.7950114522941715e-05,0.0008959327549499293,0.8870700942999408,-0.11731295365940897,0.07590022904588342
2018-09-21,-0.0018922659784816275,0.00010416054113553157,-0.001996426519617159,0.8852991240389211,-0.11907517348724583,0.20832108227106313
2018-09-24,0.0058262997667308134,0.0003574774664015653,0.005468822300329248,0.890140667630927,-0.11425755215109934,0.7149549328031306
2018-09-25,0.004329951375495454,0.00016067295975693256,0.004169278415738521,0.8938519119034518,-0.11056464528137944,0.32134591951386515
2018-09-26,-0.0041234086658975865,2.8757071991861456e-05,-0.004152165737889448,0.8901404906200994,-0.11425772828730951,0.05751414398372291
2018-09-27,0.007030751042742953,0.00013571230344864261,0.006895038739294311,0.8962780437863394,-0.10815050101082002,0.2714246068972852
2018-09-28,-0.002631444199596746,0.0002910563815888694,-0.0029225005811856154,0.8936586706824698,-0.11075693168994605,0.5821127631777387
2018-10-01,0.011816959450804458,0.0002848934917303818,0.011532065959074076,0.9039644014176785,-0.10050212197254516,0.5697869834607636
2018-10-02,-0.0012785855067303212,0.0001509893872390379,-0.0014295748939693591,0.9026721166043699,-0.10178802155615185,0.3019787744780758
2018-10-03,0.007578975018436139,6.67238463822875e-05,0.007512251172053851,0.9094532162703113,-0.09504042756833431,0.133447692764575
2018-10-04,-0.005940316008739957,6.875217286216384e-05,-0.006009068181602121,0.9039882498857656,-0.1004783913406696,0.13750434572432768
2018-10-05,-0.0023469926994249338,0.00015071390336419727,-0.002497706602789131,0.9017303524651822,-0.10272513240196957,0.30142780672839453
2018-10-08,0.009946935460286707,9.196424113080628e-05,0.0098549712191559,0.9106168791361657,-0.09388251440611917,0.18392848226161257
2018-10-09,-0.0006431670071731034,0.0002200027567283655,-0.0008631697639014689,0.9098308621795971,-0.09466464762222626,0.44000551345673106
2018-10-10,0.0006575393655852185,0.00010425502455739499,0.0005532843410278235,0.9103342573486249,-0.09416373974837666,0.20851004911478999
2018-10-11,-0.011779444937324747,0.0001910975592263251,-0.011970542496551072,0.899437062434967,-0.10500709119663554,0.3821951184526502
2018-10-12,-0.008688122761330899,0.0002919949302361276,-0.008980117691567027,0.8913600117581437,-0.11304423285080767,0.5839898604722553
2018-10-15,0.008231657659595944,8.074057565786624e-05,0.008150917083938078,0.8986254133059224,-0.105814729935654,0.16148115131573249
2018-10-16,-0.006214276329134821,6.67604438435599e-05,-0.006281036772978381,0.892981114039815,-0.11143114049878378,0.1335208876871198
2018-10-17,0.008016612067235035,4.1369761714467986e-05,0.007975242305520566,0.9001028547985362,-0.10434458853912143,0.08273952342893597
2018-10-18,-0.005560851657754359,3.108354060149928e-05,-0.005591935198355859,0.8950695379626477,-0.10935303556006748,0.06216708120299856
2018-10-19,0.0025688149521197255,0.00018980472771107365,0.002379010224408652,0.8971989175450175,-0.10723417732532636,0.3796094554221473
2018-10-22,-0.005682873065744936,4.686986079121935e-05,-0.005729742926536155,0.892058198393518,-0.11234949598284982,0.0937397215824387
2018-10-23,0.011165925975016713,2.675459181021842e-05,0.011139171383206494,0.9019949875492178,-0.10246180489021317,0.053509183620436836
2018-10-24,0.002210472887541507,0.0003304800272083972,0.00187999286033311,0.9036907316858666,-0.10077443949153053,0.6609600544167943
2018-10-25,-0.004185597252432652,3.412601814737337e-05,-0.004219723270580025,0.8998774068759642,-0.1045689225147085,0.06825203629474674
2018-10-26,0.0025962065831375333,0.0001811382764640342,0.002415068306673499,0.9020506722812018,-0.10240639529866336,0.3622765529280684
2018-10-29,-0.0010657541203241932,0.00016066034440500316,-0.0012264144647291964,0.9009443842887975,-0.10350721707891741,0.3213206888100063
2018-10-30,0.007205055071294455,0.00018617505456339795,0.0070188800167310566,0.9072680048238682,-0.09721484179972906,0.3723501091267959
2018-10-31,9.335162350443545e-05,7.396931785892798e-05,1.9382305645507478e-05,0.9072855897696401,-0.09719734374186051,0.14793863571785595
2018-11-01,-0.005084293409957356,0.00011967624589232271,-0.005203969655849679,0.9025641030912892,-0.10189550137024839,0.2393524917846454
2018-11-02,-0.0034691651961187542,2.0821236748301955e-05,-0.003489986432867056,0.8994141666167078,-0.10502987388576313,0.04164247349660391
2018-11-05,0.004364777566521123,0.00014397154879920802,0.004220806017721915,0.903210419343588,-0.10125237859177871,0.287943097598416
2018-11-06,0.002253348936730466,1.653267291317447e-05,0.0022368162638172913,0.905230735099225,-0.09924204529514569,0.03306534582634894
2018-11-07,-0.003318812622686192,0.00012830845161160935,-0.0034471210742978015,0.9021102951551624,-0.10234706702365015,0.25661690322321873
2018-11-08,0.0028429019184095863,3.922623725315427e-05,0.002803675681156432,0.9046395198514098,-0.09983033932534557,0.07845247450630854
2018-11-09,0.005615504032761422,9.884287010430898e-05,0.005516661162657113,0.9096301095567788,-0.09486440831849952,0.19768574020861795
2018-11-12,0.005256923616987221,0.00021278702130889246,0.005044136595678329,0.9142184080809251,-0.09029878075644782,0.4255740426177849
2018-11-13,0.012656758646095088,0.00013745954170551366,0.012519299104389574,0.9256637817784292,-0.07890995909710985,0.27491908341102733
2018-11-14,0.006932027003467855,8.72210632510612e-05,0.006844805940216794,0.9319997707305898,-0.07260527651366311,0.1744421265021224
2018-11-15,-0.009042487895621421,4.53152002980881e-05,-0.009087803095919509,0.9235299403287481,-0.08103325715290166,0.09063040059617619
2018-11-16,0.0024862775526380857,0.00011164944502841293,0.0023746281076096726,0.9257229804832717,-0.07885105289537853,0.22329889005682582
2018-11-19,0.002966926983361604,6.56804596019289e-05,0.002901246523759675,0.9284087310623632,-0.07617857271472639,0.13136091920385778
2018-11-20,0.010153214447105789,2.545161155597137e-05,0.010127762835549817,0.9378114345050166,-0.06682232839678204,0.050903223111942744
2018-11-21,-0.004091430566906516,6.310209616994528e-05,-0.004154532663076461,0.9339152662685589,-0.07069924551391127,0.12620419233989055
2018-11-22,0.0012645512434551348,1.3684042074355366e-05,0.0012508672013807794,0.935083470244003,-0.06953681367990627,0.027368084148710732
2018-11-23,0.00814780499132573,7.539066403274164e-05,0.008072414327292988,0.9426318514464155,-0.06202572932363726,0.15078132806548328
2018-11-26,-0.005875929668076493,1.1931099551171692e-05,-0.0058878607676276645,0.9370817663499679,-0.06754839123299683,0.023862199102343384
2018-11-27,0.0010497762035953434,1.702631272283995e-05,0.0010327498908725035,0.9380495374419043,-0.06658540193579887,0.0340526254456799
2018-11-28,0.0027716826716601044,8.692842728730479e-05,0.0026847542443727995,0.9405679699189835,-0.06407941313188648,0.1738568545746096
2018-11-29,-0.0034941385810429845,9.306459327593501e-05,-0.0035872031743189193,0.9371939615116274,-0.06743675043201025,0.18612918655187002
2018-11-30,0.0017406063374476267,6.3627624336214315e-06,0.0017342435750140053,0.9388192841179209,-0.06581945860815264,0.012725524867242863
2018-12-03,-0.009564377875728095,6.305061794475589e-06,-0.00957068293752257,0.9298341424139963,-0.07476020437621733,0.012610123588951177
2018-12-04,0.0021627543458257415,0.00010492982023800672,0.002057824525587735,0.9317475779169847,-0.07285622323273289,0.20985964047601346
2018-12-05,0.0009101302914646105,0.00017019189281511712,0.0007399383986494933,0.9324370137277341,-0.07217019395123381,0.34038378563023425
2018-12-06,0.007143614885758741,7.562167795264594e-05,0.007067993207806095,0.9390274722074688,-0.06561229918408107,0.15124335590529187
2018-12-07,-0.0021281470112885746,4.429058254737347e-05,-0.002172437593835948,0.9369874936252006,-0.06764219815255146,0.08858116509474694
2018-12-10,0.005335152345414263,8.308382277496112e-05,0.005252068522639302,0.9419086161465763,-0.06274539108963129,0.16616764554992225
2018-12-11,-0.004781432591180048,8.592535578312411e-05,-0.004867357946963172,0.9373240097584622,-0.06730734475863898,0.17185071156624823
2018-12-12,-0.0033187318977204935,0.0001347185643755511,-0.003453450462096045,0.9340870077238281,-0.07052835263987578,0.2694371287511022
2018-12-13,-0.004159595730989399,1.1991420618922441e-05,-0.004171587151608321,0.9301903823639232,-0.07440572462178752,0.02398284123784488
2018-12-14,0.0031207275192379684,1.1316964926765387e-05,0.003109410554311203,0.9330827261563643,-0.07152767201291643,0.022633929853530774
2018-12-17,0.0036754686970841698,1.5095745889330764e-05,0.003660372951194839,0.9364981569284142,-0.06812911701761959,0.03019149177866153
2018-12-18,0.017720789411719666,0.00018318319341651814,0.017537606218303147,0.9529220928287915,-0.05178633242557207,0.3663663868330363
2018-12-19,-0.005276404326173826,0.00015545930297112978,-0.005431863629144956,0.9477459499713461,-0.056936899759127746,0.31091860594225956
2018-12-20,0.010874438012463475,0.00010444876060899668,0.010769989251854479,0.9579531636660261,-0.04678012030571299,0.20889752121799338
2018-12-21,0.0017151654108305769,0.0001154137565015098,0.001599751654329067,0.9594856508243707,-0.04525520522623272,0.2308275130030196
2018-12-24,0.010346384380274295,0.00017038052694686926,0.010176003853327426,0.9692493805043718,-0.035539718515670504,0.3407610538937385
2018-12-25,-0.0006267453481880172,0.0001634266676944306,-0.0007901720158824478,0.9684835067674858,-0.036301808040529515,0.3268533353888612
2018-12-26,-0.01912841087590879,9.656633786290521e-05,-0.019224977213771692,0.9498644334179672,-0.05482888382190332,0.19313267572581042
2018-12-27,0.009284256158170408,2.6599932355617706e-05,0.00925765622581479,0.9586579518036792,-0.04607881455375684,0.05319986471123542
2018-12-28,-0.0041414390977886,0.00010685086666815999,-0.004248289964456761,0.954585294847685,-0.05013134835277078,0.21370173333632
2018-12-31,-0.0018613646594836273,0.00010673649542407568,-0.001968101154907703,0.9527065744264372,-0.052000785943088323,0.21347299084815138
2019-01-01,0.00026170188999928177,9.689066685511784e-05,0.00016481122314416393,0.952863591162266,-0.05184454503307989,0.1937813337102357
2019-01-02,-0.002292055462741938,8.732208534703174e-06,-0.002300787671276641,0.9506712543593115,-0.05402604941432143,0.017464417069406348
2019-01-03,0.005678001960498337,5.021315294777355e-06,0.00567298064520356,0.9560643939852433,-0.04865955750178208,0.01004263058955471
2019-01-04,-0.011393981293494136,4.976899166750204e-05,-0.011443750285161638,0.9451234318039419,-0.05954645996190677,0.09953798333500408
2019-01-07,-0.0010314680428652949,5.67621220449203e-05,-0.0010882301649102152,0.9440949199758893,-0.06056988987287293,0.1135242440898406
2019-01-08,-0.0047763077163173705,8.741292598431408e-06,-0.004785049008915802,0.9395773795147362,-0.0650651089902824,0.017482585196862816
2019-01-09,-0.005780935229370999,5.5793566601291567e-05,-0.00583672879597229,0.9340933211676783,-0.07052207039099812,0.11158713320258314
2019-01-10,-0.0008817300957254222,6.186499201616827e-05,-0.0009435950877415904,0.9332119152983323,-0.0713991211995414,0.12372998403233654
2019-01-11,0.0009118518621427594,8.642332983672696e-05,0.0008254285323060324,0.9339822150399074,-0.07063262753905508,0.17284665967345395
2019-01-14,0.0001415546197247824,6.0668572769289154e-05,8.088604695549324e-05,0.9340577611692087,-0.07055745468612729,0.1213371455385783
2019-01-15,-0.0056422694098609795,0.00014631887742837994,-0.00578858828728936,0.9286508853532529,-0.07593761491763962,0.2926377548567599
2019-01-16,-0.0024432495814066175,1.615152827852501e-05,-0.0024594011096851424,0.9263669603353051,-0.07821025497292944,0.032303056557050014
2019-01-17,-0.0005203860136513736,2.8460355955795457e-05,-0.0005488463696071691,0.925858527192201,-0.07871617592802871,0.05692071191159091
2019-01-18,-0.009165667737330775,2.51088799585242e-05,-0.009190776617289299,0.917349168289565,-0.08718348975619616,0.050217759917048396
2019-01-21,-0.0006324075246343348,0.00018689339962173624,-0.000819300924256071,0.9165975832681198,-0.08793136116671518,0.37378679924347247
2019-01-22,0.007337483676232421,0.00013073255636809148,0.00720675111986433,0.9232032739278023,-0.08135830948241018,0.261465112736183
2019-01-23,0.0005706606985634152,0.00016264913535054596,0.00040801156321286925,0.9235799515387608,-0.08098349305022967,0.32529827070109196
2019-01-24,-0.0012804429683331091,9.67440196419328e-05,-0.001377186987975042,0.922308009247147,-0.08224915062533522,0.1934880392838656
2019-01-25,-0.00133797980932772,4.365506808978127e-05,-0.0013816348774175014,0.9210337163338496,-0.08351714720761083,0.08731013617956254
2019-01-28,0.00803265858204983,0.00024215465252718312,0.007790503929522647,0.9282090331201713,-0.07637728394159149,0.4843093050543662
2019-01-29,-0.00396032861251596,0.00022999621645632153,-0.004190324828972281,0.9243195357622115,-0.08024756314129389,0.459992432912643
2019-01-30,-0.0020712485225072652,6.157210620698922e-05,-0.0021328206287142544,0.9223481279888143,-0.08220923011193637,0.12314421241397844
2019-01-31,0.0023038699345998294,6.829033277136443e-05,0.0022355796018284652,0.9244101106495308,-0.08015743578802803,0.13658066554272885
2019-02-01,-0.0007143952160236076,1.0617861169925897e-05,-0.0007250130771935335,0.92373990123062,-0.08082433367604092,0.021235722339851795
2019-02-04,-0.0003846290767511677,6.68402834117384e-05,-0.0004514693601629061,0.9233228609684544,-0.08123931332599366,0.13368056682347682
2019-02-05,0.0003139307008613422,7.900958623128424e-05,0.00023492111463005796,0.9235397690041164,-0.081023477041402,0.15801917246256847
2019-02-06,-0.0009441004810955105,0.0001241668552046863,-0.0010682673363001968,0.9225531816351151,-0.0820051896437054,0.24833371040937258
2019-02-07,0.003134806091386442,2.637243808655412e-05,0.003108433653299888,0.9254208769918686,-0.07915166368163917,0.05274487617310823
2019-02-08,-0.0003838893302704044,7.2782190135036605e-06,-0.00039116754928390806,0.9250588823753595,-0.079511869668619,0.01455643802700732
2019-02-11,-0.0009291627076141883,8.837122499575899e-05,-0.0010175339326099473,0.9241176035728803,-0.08044849757579597,0.17674244999151797
2019-02-12,-0.0012315219326153926,2.2719007254703055e-06,-0.0012337938333408629,0.9229774329723104,-0.08158303454892624,0.004543801450940611
2019-02-13,-0.0003306047772910775,8.362053101588748e-06,-0.00033896683039266626,0.9226645742373317,-0.08189434743668411,0.016724106203177498
2019-02-14,0.0014041310501221576,0.0001558984903202608,0.0012482325598018968,0.9238162742006706,-0.08074833806781634,0.31179698064052164
2019-02-15,-0.0028801582106020625,1.1695587210484682e-05,-0.002891853797812547,0.9211447325996424,-0.08340667947752034,0.023391174420969364
2019-02-18,-0.00039764338936477197,0.00017695014710709936,-0.0005745935364718714,0.9206154487901356,-0.0839333480750658,0.3539002942141987
2019-02-19,0.0003741927453208884,0.00016431975604993784,0.00020987298927095058,0.9208086611063422,-0.0837410904284549,0.3286395120998757
2019-02-20,0.0018525480205877738,3.938806007600848e-05,0.0018131599605117653,0.9224782345019527,-0.08207976646015758,0.07877612015201696
2019-02-21,-0.006817350182814306,8.580382396454154e-05,-0.006903154006778847,0.9161102251812842,-0.08841631119822158,0.17160764792908306
2019-02-22,0.0006569375107935081,7.586750711017949e-06,0.0006493507600824901,0.9167051020523249,-0.08782437363701945,0.015173501422035898
2019-02-25,-0.007247405401271481,0.00016646860186466422,-0.007413874003136145,0.9099087659276769,-0.0945871287996064,0.33293720372932845
2019-02-26,-0.0008049521663484206,8.649815745750488e-05,-0.0008914503238059254,0.9090976274636569,-0.095394259396816,0.17299631491500975
2019-02-27,0.0021705096672723643,1.5668500003988882e-05,0.0021548411672683756,0.9110565884563815,-0.09344497770681703,0.03133700000797777
2019-02-28,-0.0006380427432656602,0.00014812941920546384,-0.000786172162471124,0.9103403411281011,-0.09415768602909236,0.2962588384109277
2019-03-01,-0.004497966908784935,8.05555385220495e-05,-0.004578522447306985,0.9061723274415571,-0.09830510539732862,0.161111077044099
2019-03-04,-0.0005302340678608922,0.0002670202812788052,-0.0007972543491396975,0.9054498776124342,-0.09902398557364767,0.5340405625576103
2019-03-05,0.00022322476827887303,0.0001285305798539082,9.469418842496482e-05,0.9055356184537543,-0.09893866838117105,0.2570611597078164
2019-03-06,0.0022851594945343134,2.641571797256367e-05,0.00225874377656175,0.9075809913963917,-0.09690340170607659,0.052831435945127334
2019-03-07,-0.0020383234352140517,2.2835049308953687e-05,-0.0020611584845230055,0.9057103231355832,-0.09876482692199406,0.04567009861790737
2019-03-08,-0.0024382616532440215,1.981252175984508e-05,-0.0024580741750038666,0.9034840199802492,-0.10098012982654225,0.03962504351969016
2019-03-11,0.0065345916207146535,2.350011678296737e-05,0.006511091503931686,0.9093666871066807,-0.09512652918799003,0.04700023356593474
2019-03-12,0.0021990608182657105,7.882709176978641e-05,0.002120233726495924,0.911294757026436,-0.09320798593696311,0.15765418353957283
2019-03-13,-0.0024551024678231143,2.555940463103009e-05,-0.0024806618724541444,0.9090341428681132,-0.0954574303124951,0.05111880926206019
2019-03-14,-0.0032746741726144587,0.00017236184064263417,-0.003447036013257093,0.9059006694403665,-0.09857542112573214,0.3447236812852683
2019-03-15,0.006089741500945804,0.00023480848540791913,0.005854933015537885,0.9112046571786708,-0.09329764059786383,0.4696169708158383
2019-03-18,-0.003047995238124691,0.0001501151731128085,-0.0031981104112374995,0.9082905240777797,-0.09619737485336133,0.30023034622561695
2019-03-19,-0.00017200068369071895,7.11610542679385e-05,-0.00024316173795865744,0.9080696625753735,-0.09641714507046362,0.14232210853587698
2019-03-20,0.002123896860092028,0.00017925609136447974,0.0019446407687275483,0.9098355318620622,-0.09466000101284444,0.35851218272895946
2019-03-21,1.5634687673655426e-05,0.00013028532740376385,-0.00011465063973010843,0.909731218636285,-0.09476379882290153,0.2605706548075277
2019-03-22,0.0001385495604703089,0.00021470328143451448,-7.615372096420557e-05,0.9096619392189085,-0.09483273592797281,0.429406562869029
2019-03-25,0.0021637310577748772,7.210728784452992e-05,0.0020916237699303473,0.9115646097535798,-0.09293946656267682,0.14421457568905982
2019-03-26,0.0009800530568047983,0.00018671279000087793,0.0007933402668039203,0.9122877906642907,-0.0922198589170724,0.37342558000175585
2019-03-27,0.0011971032187572442,8.587535121020404e-05,0.0011112278675470403,0.9133015502804999,-0.0912111083266951,0.17175070242040807
2019-03-28,-0.001886799761980002,0.00013646456694704838,-0.0020232643289270504,0.9114536998322635,-0.09304982847374288,0.2729291338940968
2019-03-29,0.009419137658937912,0.00020762908430165767,0.009211508574636254,0.9198495634036524,-0.08469544919196093,0.4152581686033154
2019-04-01,-0.003509397173218244,8.046525116430875e-05,-0.0035898624243825526,0.916547430019905,-0.08798126660577299,0.1609305023286175
2019-04-02,0.0022434963577495017,1.3714110871913582e-05,0.0022297822468775883,0.9185911312077847,-0.08594766342523075,0.027428221743827162
2019-04-03,0.003126209727999175,0.0002347610525088158,0.002891448675490359,0.9212471903174325,-0.08330472800731292,0.4695221050176316
2019-04-04,-0.0022758880450884475,0.0001295720791053546,-0.0024054601241938023,0.9190311669365984,-0.08550980193012825,0.2591441582107092
2019-04-05,0.0003672737457133154,1.3742839108726935e-05,0.0003535309066045885,0.9193560728582433,-0.08518650138132366,0.027485678217453867
2019-04-08,0.0035647191029048054,0.00012078533265301594,0.0034439337702517896,0.9225222742844459,-0.08203594427994854,0.24157066530603188
2019-04-09,-0.0019305985091362529,8.713167867214182e-05,-0.002017730187808395,0.9206608732426965,-0.08388814806649791,0.17426335734428364
2019-04-10,0.0011439421799246013,0.00017605744700145812,0.0009678847329231432,0.9215519668461077,-0.08300145739136167,0.35211489400291623
2019-04-11,-0.0044907599117073455,0.00016897963287319752,-0.004659739544580543,0.917257774703809,-0.0872744317626778,0.337959265746395
2019-04-12,0.0053513303490943425,0.00023855126033257842,0.005112779088761764,0.9219475110733187,-0.08260786756361582,0.47710252066515685
2019-04-15,0.0011936807316225487,0.00015654694808480075,0.001037133783537748,0.9229036939837014,-0.08165640919031436,0.3130938961696015
2019-04-16,0.0017103378585038899,0.00012195892426730585,0.001588378934236584,0.9243696147695543,-0.08019773157628107,0.24391784853461174
2019-04-17,0.005548996068732935,0.00010802274248514192,0.005440973326247793,0.9293990851871092,-0.07519311196836553,0.21604548497028386
2019-04-18,-0.0006997791645076161,0.00013963630031340007,-0.0008394154648210161,0.9286189332220126,-0.07596940917215234,0.27927260062680015
2019-04-19,-9.699897958095819e-05,6.017727550306097e-05,-0.00015717625508401915,0.9284729763756886,-0.07611464484000174,0.12035455100612194
2019-04-22,-0.001327659741203211,0.00012117198693204485,-0.0014488317281352557,0.9271277752687993,-0.07745319925571714,0.2423439738640897
2019-04-23,0.00406115374952845,0.0002030529512630391,0.003858100798265411,0.9307047276786579,-0.07389392070732836,0.4061059025260782
2019-04-24,-0.0010438082839194043,0.00017287577189169955,-0.0012166840558111038,0.9295723540758232,-0.07502069920799359,0.3457515437833991
2019-04-25,-0.0059935954858514745,0.0001502620869641506,-0.006143857572815625,0.9238611939287543,-0.08070364028986232,0.3005241739283012
2019-04-26,-0.00581174047353754,0.00024741118273950593,-0.006059151656277046,0.9182633788453909,-0.08627379635040944,0.49482236547901187
2019-04-29,-0.007333622083322968,0.00021632727229070717,-0.007549949355613675,0.9113305368399934,-0.09317238291286101,0.43265454458141434
2019-04-30,0.000984950718934575,0.0002727127932902094,0.0007122379256443655,0.9119796210111287,-0.09252650589194988,0.5454255865804188
2019-05-01,-0.004394849180152297,0.00018838306365061508,-0.004583232243802912,0.9077998066064195,-0.09668566767054221,0.37676612730123016
2019-05-02,-0.003292466321291112,0.000262999674266873,-0.0035554659955579853,0.9045721552632562,-0.09989737106243979,0.525999348533746
2019-05-03,0.004517484906079877,0.00022272346941433182,0.004294761436665545,0.9084570768723622,-0.09603164500263761,0.4454469388286636
2019-05-06,0.0024907905524661714,0.00025506006933752936,0.002235730483128642,0.9104881420517397,-0.0940106153955863,0.5101201386750587
2019-05-07,-0.006649404048319495,0.0002974568265724155,-0.006946860874891911,0.9041631076006674,-0.10030439760456211,0.594913653144831
2019-05-08,-0.007739013226485578,0.00010013584201254449,-0.007839149068498122,0.8970752382179493,-0.10735724554801218,0.20027168402508896
2019-05-09,-0.0003229673293574627,0.0001835181984978305,-0.0005064855278552932,0.8966208825923946,-0.1078093561846869,0.36703639699566104
2019-05-10,-0.0014781304520955503,0.00012425820814055807,-0.0016023886602361084,0.8951841474575977,-0.10923899235510537,0.24851641628111615
2019-05-13,-0.0073448955573031036,4.2274329426784105e-06,-0.007349122990245782,0.8886053290590135,-0.11578530455520297,0.008454865885356821
2019-05-14,-0.007102697647177533,0.0004587244025148071,-0.00756142204969234,0.8818862091303925,-0.12247122505000119,0.9174488050296142
2019-05-15,0.0054147293103693345,0.00015323886240809756,0.005261490447961237,0.8865262449959209,-0.11785411578279059,0.3064777248161951
2019-05-16,-0.0030389276657755825,0.0001533399681565776,-0.00319226763393216,0.883696215957389,-0.12067016153738364,0.30667993631315515
2019-05-17,-0.0020865917774700927,0.00033898316585550425,-0.002425574943325597,0.8815527445584511,-0.12280304196047709,0.6779663317110085
2019-05-20,-0.004249832558188561,0.00024278137123684716,-0.004492613929425408,0.8775922684187246,-0.12674394923301513,0.48556274247369435
2019-05-21,0.002592762285693959,0.00023674270455277115,0.002356019581141188,0.8796598929873772,-0.12468654087805808,0.47348540910554227
2019-05-22,0.00598353831340576,0.0001287096898380763,0.005854828623567683,0.8848101509078443,-0.1195617305829968,0.2574193796761526
2019-05-23,-0.0058914096316027694,0.0003211160182761156,-0.006212525649878885,0.8793132451500562,-0.12503147591488484,0.6422320365522313
2019-05-24,-0.003791392749046406,0.0004021248473918432,-0.004193517596438249,0.8756258295837381,-0.12870067181696543,0.8042496947836862
2019-05-27,-7.360109392912486e-05,0.0002487854423654869,-0.0003223865362946118,0.8753435396054485,-0.12898156698945418,0.4975708847309739
2019-05-28,0.0033495145557170493,7.560894042433076e-06,0.003341953661674616,0.8782688971528562,-0.12607066374786857,0.015121788084866153
2019-05-29,-0.0011640739065674078,1.7009645930453967e-05,-0.0011810835524978618,0.8772315882037585,-0.1271028473129613,0.034019291860907935
2019-05-30,0.010998583683952548,5.647809468304989e-06,0.010992935874484244,0.8868749387999544,-0.11750714488845282,0.011295618936609977
2019-05-31,0.013043205347636647,0.0002851052063668451,0.012758100141269803,0.8981897780819467,-0.10624821266898465,0.5702104127336902
2019-06-03,0.011884626503496601,0.0003126780978093506,0.01157194840568725,0.9085835838524267,-0.0959057630984993,0.6253561956187013
2019-06-04,-0.007931430047454516,8.588234692687285e-05,-0.008017312394381389,0.9012991854242751,-0.10315416902969854,0.1717646938537457
2019-06-05,0.006258723799538588,0.00013330691318841033,0.006125416886350178,0.9068200186743267,-0.09766061443222018,0.26661382637682063
2019-06-06,0.0006268439638053765,1.282823632232496e-05,0.0006140157274830515,0.9073768204277891,-0.09710656385795435,0.025656472644649916
2019-06-07,-0.0023021805270604843,2.2361829986990267e-05,-0.0023245423570474747,0.9052675845749016,-0.09920537789416661,0.044723659973980534
2019-06-10,-0.001477014488050354,0.00021917125239343598,-0.00169618574044379,0.9037320826066597,-0.10073329288725097,0.4383425047868719
2019-06-11,-0.0016333925006056906,7.007114641906382e-05,-0.0017034636470247544,0.9021926078572893,-0.10226516103179728,0.14014229283812765
2019-06-12,0.005611193994473106,6.662607060650611e-05,0.0055445679238666,0.9071948760519644,-0.09728760923951663,0.13325214121301224
2019-06-13,0.001710167566704569,2.143170912325555e-05,0.0016887358575813135,0.9087268885689672,-0.09576316645615657,0.0428634182465111
2019-06-14,-0.003650619653460593,2.6914530024595594e-05,-0.0036775341834851885,0.9053850143728027,-0.0990885283214804,0.05382906004919119
2019-06-17,0.001754625342008237,7.486157442911692e-05,0.00167976376757912,0.9069058473156553,-0.0975752098735585,0.14972314885823385
2019-06-18,0.002208067593790656,2.2661377481665472e-05,0.0021854062163089907,0.9088878049919858,-0.09560304512746487,0.04532275496333094
2019-06-19,0.0020065473171084394,7.638178365183952e-05,0.0019301655334565998,0.9106421089069605,-0.09385740929660669,0.15276356730367904
2019-06-20,0.007020493510741885,1.958345331925615e-05,0.007000910057422628,0.9170174324059198,-0.08751358651989227,0.03916690663851231
2019-06-21,-0.0007837239749694685,0.00017548301862636476,-0.0009592069935958332,0.9161378228715067,-0.08838884986926365,0.35096603725272957
2019-06-24,-0.010370115926004059,0.00024491681134634164,-0.010615032737350401,0.9064129898898007,-0.0980656320716351,0.48983362269268327
2019-06-25,-0.0015004373503588108,6.0672910173707e-05,-0.0015611102605325178,0.9049979792710038,-0.09947365106773498,0.12134582034741401
2019-06-26,-0.00014738297747127042,1.4420977754083841e-05,-0.00016180395522535427,0.9048515470184868,-0.09961935979277681,0.028841955508167684
2019-06-27,-0.0025081700881265747,0.0001827302349744255,-0.0026909003231010004,0.9024166816982563,-0.10204219434842432,0.365460469948851
2019-06-28,0.001113274952631452,1.1984704923594393e-05,0.0011012902477078577,0.9034105043891795,-0.10105328217420706,0.02396940984718879
2019-07-01,0.0014435995211905248,0.0001864913775641786,0.0012571081436263463,0.9045461890912847,-0.0999232089345421,0.3729827551283572
2019-07-02,0.002328402748080523,0.00019463749009897667,0.0021337652579815464,0.9064762783238073,-0.09800265634825112,0.3892749801979533
2019-07-03,0.0005961481247053599,0.0002072090218805494,0.00038893910282481044,0.9068288423942306,-0.09765183431066082,0.4144180437610988
2019-07-04,0.0004954745272235116,0.00014972303845268387,0.0003457514887708277,0.9071423798165487,-0.09733984608898416,0.29944607690536773
2019-07-05,-0.0219635735092847,6.127823103910057e-06,-0.02196970133238861,0.8872127326660268,-0.11717102007505709,0.012255646207820114
2019-07-08,0.0006389558612310705,2.0610878773748947e-05,0.0006183449824573215,0.8877613362076431,-0.11662512720495266,0.04122175754749789
2019-07-09,-0.0030707161772566692,2.7613139213324643e-05,-0.003098329316469994,0.8850107592336424,-0.11936211347076653,0.05522627842664929
2019-07-10,-0.0013378597251386664,8.212171708081562e-05,-0.001419981442219482,0.8837540603793661,-0.1206126029269533,0.16424343416163123
2019-07-11,-0.0012131639469325794,0.00019952589501481764,-0.001412689841947397,0.8825055899954883,-0.12185490456993497,0.39905179002963526
2019-07-12,-0.0009813033757519372,2.6340985993443273e-05,-0.0010076443617453804,0.8816163382135206,-0.12273976252413954,0.052681971986886546
2019-07-15,-0.0012957808042547846,0.0002069650308809047,-0.0015027458351356893,0.8802914929330826,-0.12405806169233657,0.41393006176180935
2019-07-16,0.0025266786462614195,0.00020880247399796876,0.002317876172263451,0.8823318996091986,-0.1220277367452468,0.4176049479959375
2019-07-17,0.002802709675972312,0.00018472304397775495,0.002617986631994557,0.8846418327273579,-0.11972921709678375,0.36944608795550987
2019-07-18,0.003970611339479859,0.00016828542047222895,0.00380232591900763,0.8880055292969755,-0.11638214068320574,0.3365708409444579
2019-07-19,-0.00018782585615407935,0.0001099774664667948,-0.00029780332262087416,0.8877410782998452,-0.11664528501763749,0.21995493293358961
2019-07-22,-0.004112143208317962,0.00010429688012819018,-0.004216440088446152,0.8839979712291413,-0.12036989725020697,0.20859376025638035
2019-07-23,-7.308587889703273e-06,0.00011320887140343699,-0.00012051745929314026,0.8838914340396284,-0.12047590803530817,0.226417742806874
2019-07-24,0.005082680558332454,2.258107154108373e-05,0.00506009948679137,0.8883640126313916,-0.11602542862893706,0.04516214308216746
2019-07-25,-0.004677435135716073,1.5336099663033672e-05,-0.004692771235379106,0.8841951235463691,-0.12017371907027374,0.030672199326067344
2019-07-26,0.004881641962310634,6.821596715462256e-06,0.0048748203655951715,0.888505415941793,-0.11588472399781147,0.01364319343092451
2019-07-29,0.002380202073739637,0.00018651303923878092,0.002193689034500856,0.8904545205298392,-0.11394525001161071,0.37302607847756186
2019-07-30,0.00039429900867455616,0.00024521369955151544,0.00014908530912304072,0.8905872742172924,-0.11381315226530875,0.4904273991030309
2019-07-31,-0.012314563049053007,0.00015697324078431195,-0.01247153628983732,0.8794802827076241,-0.12486526369640849,0.31394648156862387
2019-08-01,0.003437777501699022,0.00011961979363016504,0.003318157708068857,0.8823985369867849,-0.12196142862554404,0.2392395872603301
2019-08-02,0.0008309427431085238,0.0003024223246968787,0.0005285204184116452,0.8828649026307589,-0.12149736731241978,0.6048446493937575
2019-08-05,0.009336910854308801,0.0002481636589030071,0.009088747195405793,0.8908890385384663,-0.11351287897342399,0.49632731780601413
2019-08-06,0.0013502584078711431,6.234620090750193e-05,0.001287912206963641,0.89203642540625,-0.11237116138893788,0.12469240181500385
2019-08-07,0.008422476995880234,0.00015324516018499915,0.008269231835695235,0.8994128814138191,-0.10503115273841412,0.30649032036999835
2019-08-08,-0.006100166781373259,0.0001560650641566026,-0.0062562318455298615,0.8937859459028383,-0.11063028534140917,0.3121301283132052
2019-08-09,-0.0032966391127999205,9.801524125957452e-05,-0.0033946543540594953,0.890751851549982,-0.11364938811564362,0.19603048251914906
2019-08-12,0.003219189727605867,0.00010349771604279732,0.0031156920115630697,0.8935271599781414,-0.11088779259475146,0.20699543208559462
2019-08-13,-0.007720010070874025,7.603230649211729e-06,-0.007727613301523236,0.886622327611422,-0.1177585079152429,0.015206461298423457
2019-08-14,-0.000610648552103702,0.00018003205850391284,-0.0007906806106076149,0.8859212925280479,-0.11845607915690781,0.3600641170078257
2019-08-15,0.0017729093562266077,0.00026064495473516607,0.0015122644014914416,0.8872610397612614,-0.11712295166706566,0.521289909470332
2019-08-16,-0.003275136994924588,1.8968720720640444e-05,-0.0032941057156452287,0.8843383080989144,-0.12003124199819115,0.03793744144128089
2019-08-19,-0.006995353776190223,0.00011171676773531435,-0.0071070705439255375,0.8780532533585597,-0.1262852420377606,0.22343353547062872
2019-08-20,0.002852131760943431,0.0001065115577739097,0.0027456202031695214,0.8804640541104396,-0.1238863531464921,0.2130231155478194
2019-08-21,-0.0008509192856905454,9.051310769632362e-06,-0.0008599705964601778,0.8797068809126646,-0.12463978512194351,0.018102621539264722
2019-08-22,0.00015629328004983643,0.00020062828393296766,-4.433500388313123e-05,0.8796678791046834,-0.12467859422046923,0.40125656786593533
2019-08-23,0.005890503958694097,0.00010836892818539603,0.005782135030508701,0.8847542375636679,-0.11961736765715725,0.21673785637079204
2019-08-26,-0.0016407699114541444,1.672345293164623e-05,-0.0016574933643857905,0.8832877632857938,-0.12107659602838605,0.033446905863292464
2019-08-27,5.987193601324583e-05,6.558258198622257e-05,-5.71064597297674e-06,0.8832827191420854,-0.12108161524878358,0.13116516397244515
2019-08-28,-0.003909341110672758,1.29458469338074e-05,-0.003922286957606565,0.8798182308529152,-0.1245289853660938,0.0258916938676148
2019-08-29,-0.0059572036679831865,0.00011815509184542869,-0.006075358759828615,0.8744730194570461,-0.12984778586382584,0.23631018369085738
2019-08-30,0.0024632029916996363,0.00028050487724467745,0.002182698114454959,0.8763817300677569,-0.12794850626674192,0.5610097544893549
2019-09-02,0.0014927618369526973,1.9428320559434185e-05,0.001473333516393263,0.8776729326438204,-0.12666368357300395,0.03885664111886837
2019-09-03,0.012831530467031966,0.0001427227722688004,0.012688807694763165,0.8888095557050366,-0.11558208700100903,0.2854455445376008
2019-09-04,-0.010947727180126418,0.0002674276291061017,-0.01121515480923252,0.8788414189418795,-0.12550097081135092,0.5348552582122035
2019-09-05,-0.008510330320597148,0.0002773139218439714,-0.00878764424244112,0.8711184732066961,-0.13318575717022096,0.5546278436879428
2019-09-06,-0.0031177329393025028,0.0002179128372614137,-0.0033356457765639164,0.8682127305506574,-0.13607714243838154,0.4358256745228274
2019-09-09,0.0032192671255782948,0.0003113973758820799,0.002907869749696215,0.8707373800861269,-0.13356496729480694,0.6227947517641598
2019-09-10,-0.005692406903343614,8.292359251160909e-05,-0.005775330495855223,0.8657085839410344,-0.1385689159618665,0.16584718502321819
2019-09-11,-0.004264851206359593,0.0001531645662283774,-0.00441801577258797,0.8618838697627182,-0.14237473207814444,0.3063291324567548
2019-09-12,0.0021271273461612654,0.000280173905575393,0.0018469534405858724,0.863475729141362,-0.1407907381388228,0.560347811150786
2019-09-13,-0.0035953797881276,0.00015178063294676958,-0.0037471604210743696,0.8602401470645651,-0.1440103330782896,0.30356126589353916
2019-09-16,-0.027537090970269167,0.00027525540763316856,-0.027812346377902336,0.8363148501262277,-0.16781741419062146,0.550510815266337
2019-09-17,-0.007085174220002188,0.0003814872854217556,-0.0074666615054239435,0.8300703702283758,-0.17403103986956847,0.7629745708435112
2019-09-18,-0.002259426682697711,0.00015668048617225214,-0.002416107168869963,0.8280648312562005,-0.17602666939540368,0.3133609723445043
2019-09-19,0.0007927129395036562,8.581641961317062e-05,0.0007068965198904855,0.8286501874036591,-0.17544420551551676,0.17163283922634123
2019-09-20,0.00043657848427802574,0.00019078596914637135,0.0002457925151316544,0.8288538634173853,-0.17524153587292413,0.38157193829274266
2019-09-23,0.0020664891244399674,0.0001057930923712571,0.00196069603206871,0.8304789938985525,-0.17362443522489523,0.21158618474251417
2019-09-24,-0.003440488235128467,0.00019212365949422872,-0.0036326118946226954,0.8274621860270823,-0.17662633693092278,0.38424731898845743
2019-09-25,-0.005456015161619764,0.0002848668865461758,-0.00574088204816594,0.8227118232177834,-0.1813532280121687,0.5697337730923516
2019-09-26,0.0037899272594823998,9.663083232324833e-05,0.0036932964271591514,0.8257503418550552,-0.17832972281408055,0.19326166464649666
2019-09-27,-0.0006122444376954315,8.322947056786831e-05,-0.0006954739082632998,0.8251760540375556,-0.17890117305305886,0.16645894113573662
2019-09-30,0.004823725628319411,0.00019878244316873564,0.0046249431851506755,0.8289924464052261,-0.17510363762903536,0.3975648863374713
2019-10-01,0.0031210282498009643,0.00025297752306538255,0.002868050726735582,0.8313700387935968,-0.17273779301745584,0.5059550461307651
2019-10-02,-0.0025880886711053823,0.00011949834642459887,-0.0027075870175299814,0.829119032069796,-0.17497767742917492,0.23899669284919772
2019-10-03,-0.0003686179429251164,0.00024337439206351642,-0.0006119923349886329,0.828611617577376,-0.1754825847667828,0.4867487841270328
2019-10-04,-0.003149767305501615,8.985521289160006e-05,-0.003239622518393215,0.82592722872207,-0.17815370995197977,0.17971042578320012
2019-10-07,-0.002448886681290995,8.524778007429263e-05,-0.0025341344613652875,0.8238342180691854,-0.18023637895753575,0.17049556014858525
2019-10-08,0.0007054399424813583,0.00018114966644718037,0.000524290276034178,0.8242661463387833,-0.17980658486237677,0.3622993328943608
2019-10-09,0.0003368807500536841,0.00023018556530021673,0.00010669518475346737,0.8243540915675529,-0.17971907417441502,0.46037113060043344
2019-10-10,-0.0040941413192286755,0.00025148161330174794,-0.004345622932530423,0.8207717595227118,-0.18328370577679987,0.5029632266034959
2019-10-11,-0.0025918402416410784,0.0001997752585683799,-0.0027916155002094584,0.818480480356694,-0.185563663643027,0.39955051713675976
2019-10-14,-0.0021608183186166935,0.00032216278596011873,-0.002482981104576812,0.8164482087895033,-0.18758589367708212,0.6443255719202374
2019-10-15,0.0003608473964383358,0.00012035531981624048,0.0002404920766220953,0.8166445581146895,-0.1873905145215755,0.24071063963248096
2019-10-16,-0.0012554589185906264,0.00020216197570791232,-0.0014576208942985386,0.8154541999435663,-0.1885749910865141,0.40432395141582467
2019-10-17,-0.001085148989549799,0.0002387628000931353,-0.0013239117896429345,0.8143746105143471,-0.1896492462222258,0.47752560018627066
2019-10-18,3.553527960888862e-05,6.87435721595506e-05,-3.3208292550661984e-05,0.8143475665240353,-0.1896761565871259,0.1374871443191012
2019-10-21,0.0059479375692548155,7.23679528476301e-05,0.0058755696164071855,0.8191323223430991,-0.1849150424333189,0.14473590569526018
2019-10-22,-0.0018161927544144058,1.564857200688175e-05,-0.0018318413264212876,0.8176318019032235,-0.18640814874313394,0.0312971440137635
2019-10-23,-0.002802646200056382,3.729964659756854e-05,-0.0028399458466539505,0.8153097718633162,-0.18871870554198245,0.07459929319513708
2019-10-24,-0.0012110757256101614,0.00016439813778457241,-0.0013754738633947338,0.8141883345815478,-0.18983460175837052,0.3287962755691448
2019-10-25,0.001348970707964844,4.663288894006153e-05,0.0013023378190247824,0.8152486828414822,-0.18877949272057515,0.09326577788012307
2019-10-28,-0.011226974288268783,4.63906641022167e-05,-0.011273364952370999,0.8060580869128705,-0.19792467755598353,0.0927813282044334
2019-10-29,-0.001196910000020929,0.00013348798561344793,-0.001330397985634377,0.8049857088577373,-0.19899175694929006,0.26697597122689587
2019-10-30,0.0040433169468814915,0.0001315114610116666,0.003911805485869825,0.8081346563696938,-0.19585836850989735,0.2630229220233332
2019-10-31,-0.002603356309445591,0.00011520657694732834,-0.0027185628863929195,0.8059376914856793,-0.19804447810466985,0.2304131538946567
2019-11-01,0.0024268809711408992,0.00023641359763286235,0.0021904673735080368,0.807703071703959,-0.19628782069895356,0.4728271952657247
2019-11-04,0.012818603917376383,0.00027911646836528486,0.012539487449011098,0.8178312542341185,-0.1862096819139908,0.5582329367305697
2019-11-05,0.00096486598961082,5.540265880684341e-06,0.0009593257237301356,0.8186158207939758,-0.18542899192812834,0.011080531761368681
2019-11-06,-0.0022936157557307086,0.00022711541315447822,-0.0025207311688851867,0.8165523103791579,-0.18748230645744535,0.4542308263089565
2019-11-07,-0.0011397824150599038,0.0002011246412346836,-0.0013409070562945874,0.8154573896243368,-0.18857181716608074,0.4022492824693672
2019-11-08,-0.005197129247272074,0.00018562999707367483,-0.005382759244345749,0.8110679788219664,-0.19293953971835265,0.37125999414734967
2019-11-11,-0.010576047073945265,0.00020340621910541848,-0.010779453293050684,0.8023251094267659,-0.20163921025462672,0.406812438210837
2019-11-12,0.0007761461322571589,8.238439273344722e-06,0.0007679076929838142,0.8029412210505689,-0.2010261428624045,0.016476878546689444
2019-11-13,-0.0054568808673584905,1.1084445648920142e-05,-0.005467965313007411,0.7985507663054805,-0.20539490419923268,0.022168891297840283
2019-11-14,-0.0017321870430322436,0.00023109040882172516,-0.0019632774518539686,0.7969829895918322,-0.20695493446694657,0.4621808176434503
2019-11-15,0.00455821505715259,0.00016471562458602828,0.004393499432566562,0.8004845339043691,-0.2034706914215274,0.3294312491720566
2019-11-18,-0.0034332984594437972,0.00013611921680707948,-0.0035694176762508766,0.7976272702594854,-0.20631383721521934,0.27223843361415895
2019-11-19,0.000879600155579976,0.00020006198397992057,0.0006795381716000555,0.7981692884363359,-0.20577449717133622,0.4001239679598412
2019-11-20,-0.0026256819377529317,5.200363899646399e-05,-0.0026776855767493956,0.7960320420448856,-0.20790118334494712,0.10400727799292797
2019-11-21,0.0034913956197739396,0.0001856797080761313,0.0033057159116978083,0.7986634978324947,-0.20528272968309358,0.3713594161522626
2019-11-22,-0.0018918295590489391,0.00010217779699781557,-0.0019940073560467545,0.7970709569428107,-0.20686740176608276,0.20435559399563116
2019-11-25,-0.0007074219622412165,0.00020748483935756782,-0.0009149068015987843,0.7963417113029468,-0.20759304417477675,0.41496967871513557
2019-11-26,0.001004067389954455,0.0001121671782491208,0.0008919002117053342,0.7970519686438478,-0.20688629624311938,0.2243343564982416
2019-11-27,0.000941541290404433,0.00017655984960449775,0.0007649814407999353,0.7976616986072134,-0.20627957897930127,0.35311969920899544
2019-11-28,-0.0002865980713479849,6.886288169024241e-06,-0.00029348435951700915,0.7974275973744863,-0.2065125235087002,0.01377257633804848
2019-11-29,-0.009018330875152861,4.311647990687326e-06,-0.009022642523143548,0.7902326932252871,-0.2136718773556724,0.008623295981374651
2019-12-02,-0.008041315103171513,0.00011056496856682125,-0.008151880071738334,0.7837908110813478,-0.22008192990850406,0.22112993713364248
2019-12-03,-0.007349839137206494,0.00023585218532346978,-0.007585691322529964,0.7778452159270494,-0.22599814764508142,0.4717043706469395
2019-12-04,0.0041365777914592495,0.00024817092887077417,0.003888406862588475,0.7808697946026917,-0.22298851353072846,0.4963418577415484
2019-12-05,0.000591575291450919,0.00033596835434788444,0.0002556069371030345,0.7810693903391664,-0.222789904004578,0.6719367086957689
2019-12-06,0.005943802702549899,0.00010556536725097297,0.005838237335298926,0.7856294588153038,-0.21825236700476625,0.21113073450194594
2019-12-09,0.002407829952939028,0.00022174036713209163,0.0021860895858069364,0.7873469151935231,-0.21654339664554612,0.4434807342641832
2019-12-10,0.00014626068971237602,9.301723487895254e-05,5.324345483342348e-05,0.7873888362634405,-0.2165016827092714,0.1860344697579051
2019-12-11,0.0012556708874393507,6.19451275677164e-05,0.0011937257598716342,0.7883287626003234,-0.21556640058510557,0.12389025513543281
2019-12-12,0.00541479777263849,0.00010005678642443452,0.005314740986214056,0.7925185257855266,-0.21139733918333192,0.20011357284886905
2019-12-13,0.00492654777876683,0.00021809938238492982,0.004708448396381901,0.7962500583673645,-0.20768424424962706,0.43619876476985964
2019-12-16,0.00706145709451041,0.00022965009087538775,0.0068318070036350225,0.8016898850927635,-0.20227129592040127,0.45930018175077547
2019-12-17,0.0010430823440488299,0.0002110795323859136,0.0008320028116629162,0.8023568933312424,-0.20160758339566287,0.4221590647718272
2019-12-18,-0.0003052035050492236,8.294161186649319e-05,-0.0003881451169157168,0.8020454624210721,-0.20191747551355044,0.16588322373298636
2019-12-19,0.0026068568144446097,5.489613872193598e-05,0.002551960675722674,0.8040922509013125,-0.19988080029507949,0.10979227744387196
2019-12-20,-0.002991330358629324,2.8916314363078787e-05,-0.003020246672992403,0.8016636939557489,-0.20229735764598555,0.057832628726157576
2019-12-23,0.002283749605888345,7.497399759766663e-05,0.0022087756082906783,0.8034343891690106,-0.20053541150688503,0.14994799519533325
2019-12-24,0.0032767840027086398,5.086213600570547e-05,0.0032259218667029343,0.806026205733492,-0.19795640120921032,0.10172427201141095
2019-12-25,-4.056156500120531e-05,3.3906014351650514e-05,-7.446757935285583e-05,0.8059661829130561,-0.19801612745454777,0.06781202870330102
2019-12-26,0.0025599725226922894,7.253403020620843e-05,0.002487438492486081,0.807970974220076,-0.19602124189962522,0.14506806041241688
2019-12-27,3.120392490483235e-05,7.492756396024069e-05,-4.372363905540834e-05,0.807935646788832,-0.1960563947766526,0.14985512792048136
2019-12-30,-0.000726901584170792,7.571960336469879e-05,-0.0008026211875354908,0.8072871805205541,-0.19670165694778852,0.1514392067293976
2019-12-31,-0.006048800932403757,0.0001692411275600056,-0.006218042059963762,0.8022674348776078,-0.2016965998315864,0.3384822551200112
2020-01-01,0.0012751910493955894,0.00018440534434765402,0.0010907857050479353,0.8031425367271977,-0.20082582189439147,0.36881068869530803
2020-01-02,0.005030502151631288,3.1465900058127473e-06,0.005027355561625476,0.8071802198259911,-0.19680808914538495,0.006293180011625495
2020-01-03,0.0022106468896788346,0.00013738000153997243,0.002073266888138862,0.808853719848517,-0.1951428579517891,0.27476000307994486
2020-01-06,0.0010034138396625982,0.00016264720999571166,0.0008407666296668865,0.8095337770644474,-0.19446616092510594,0.3252944199914233
2020-01-07,-0.0002844761411420391,9.042645788579035e-05,-0.0003749025990278295,0.8092302807474251,-0.19476815765498,0.18085291577158072
2020-01-08,-0.007192578497591873,1.3159657912068795e-05,-0.007205738155503942,0.8033991792368542,-0.20057044746539232,0.02631931582413759
2020-01-09,-0.0005620126646121829,8.47820900427369e-05,-0.0006467947546549197,0.8028795448618298,-0.2010875143066878,0.1695641800854738
2020-01-10,-0.0026054688061514465,0.00013390821393947995,-0.0027393770200909266,0.8006801550867342,-0.20327603681105977,0.2678164278789599
2020-01-13,-0.0027382006798748076,0.0003094680634793703,-0.003047668743354178,0.7982399472046524,-0.20570418753075193,0.6189361269587406
2020-01-14,-0.000783442508405526,0.0004194381992343464,-0.0012028807076398724,0.7972797597720925,-0.20665963063973025,0.8388763984686929
2020-01-15,-0.003209689517582897,0.0004281705458733554,-0.0036378600634562525,0.7943793675746157,-0.20954569188615357,0.8563410917467108
2020-01-16,0.0053452844380196506,0.00022785280558205957,0.0051174316324375906,0.7984445496783978,-0.20550059600581516,0.4557056111641192
2020-01-17,0.0065393295393481495,0.00027764618212945024,0.0062616833572187,0.803444156626781,-0.20052569231050466,0.5552923642589005
2020-01-20,-0.002113127797069758,4.388083301250907e-05,-0.0021570086300822674,0.8017111206471479,-0.2022501652917199,0.08776166602501814
2020-01-21,-0.0006572817784058129,0.00014289045314399415,-0.000800172231549807,0.8010696136706813,-0.20288850255717694,0.2857809062879883
2020-01-22,-0.004587049766214657,0.00012149517321033358,-0.00470854493942499,0.7972977413951051,-0.2066417378646188,0.2429903464206672
2020-01-23,-0.00308195926887812,0.00020080393555474006,-0.0032827632044328597,0.7946804017066759,-0.20924614517548967,0.40160787110948015
2020-01-24,0.004332701399229303,0.00025959545333787874,0.004073105945891424,0.7979172191759507,-0.20602532094766735,0.5191909066757574
2020-01-27,-0.0013145840406066224,0.00022822907275045655,-0.001542813113357079,0.7966861820268326,-0.20725027549418285,0.4564581455009131
2020-01-28,0.00022164122103987395,0.0003841169267224095,-0.00016247570568253558,0.7965567398772003,-0.20737907806510147,0.768233853444819
2020-01-29,0.0021711047150440813,0.00015612452484250558,0.002014980190201576,0.7981617859284245,-0.20578196260906334,0.31224904968501116
2020-01-30,0.007389764413175021,0.0003692567757756397,0.007020507637399381,0.8037652868424153,-0.20020614881179988,0.7385135515512793
2020-01-31,-0.0021350456376593246,0.00014903311669946356,-0.0022840787543587883,0.8019294236272475,-0.20203294095516555,0.2980662333989271
2020-02-03,0.00920449046669904,0.00016674684776476427,0.009037743618934276,0.8091770561584702,-0.19482111925916346,0.33349369552952857
2020-02-04,-0.004674181406592108,0.00012963476103812222,-0.004803816167630231,0.8052899183336207,-0.19868905058430075,0.25926952207624443
2020-02-05,-0.0028833611186910714,0.00027299446492928163,-0.003156355583620353,0.8027481370034553,-0.20121827287370508,0.5459889298585633
2020-02-06,0.0036601640540087684,0.00023826645207552494,0.0034218976019332434,0.8054950589284239,-0.1984849235971834,0.4765329041510499
2020-02-07,0.004656062382116565,9.197396782164054e-06,0.0046468649853344006,0.8092380857136182,-0.19476039125342948,0.018394793564328108
2020-02-10,0.004769838923737432,6.634556572143511e-05,0.0047034933580159975,0.8130443316748257,-0.19097295210207876,0.13269113144287023
2020-02-11,-0.0029798257776107707,0.000299369805174374,-0.0032791955827851447,0.8103782002937892,-0.19362591002389928,0.598739610348748
2020-02-12,-0.002312939844934774,0.0002733350194894857,-0.0025862748644242596,0.8082823395236919,-0.19571141506412748,0.5466700389789714
2020-02-13,-0.001546072836580916,9.213295530021656e-06,-0.0015552861321109375,0.8070252292102005,-0.19696231394649344,0.018426591060043313
2020-02-14,-0.002020016064631474,0.00014656956339688482,-0.002166585628028359,0.8052767399471373,-0.19870216385586215,0.29313912679376963
2020-02-17,0.001432961588752522,1.4201009549920452e-05,0.0014187605792026015,0.8064192348411231,-0.19756531407374045,0.0284020190998409
2020-02-18,-0.006832374788041545,9.21333599060669e-07,-0.0068332961216406056,0.8009087334112669,-0.20304858790095026,0.001842667198121338
2020-02-19,-0.0003464784689535064,2.6685286256277935e-05,-0.00037316375520978434,0.8006098633007268,-0.20334598128260895,0.05337057251255587
2020-02-20,-0.001085876751101098,1.0607531279234951e-05,-0.0010964842823803329,0.7997320071692989,-0.20421949989262767,0.021215062558469902
2020-02-21,0.0003780396045596026,2.0290453796509292e-05,0.00035774915076309334,0.8000181106157018,-0.2039348100945204,0.040580907593018585
2020-02-24,0.001268233663894534,0.00017299832177520183,0.0010952353421193322,0.8008943187247838,-0.20306293136390485,0.3459966435504037
2020-02-25,0.001480355721481786,0.0001816380023345182,0.0012987177191472678,0.8019344543676761,-0.20202793507182182,0.3632760046690364
2020-02-26,0.003082690802941233,0.00013800153400893932,0.0029446892689322934,0.8042959021498396,-0.19967815529532018,0.27600306801787866
2020-02-27,0.011954833944326974,9.824005146704587e-05,0.011856593892859929,0.8138321120313216,-0.19018906419907233,0.19648010293409174
2020-02-28,0.008031851480284615,0.00012404396986759466,0.00790780751041702,0.8202677397190614,-0.18378523519892787,0.2480879397351893
2020-03-02,-0.0152217789498734,0.00012661943030608475,-0.015348398380179486,0.8076779436714439,-0.19631282457287924,0.2532388606121695
2020-03-03,0.0007336177406053651,0.00020551002244498172,0.0005281077181603834,0.8081044846272847,-0.19588839117254964,0.41102004488996347
2020-03-04,-0.0025316556921449853,0.00020695463726716037,-0.002738610329412146,0.8058914013384402,-0.19809053953048472,0.41390927453432075
2020-03-05,0.009901905696113392,0.00017149034235558518,0.009730415353757807,0.8137330594034852,-0.1902876274040084,0.3429806847111704
2020-03-06,0.02515009939329023,0.00011944279741674086,0.025030656595873488,0.8341013321741234,-0.17001999506412813,0.2388855948334817
2020-03-09,0.04735319766264878,4.0495043950427435e-05,0.047312702618698355,0.8735649204571379,-0.13075139791113144,0.08099008790085487
2020-03-10,-0.015893442117383486,0.00013108682534852622,-0.01602452894273201,0.859566454105917,-0.1446806972937339,0.26217365069705245
2020-03-11,0.00543027090140241,6.183614758836686e-05,0.005368434753814043,0.864180980531352,-0.14008897142347754,0.1236722951767337
2020-03-12,0.017531723624060563,8.186294050885729e-05,0.017449860683551706,0.8792608182469992,-0.1250836437745675,0.16372588101771457
2020-03-13,-0.008560305646581152,7.555044850149286e-05,-0.008635856095082646,0.8716676483505735,-0.13263929552216436,0.1511008970029857
2020-03-16,0.020456691022827676,3.7069760128274133e-05,0.020419621262699403,0.8894667715968402,-0.11492811843857875,0.07413952025654827
2020-03-17,9.10561919434609e-05,7.43198471849923e-05,1.6736344758468597e-05,0.8894816580193808,-0.11491330557043289,0.14863969436998462
2020-03-18,0.021692501322094156,4.5258584486744505e-05,0.021647242737607413,0.9087364833811759,-0.09575361905228952,0.090517168973489
2020-03-19,-0.011374231174518927,0.00011518290161787503,-0.011489414076136802,0.8982956336375171,-0.10614288014984596,0.23036580323575007
2020-03-20,0.006077378797237942,4.888284978016901e-05,0.006028495947457773,0.9037110052245197,-0.10075426612522309,0.09776569956033802
2020-03-23,0.0014006513879956384,6.940024618602348e-05,0.001331251141809615,0.9049140715320907,-0.09955714421523498,0.13880049237204695
2020-03-24,-0.013223780247562602,5.0380339333710344e-05,-0.013274160586896311,0.8929020968292315,-0.1115097672822456,0.1007606786674207
2020-03-25,-0.004873155862175728,3.4990959450514014e-05,-0.004908146821626242,0.8885196022406557,-0.11587060779400515,0.06998191890102803
2020-03-26,0.0004924776297735076,1.966217068044745e-05,0.00047281545909306014,0.8889397080443024,-0.11545257774953144,0.039324341360894896
2020-03-27,0.004249368076399217,4.027301184001877e-05,0.004209095064559198,0.8926813397821225,-0.1117294335601684,0.08054602368003753
2020-03-30,0.0015516736554756687,3.3583532170875726e-05,0.001518090123304793,0.8940365105073041,-0.11038095878643384,0.06716706434175146
2020-03-31,-0.002911211020636921,4.4017275197793667e-05,-0.0029552282958347146,0.8913944285139437,-0.11300998614954139,0.08803455039558733
2020-04-01,0.003587232146127717,8.42037739845671e-05,0.0035030283721431497,0.8945170084877984,-0.10990283496521558,0.1684075479691342
2020-04-02,-0.0098436042506983,4.5331046371557605e-06,-0.009848137355335455,0.8857076821215268,-0.11866863410607276,0.00906620927431152
2020-04-03,-0.004114384881443566,5.7288146024919584e-05,-0.004171673027468486,0.8820127992737988,-0.12234526039343441,0.11457629204983917
2020-04-06,-0.004766453628880155,2.9820551920727422e-05,-0.004796274180800883,0.8777824240575061,-0.1265547331606669,0.05964110384145485
2020-04-07,-0.0018537229274082228,5.0576488311409616e-05,-0.0019042994157196325,0.8761108635002444,-0.1282180344719721,0.10115297662281925
2020-04-08,-0.004078389032022329,3.7053491432053985e-05,-0.0041154425234543835,0.872505279597335,-0.13180580304408684,0.07410698286410797
2020-04-09,0.004292837743921932,4.324401902217957e-05,0.0042495937248997525,0.8762130725584538,-0.12811633043270865,0.08648803804435914
2020-04-10,-0.0003493659391388585,5.712305670782538e-05,-0.00040648899584668386,0.8758569015864418,-0.12847074155004612,0.11424611341565077
2020-04-13,-0.0002456351309994839,2.394855532030713e-05,-0.00026958368631979104,0.8756207848542235,-0.12870569162027468,0.04789711064061426
2020-04-14,0.0039016280790844116,5.95381653090382e-06,0.0038956742625535076,0.879031918209537,-0.1253114128080104,0.01190763306180764
2020-04-15,0.005311533506056998,2.4874412822553783e-05,0.005286659093234444,0.8836790602931827,-0.12068723243478352,0.04974882564510756
2020-04-16,-0.0020883859609609487,6.309013453923386e-05,-0.0021514760955001827,0.8817778459188679,-0.12257905283466819,0.12618026907846772
2020-04-17,-0.003130698610297553,4.8014561523182733e-05,-0.0031787131718207357,0.8789749270654259,-0.12536812235665395,0.09602912304636547
2020-04-20,0.06672873661446214,2.7773839675314254e-05,0.06670096277478683,0.9376034009555878,-0.06702933404432332,0.05554767935062851
2020-04-21,0.01627384602204062,9.298363307229465e-05,0.016180862388968327,0.9527746325618789,-0.05193306408555032,0.1859672661445893
2020-04-22,-0.004256663970854926,1.2255194326306906e-05,-0.004268919165181233,0.948707314672837,-0.05598028519815024,0.02451038865261381
2020-04-23,-0.002640361455126275,4.98747464032405e-06,-0.0026453489297665993,0.9461976527933054,-0.05847754674037986,0.0099749492806481
2020-04-24,-0.00018842804559685006,5.63425174027625e-06,-0.0001940622973371263,0.9460140315030693,-0.058660260750654,0.0112685034805525
2020-04-27,-6.482592668090284e-06,2.487496336608712e-05,-3.1357556034177406e-05,0.9459843668150673,-0.05868977886427473,0.04974992673217424
2020-04-28,-0.001270968279626618,1.6771428265798404e-05,-0.0012877397078924163,0.944766185182874,-0.059901941413476156,0.033542856531596804
2020-04-29,-0.0048540053616450175,1.1024204765410357e-05,-0.004865029566410428,0.9401698697586145,-0.06447554626382479,0.022048409530820712
2020-04-30,-0.004217761630293057,2.0774300235379694e-05,-0.004238535930528436,0.9361849259848424,-0.06844080027487354,0.04154860047075939
2020-05-01,-0.0013421720807936788,1.377625700933485e-05,-0.0013559483378030137,0.934915507590577,-0.06970394642330591,0.0275525140186697
2020-05-04,-6.555971727827927e-05,2.8706992166964407e-05,-9.426670944524368e-05,0.934827376182067,-0.06979164237108659,0.057413984333928816
2020-05-05,-0.00515033179036542,1.9654172602839514e-05,-0.005169985962968259,0.9299943317694073,-0.07460080652266377,0.03930834520567903
2020-05-06,-0.000689804795777783,1.5082055656531473e-05,-0.0007048868514343145,0.9293387909930345,-0.07525310824647391,0.030164111313062944
2020-05-07,0.0008202753955890094,4.8654062215135935e-05,0.0007716213333738735,0.9300558886300967,-0.07453955381682564,0.09730812443027187
2020-05-08,-0.002200479561739718,1.760184160636338e-05,-0.0022180814033460816,0.9279929489594537,-0.07659230042203702,0.03520368321272675
2020-05-11,0.0010740252939149928,6.9693765157453316e-06,0.0010670559173992474,0.9289831693269457,-0.07560697277203032,0.013938753031490664
2020-05-12,-0.0006246451115715326,1.2476714054380117e-05,-0.0006371218256259127,0.9283912938741283,-0.07619592374513362,0.024953428108760233
2020-05-13,0.004821047722557567,0.00010967552779244492,0.004711372194765122,0.9327652908019489,-0.0718435389068558,0.21935105558488982
2020-05-14,-0.0014042391392513132,4.153887025236563e-05,-0.0014457780095036789,0.9314167192564792,-0.07318544710768304,0.08307774050473125
2020-05-15,0.00011180185112347958,1.1849347820906347e-05,9.995250330257324e-05,0.9315098166891866,-0.07309280967302423,0.023698695641812696
2020-05-18,-0.009709475026665625,2.5836740319621322e-05,-0.009735311766985246,0.9224412782097101,-0.08211654014991776,0.051673480639242646
2020-05-19,0.0005368454828090926,0.00012957126990422309,0.0004072742129048695,0.9228169647552439,-0.08174270988626897,0.2591425398084462
2020-05-20,-0.0002624643582161955,0.00011172525019099003,-0.0003741896084071855,0.9224716562365706,-0.08208631222207363,0.22345050038198006
2020-05-21,-0.0011654255992917186,0.00011841743177246877,-0.0012838430310641873,0.921287347429357,-0.08326476931324578,0.23683486354493755
2020-05-22,0.00029221624522120015,0.00010260522506989107,0.00018961102015130907,0.9214620336631556,-0.08309094621094659,0.20521045013978215
2020-05-25,-0.0007553669900563671,3.0718801863688336e-05,-0.0007860857919200554,0.9207376854506992,-0.08381171539061305,0.06143760372737667
2020-05-26,-0.005278762847890665,4.763040096094843e-05,-0.005326393248851613,0.9158334744589514,-0.08869169448443348,0.09526080192189686
2020-05-27,-0.001224123890720557,5.976729239137204e-05,-0.001283891183111929,0.9146576439358948,-0.08986171518298147,0.11953458478274408
2020-05-28,-0.004465199530441866,0.00012749362319609773,-0.004592693153637964,0.9104569020366677,-0.0940417010525244,0.2549872463921955
2020-05-29,0.004478280895471236,0.00012960106094424577,0.00434867983452699,0.9144161876067605,-0.09010197846696921,0.25920212188849157
2020-06-01,-0.000216072918085694,9.996087867967352e-05,-0.0003160337967653675,0.9141272011871674,-0.09038953699338359,0.19992175735934703
2020-06-02,-0.0007558720630611367,5.485393655612203e-05,-0.0008107259996172587,0.9133860944982076,-0.09112698184526691,0.10970787311224406
2020-06-03,-0.0009068036127005273,4.936316058613705e-05,-0.0009561667732866643,0.9125127450634664,-0.09199601602636331,0.09872632117227409
2020-06-04,0.0009069691533088541,8.667225363854001e-05,0.000820296899670314,0.9132612764391514,-0.09125118317342151,0.17334450727708
2020-06-05,0.00017436812941660856,4.72440121490117e-06,0.00016964372820170738,0.9134162054869088,-0.09109701963613615,0.009448802429802339
2020-06-08,0.0014694634329794464,9.752797204526564e-05,0.0013719354609341807,0.9146693535698084,-0.08985006340682611,0.19505594409053129
2020-06-09,0.0005253839688807673,3.772835358292479e-05,0.00048765561529784255,0.9151153972162175,-0.08940622367948359,0.07545670716584958
2020-06-10,0.0007511006790705978,7.477670755939491e-05,0.0006763239715112029,0.9157343116960539,-0.08879036728024892,0.1495534151187898
2020-06-11,-0.0070046734388344075,0.00018741915624271687,-0.0071920925950771245,0.9091482657338467,-0.0953438713322956,0.37483831248543376
2020-06-12,-0.0002033687519083065,0.00013482386839295377,-0.0003381926203012603,0.9088407984996159,-0.09564981935892125,0.26964773678590753
2020-06-15,-0.0002525141209885243,0.00011840654124170399,-0.0003709206622302283,0.9085036906687746,-0.09598526152681264,0.23681308248340802
2020-06-16,0.006214095772924738,0.00010183682850278788,0.00611225894442195,0.9140567004781052,-0.0904596893556906,0.20367365700557577
2020-06-17,-0.0013049614463881624,0.00010289757529855723,-0.0014078590216867197,0.9127698375060038,-0.091740193887619,0.20579515059711445
2020-06-18,-0.00016316601048766433,0.0001250625872773381,-0.0002882285977650024,0.9125067511356573,-0.09200198033794116,0.25012517455467614
2020-06-19,-0.001522217154141829,4.8886946049136036e-05,-0.0015711041001909651,0.9110731080374961,-0.09342853974959742,0.09777389209827207
2020-06-22,0.002359001944978151,3.4229199622251224e-06,0.002355579025015926,0.9132192127410452,-0.09129303903315356,0.006845839924450245
2020-06-23,0.0024853420889764262,0.00015875108507695863,0.002326591003899468,0.9153439003459967,-0.08917884959258737,0.31750217015391724
2020-06-24,0.00020424382643180732,0.00010709509949625149,9.714872693555583e-05,0.9154328248406234,-0.08909036447735941,0.21419019899250297
2020-06-25,0.008727124833247717,9.501985108951766e-06,0.008717622848138765,0.9234132229503902,-0.0811493978261375,0.01900397021790353
2020-06-26,-0.0045862488927342175,0.00012260565739474533,-0.0047088545501289625,0.9190650043938511,-0.08547613166507251,0.24521131478949065
2020-06-29,-0.015506601694488581,0.00018950762496320792,-0.015696109319451788,0.9046392596132028,-0.09983059827770546,0.37901524992641583
2020-06-30,0.006817378821661765,0.00024694501842201195,0.006570433803239753,0.9105831319843032,-0.09391609481198715,0.4938900368440238
2020-07-01,0.0001282288579907578,0.00018809167949733948,-5.986282150658169e-05,0.9105286219088062,-0.09397033555107348,0.376183358994679
2020-07-02,0.0022330423186176195,2.4737768133951154e-05,0.002208304550483668,0.9125393464079131,-0.0919695461201977,0.04947553626790231
2020-07-03,-0.00021131351988948666,5.59476780263808e-05,-0.0002672611979158675,0.9122954600490468,-0.09221222742704571,0.1118953560527616
2020-07-06,0.0052076464851687375,2.8236316587660836e-07,0.005207364122002861,0.9170461146963724,-0.08748504594975626,0.0005647263317532167
2020-07-07,0.001248535387203091,1.1733342698728694e-05,0.0012368020445043624,0.9181803192059337,-0.08635644558894617,0.023466685397457387
2020-07-08,0.0034229673593405906,0.00013103875011582808,0.0032919286092247626,0.9212029032671548,-0.08334879623354663,0.26207750023165616
2020-07-09,0.0022261225432245848,8.562942725004822e-05,0.0021404931159745367,0.923174731740014,-0.08138671064213465,0.17125885450009645
2020-07-10,0.002041561438716051,0.00019855666025529286,0.001843004778460758,0.9248761471819651,-0.07969370196029046,0.39711332051058573
2020-07-13,-0.0004478061915198353,0.00013695855905525712,-0.0005847647505750924,0.9243353122124454,-0.08023186464311638,0.2739171181105142
2020-07-14,0.0007647617912221736,0.0001846685649497556,0.000580093226272418,0.9248715128658643,-0.07969831337805455,0.3693371298995112
2020-07-15,-0.00047146640456121095,0.00022228795689027377,-0.0006937543614514847,0.9242298792200314,-0.08033677668699968,0.4445759137805475
2020-07-16,-0.0005200457365805333,0.00017122146851035344,-0.0006912672050908867,0.9235909894145614,-0.08097250971300418,0.3424429370207069
2020-07-17,7.494767734894653e-06,2.123665982344715e-05,-1.3741892088552496e-05,0.9235782975268509,-0.08098513888960213,0.0424733196468943
2020-07-20,0.005127235467453608,7.716557930414128e-05,0.005050069888149466,0.9282424324765397,-0.07634404961274655,0.15433115860828256
2020-07-21,-0.0010809899981754452,0.0001647576760415738,-0.001245747674217019,0.9270860766251725,-0.07749469186471825,0.3295153520831476
2020-07-22,0.0015707988109281675,0.00016287623883832016,0.0014079225720898473,0.9283913420387232,-0.07619587581852194,0.32575247767664034
2020-07-23,-0.0008463304452897636,6.257173728880582e-05,-0.0009089021825785694,0.9275475251216572,-0.07703552340326558,0.12514347457761163
2020-07-24,-0.00277595306690878,1.167026646804685e-05,-0.002787623333376827,0.9249618719978121,-0.07960840071410458,0.0233405329360937
2020-07-27,-0.0024426748007711297,0.00020120805555412353,-0.002643882856325253,0.9225163811616826,-0.08204180828456231,0.4024161111082471
2020-07-28,-0.0007633726497910313,0.00020257735745324084,-0.0009659500072442722,0.9216252764566164,-0.08292851000649981,0.4051547149064817
2020-07-29,0.006088355753587293,0.00015751620429348302,0.00593083954929381,0.9270912880958542,-0.07748950614411654,0.3150324085869661
2020-07-30,0.0001458917402236317,6.63355677393037e-06,0.00013925818344970133,0.9272203931445264,-0.07736103900852898,0.01326711354786074
2020-07-31,0.0035128767628940867,0.00013011927486206637,0.0033827574880320203,0.9303569548724921,-0.07423997515448488,0.26023854972413274
2020-08-03,-0.0006918588126521511,1.5890435017029166e-05,-0.0007077492476691803,0.9296984954376174,-0.07489518111559146,0.03178087003405833
2020-08-04,0.005356489683049548,0.0002679701150036844,0.0050885195680458635,0.9344292844240345,-0.07018776714220465,0.5359402300073688
2020-08-05,0.001705808991981288,0.0001596928584056211,0.001546116133575667,0.935874020616368,-0.06875016944778722,0.3193857168112422
2020-08-06,0.0011638065804533196,1.014107406094052e-05,0.001153665506392379,0.9369537061922819,-0.06767581864044536,0.02028214812188104
2020-08-07,-0.00017627356031267737,8.525110661709677e-06,-0.00018479867097438704,0.936780558392613,-0.06784811091007792,0.017050221323419355
2020-08-10,-0.006846938253372337,0.00016012252948486032,-0.007007060782857197,0.9302164800797571,-0.07437975585578616,0.32024505896972066
2020-08-11,-0.009105200109725166,5.242142331732355e-06,-0.009110442252056898,0.9217417965560788,-0.0828125656373968,0.01048428466346471
2020-08-12,-0.0005844166431840833,1.6972650508501435e-05,-0.0006013892936925847,0.9211874709080811,-0.0833641523407318,0.03394530101700287
2020-08-13,-0.0007368163065909203,0.00024181925867032116,-0.0009786355652612415,0.9202859640867773,-0.08426120478164456,0.48363851734064234
2020-08-14,0.005236203844974548,7.408801152811368e-05,0.005162115833446434,0.9250365868332883,-0.07953405504754663,0.14817602305622737
2020-08-17,0.0023140652636011714,0.00010050734541383712,0.0022135579181873344,0.927084208894686,-0.07749655036667547,0.20101469082767423
2020-08-18,0.006625194865489694,0.00020181371777941814,0.006423381147710276,0.9330392241244401,-0.07157095909960298,0.4036274355588363
2020-08-19,-0.0018374209183204177,8.319080568604673e-06,-0.0018457399988890224,0.9313170763079412,-0.07328459771652307,0.016638161137209347
2020-08-20,-0.003816718290920828,0.00012203399046713266,-0.003938752281387961,0.9276488490489377,-0.07693470012146442,0.24406798093426532
2020-08-21,0.002348790914679008,1.1413104778784728e-05,0.002337377809900223,0.9298171148840843,-0.07477714777243949,0.022826209557569456
2020-08-24,0.0011195999179345972,9.144516201028448e-06,0.0011104554017335687,0.9308496353219317,-0.07374972905837596,0.018289032402056895
2020-08-25,0.001943685172571561,1.4395994255278118e-05,0.001929289178316283,0.9326455134499979,-0.07196272443423579,0.028791988510556237
2020-08-26,0.0030573450664282114,2.1931523827262393e-05,0.003035413542600949,0.93547647827197,-0.06914574751994496,0.04386304765452479
2020-08-27,0.0029785043439526596,6.0568585053346345e-05,0.002917935758899313,0.9382061385395289,-0.06642957461030996,0.1211371701066927
2020-08-28,0.004069889817566533,9.968964867714039e-05,0.003970200168889392,0.9419310047092118,-0.06272311314975754,0.19937929735428078
2020-08-31,0.0014548741987535868,5.7782369194318194e-05,0.0013970918295592685,0.9432469688198994,-0.061413651269104474,0.11556473838863639
2020-09-01,-0.001835336879609912,5.051885061685055e-05,-0.0018858557302267624,0.9414681411187313,-0.06318368971317134,0.10103770123370111
2020-09-02,-0.004209889338516164,5.2479892896125754e-05,-0.00426236923141229,0.9374552562816719,-0.06717674672962315,0.10495978579225151
2020-09-03,-0.006366372485177947,6.903339676624093e-05,-0.006435405881944188,0.9314223512113374,-0.07317984298053348,0.13806679353248186
2020-09-04,0.004726034790846803,0.00021136483472987573,0.004514669956116927,0.9356274157168071,-0.06899555586291417,0.42272966945975143
2020-09-07,-0.00132174816951132,0.00018341274185655604,-0.001505160911367876,0.934219145903066,-0.07039686736053907,0.3668254837131121
2020-09-08,-0.016276897798815325,3.102608313450957e-05,-0.016307923881949835,0.9189839711826187,-0.0855567644880455,0.06205216626901914
2020-09-09,0.003858794669229344,6.078085362265696e-05,0.003798013815606687,0.9224742850014913,-0.08208369644598301,0.12156170724531393
2020-09-10,-0.007850583568638596,5.3602741891413164e-05,-0.007904186310530009,0.9151828763861666,-0.089339077926747,0.10720548378282632
2020-09-11,-0.0048210910245174024,7.688048921415181e-05,-0.004897971513731554,0.9107003367277723,-0.09379946918173021,0.15376097842830364
2020-09-14,0.0037718080899045068,0.00022355362070470476,0.003548254469199802,0.9139317332676684,-0.09058403909826296,0.4471072414094095
2020-09-15,0.004349810040643793,8.344047264012615e-05,0.0042663695680036666,0.9178309038017144,-0.08670413451801506,0.1668809452802523
2020-09-16,-0.006266592723634241,7.045552518572382e-05,-0.006337048248819964,0.9120145650800648,-0.09249173448302228,0.14091105037144763
2020-09-17,-0.015753121105423668,9.984077779996714e-05,-0.015852961883223635,0.8975564329429058,-0.1068784284249733,0.19968155559993428
2020-09-18,0.004789161214954788,0.00022444810623243087,0.004564713108722356,0.9016535205581783,-0.10280158467952216,0.4488962124648618
2020-09-21,0.003875609782588234,0.00013677703055999598,0.0037388327520282384,0.9050246522718227,-0.09944710985925409,0.2735540611199919
2020-09-22,0.0016502724652233747,0.0002198650663931376,0.0014304073988302371,0.9063192062305562,-0.09815895234215877,0.43973013278627515
2020-09-23,-0.004968097341594776,0.0001757030386454431,-0.005143800380240219,0.9016572811529284,-0.10279784266601744,0.3514060772908862
2020-09-24,0.005586077903071777,0.00019326125207127945,0.005392816651000497,0.9065197535522257,-0.09795939593263325,0.3865225041425589
2020-09-25,-0.005473223532869764,9.905098786666023e-06,-0.00548312863165643,0.9015491891363613,-0.10290540059571174,0.019810197573332043
2020-09-28,-0.0036317099246354046,6.879174110488391e-06,-0.0036385890987458928,0.8982688220847865,-0.10616955922564797,0.013758348220976782
2020-09-29,2.957983701127936e-05,0.00024147905210012506,-0.0002118992150888457,0.898078479626448,-0.10635896119447052,0.48295810420025015
2020-09-30,0.00024167084372669876,0.00027109272955375195,-2.942188582705319e-05,0.8980520564639567,-0.1063852537990847,0.5421854591075039
2020-10-01,-0.005369961391496265,0.00017485969432845717,-0.005544821085824722,0.893072518485107,-0.11134018768642351,0.3497193886569143
2020-10-02,-0.006691477357046488,0.00012402679358949691,-0.0068155041506359855,0.8869857790285528,-0.11739685232575015,0.2480535871789938
2020-10-05,0.009154974724472619,0.00013442596470391902,0.009020548759768699,0.8949868774975014,-0.10943528759662913,0.26885192940783803
2020-10-06,-0.007431018410416852,0.00011904546703846486,-0.007550063877455317,0.888229669402911,-0.11615910806228213,0.23809093407692972
2020-10-07,0.00733337725131301,0.00012435685060738637,0.007209020400705623,0.8946329352101486,-0.1097874810413253,0.24871370121477274
2020-10-08,0.00194557733301497,0.00012153554603492669,0.0018240417869800432,0.8962647830679806,-0.10816369620745181,0.24307109206985336
2020-10-09,0.002831544532888869,0.0002005562053040157,0.0026309883275848532,0.8986228452506578,-0.10581728530205725,0.4011124106080314
2020-10-12,0.008822780514631482,0.00014082399839522087,0.008681956516236261,0.9064246497176205,-0.09805402985547962,0.2816479967904417
2020-10-13,-0.002736355824251544,9.751891260996405e-05,-0.002833874736861508,0.9038559558019172,-0.10061003175428618,0.1950378252199281
2020-10-14,-0.011079075851835206,9.72365676202719e-05,-0.011176312419455478,0.8937541792576894,-0.11066189502632451,0.1944731352405438
2020-10-15,0.0025709805298095014,0.0001618950898457558,0.0024090854399637456,0.8959073094378458,-0.10851940354642753,0.3237901796915116
2020-10-16,-0.0018898256539545914,3.863164081846049e-05,-0.0019284572947730518,0.8941795904515198,-0.11023858580580703,0.07726328163692098
2020-10-19,-0.00039625888443387187,0.00012275091561824976,-0.0005190098000521216,0.8937155024810689,-0.11070038069948207,0.2455018312364995
2020-10-20,0.006049605268020857,0.00015453406609802282,0.005895071201922834,0.8989840190024571,-0.1054578961238627,0.3090681321960457
2020-10-21,0.0003768148743739991,0.00010439261362457144,0.00027242226074942767,0.8992289222612914,-0.10521420294158912,0.2087852272491429
2020-10-22,-0.001214265486863618,0.00018476253631060556,-0.0013990280231742235,0.8979708757997991,-0.10646603334641214,0.36952507262121115
2020-10-23,-0.003460052131636163,0.00012140662623372442,-0.003581458757869887,0.8947548301423538,-0.10966618839673781,0.24281325246744884
2020-10-26,-0.0018600474843104406,0.00010983223732689794,-0.0019698797216373383,0.8929922707466194,-0.11142003891770313,0.21966447465379585
2020-10-27,0.00035155483763049265,0.0001743512004438571,0.00017720363718663556,0.8931505122249751,-0.11126257931666828,0.3487024008877142
2020-10-28,-0.0004323613345056532,0.00022448376786046777,-0.000656845102366121,0.8925638506853444,-0.11184634213873357,0.4489675357209355
2020-10-29,0.013080074016232008,9.56460419475024e-05,0.012984427974284505,0.9041532817170184,-0.10031417493813655,0.1912920838950048
2020-10-30,0.0015479929965061673,9.262773140715596e-05,0.0014553652650990112,0.9054691549975546,-0.09900480343883955,0.1852554628143119
2020-11-02,-0.007073478968548251,0.00010768613435963416,-0.007181165102907885,0.8989668314999267,-0.10547499870227217,0.21537226871926834
2020-11-03,-0.009797384403141679,0.00011112747327378729,-0.009908511876415466,0.8900594079735061,-0.11433841030138125,0.22225494654757458
2020-11-04,-0.001212240621458788,0.0001177206769151304,-0.0013299612983739184,0.8888756634076478,-0.11551630593913664,0.23544135383026077
2020-11-05,-0.0015383781422238676,0.0001993857779532613,-0.001737763920177129,0.8873310073502545,-0.11705332979066063,0.3987715559065226
2020-11-06,0.0011823497697236074,9.123311293585213e-05,0.0010911166567877553,0.8882991889924586,-0.11608993197173989,0.18246622587170425
2020-11-09,0.0011470818235559484,0.00010013923525986337,0.001046942588296085,0.8892291872445638,-0.11516452887729733,0.20027847051972675
2020-11-10,0.0023985109532537047,0.0002816874071269808,0.002116823546126724,0.8911115285260262,-0.11329148831757674,0.5633748142539616
2020-11-11,0.0019004793460862229,7.10546483372428e-05,0.0018294246977489802,0.8927417499647605,-0.11166932186660061,0.14210929667448557
2020-11-12,-0.0034056540711716265,5.219003011066835e-05,-0.003457844101282295,0.8896547881706764,-0.11474103086197229,0.1043800602213367
2020-11-13,0.0002499542091929115,0.00010160461594806726,0.00014834959324484424,0.8897867680966299,-0.11460970305398432,0.20320923189613455
2020-11-16,0.0018054092643052082,6.479675403730489e-05,0.0017406125102679033,0.8913355420766498,-0.11306858162665023,0.1295935080746098
2020-11-17,-0.0016236345141325155,1.329877370462288e-05,-0.0016369332878371384,0.8898764852571922,-0.11452042918941419,0.02659754740924576
2020-11-18,0.0013754982157811802,5.6474059680814634e-05,0.0013190241561003655,0.891050253837192,-0.11335246024578172,0.11294811936162928
2020-11-19,-0.0019910537222272364,5.694060182128685e-05,-0.0020479943240485233,0.8892253879748915,-0.11516830937462996,0.1138812036425737
2020-11-20,0.003291780783747591,0.00016236624060369945,0.0031294145431438915,0.8920081428361529,-0.11239930421375222,0.3247324812073989
2020-11-23,0.0024052711179263528,6.13771844657158e-05,0.002343893933460637,0.894098915310744,-0.1103188623275635,0.1227543689314316
2020-11-24,0.008118990239515981,0.00016170854551177647,0.007957281694004205,0.9012135122421752,-0.10323941889726185,0.3234170910235529
2020-11-25,0.0030313728525586956,1.5203213213166677e-05,0.0030161696393455287,0.903931725076368,-0.10053463685877784,0.030406426426333358
2020-11-26,-0.00027143775642247183,6.263496757408504e-06,-0.0002777012531798803,0.9036807021035252,-0.1007844195173141,0.012526993514817009
2020-11-27,0.001513491886891743,3.3606499459088412e-06,0.001510131236945834,0.905045378559997,-0.09942648598047865,0.006721299891817682
2020-11-30,-0.0007593791276437429,6.660172078634079e-05,-0.0008259808484300837,0.9042978284103462,-0.10017034245566225,0.13320344157268157
2020-12-01,0.0008765263918890955,6.077371206872959e-05,0.0008157526798203659,0.9050355117872276,-0.09943630400113868,0.12154742413745918
2020-12-02,0.0016081838004774246,2.3608064245553984e-05,0.0015845757362318706,0.9064696090996338,-0.09800929261952762,0.04721612849110797
2020-12-03,0.0009306726118847956,0.00010270916321377943,0.0008279634486710162,0.9072201328032994,-0.0972624772827757,0.20541832642755886
2020-12-04,0.0053322531783343684,1.4816755957975405e-05,0.0053174364223763934,0.9120442181805809,-0.09246222789963321,0.02963351191595081
2020-12-07,-0.0038706989644123665,9.840778040904541e-06,-0.003880539742453271,0.9085049943450564,-0.09598396429204625,0.019681556081809083
2020-12-08,-0.0011688768215825495,2.2026018932743752e-05,-0.0011909028405152932,0.9074230531666686,-0.09706055955684212,0.0440520378654875
2020-12-09,-0.00011199159272703967,9.627145453135156e-05,-0.00020826304725839125,0.9072340704764635,-0.09724860847619865,0.19254290906270313
2020-12-10,0.005178767775026962,5.833641552139668e-05,0.005120431359505565,0.911879500261343,-0.09262613194120306,0.11667283104279336
2020-12-11,-0.0031733717698145232,5.164207011477114e-06,-0.0031785359768260004,0.9089810584632322,-0.09551025242525968,0.010328414022954226
2020-12-14,0.0018599875418263342,9.507071345472523e-05,0.001764916828371609,0.9105853344299849,-0.09391390324867555,0.19014142690945043
2020-12-15,0.0030798072886087753,1.291300710368357e-05,0.0030668942815050915,0.9133780033849707,-0.09113503297999759,0.025826014207367142
2020-12-16,0.001842483479105631,0.00012375794361704838,0.0017187255354885827,0.914947849482942,-0.08957294355286927,0.24751588723409673
2020-12-17,0.0018716795679501357,4.2556179369759074e-05,0.0018291233885803766,0.9166214019937625,-0.08790766013032558,0.08511235873951814
2020-12-18,0.003470418172104103,7.935903931942663e-05,0.003391059132784676,0.9197297193702992,-0.08481470107126765,0.15871807863885326
2020-12-21,-0.0076122767092705965,6.485834514370949e-06,-0.007618762543784968,0.9127225170339549,-0.09178728054736851,0.012971669028741898
2020-12-22,-0.0027512639583730375,8.122717336958846e-05,-0.002832491131742626,0.9101372385987144,-0.09435978502095399,0.1624543467391769
2020-12-23,0.002530032228301736,0.0001132775962199847,0.002416754632081751,0.912336816985928,-0.09217107483640385,0.22655519243996938
2020-12-24,-0.0001597383706520659,9.886003610493321e-05,-0.00025859840675699914,0.9121008881386297,-0.09240583795005908,0.19772007220986643
2020-12-25,3.9580611165826895e-05,0.00011824388510686874,-7.866327394104184e-05,0.9120291392966041,-0.09247723227825577,0.23648777021373746
2020-12-28,0.000159948939145309,2.786466986604546e-06,0.00015716247215870447,0.9121724760508169,-0.09233460375654012,0.005572933973209092
2020-12-29,0.0003608335164279969,7.379688176511054e-06,0.00035345382825148583,0.9124948869045026,-0.09201378594746656,0.01475937635302211
2020-12-30,0.0005355403202039278,1.1103456978912785e-05,0.000524436863225015,0.9129734328606998,-0.09153760450551718,0.02220691395782557
2020-12-31,0.0002035973013728865,6.969528072357177e-06,0.00019662777330052932,0.9131529487938858,-0.09135897556756378,0.013939056144714353
2021-01-01,-0.000524064730666985,8.683576932090809e-06,-0.0005327483075990759,0.9126664681058367,-0.09184305253554526,0.01736715386418162
2021-01-04,-0.001480219314690127,9.91736964287069e-06,-0.0014901366843329978,0.9113064703211516,-0.09319633051809384,0.01983473928574138
2021-01-05,0.012353444301443223,1.3012712808061935e-05,0.01234043158863516,0.9225523854744303,-0.0820059818705291,0.026025425616123872
2021-01-06,0.0072218191847672605,6.995654875101288e-05,0.007151862636016248,0.9291503534098726,-0.07544061475218244,0.13991309750202577
2021-01-07,0.004507397349450314,1.0229065652752094e-05,0.004497168283797562,0.9333288989101067,-0.07128271560835875,0.02045813130550419
2021-01-08,0.002574902677075999,9.267769954119057e-05,0.0024822249775348086,0.9356456312152366,-0.06897743036797332,0.18535539908238113
2021-01-11,-0.00479004260613489,7.405464474196971e-05,-0.00486409725087686,0.9310945598726476,-0.07350601468942486,0.14810928948393942
2021-01-12,0.0028983096343854586,7.3444091628112e-05,0.0028248655427573466,0.9337247768118807,-0.07088879375474899,0.146888183256224
2021-01-13,-0.000618073392928918,7.76269744776134e-06,-0.0006258360903766794,0.9331404181480729,-0.07147026507959064,0.01552539489552268
2021-01-14,0.0021543229401437213,6.304496463604493e-05,0.0020912779755076763,0.9350918741526019,-0.06952845129534779,0.12608992927208984
2021-01-15,-0.007016952621418887,8.33656200347897e-05,-0.007100318241453676,0.9284524242611211,-0.07613509540576902,0.1667312400695794
2021-01-18,-0.0007443905559500183,9.989490342553417e-05,-0.0008442854593755524,0.9276685453795954,-0.0769151011111453,0.19978980685106834
2021-01-19,0.00020161366687577678,6.186814836920227e-05,0.00013974551850657452,0.9277981829014718,-0.07678610413332454,0.12373629673840453
2021-01-20,0.0017795168018451104,8.718684806757442e-05,0.001692329953777536,0.9293683235574562,-0.07522372160360569,0.17437369613514883
2021-01-21,0.0005963267996919703,0.00020145685384836832,0.00039486994584360196,0.9297353031770481,-0.07485855524463791,0.4029137076967366
2021-01-22,-0.003790978636514782,7.16240777952596e-05,-0.0038626027143100414,0.9261441050714065,-0.0784320091002707,0.1432481555905192
2021-01-25,1.9250186351454484e-05,7.379426551856077e-05,-5.4544079167106286e-05,0.9260935893940194,-0.07848227517772421,0.14758853103712152
2021-01-26,-9.719801890006253e-07,3.1997838238537635e-05,-3.296981842753826e-05,0.9260630562565303,-0.07851265744978919,0.06399567647707527
2021-01-27,-0.0032698550018028655,8.595600522650716e-05,-0.0033558110070293725,0.9229553636591413,-0.08160499481675754,0.17191201045301432
2021-01-28,-0.001088070118054135,7.842536697393152e-05,-0.0011664954850280666,0.9218787403945504,-0.08267629844377622,0.15685073394786303
2021-01-29,-0.003220707638829805,0.00018239849677804807,-0.0034031061356078534,0.9187414891968272,-0.08579804836088079,0.3647969935560961
2021-02-01,0.005999891022002941,0.00022819521261568178,0.00577169580938726,0.9240441855999346,-0.0805215527876717,0.45639042523136353
2021-02-02,0.0037077101849123974,0.0002753046219657309,0.0034324055629466666,0.9272158800029964,-0.07736552985045053,0.5506092439314618
2021-02-03,0.0026817953921909866,0.0001293943267454365,0.00255240106544555,0.9295825068030141,-0.07501059664582399,0.258788653490873
2021-02-04,0.005149526430027735,8.859249773068193e-06,0.005140667180254667,0.9343611810870753,-0.07025553397791773,0.017718499546136385
2021-02-05,0.0024459023024071967,3.660097996132313e-05,0.002409301322445874,0.9366123387163104,-0.06801549940639406,0.07320195992264626
2021-02-08,0.004118165605441688,4.051869236277401e-05,0.0040776469130789144,0.9404315131280288,-0.06421519568451106,0.08103738472554803
2021-02-09,0.00158699513532174,7.232071301557795e-06,0.0015797630640201823,0.941917172096709,-0.06273687741478207,0.01446414260311559
2021-02-10,0.0027087803254024784,7.148909342575343e-06,0.002701631416059903,0.9444618851201718,-0.06020473791769143,0.014297818685150688
2021-02-11,0.0004068853143567803,1.7420382946155244e-05,0.00038946493141062507,0.9448297199034802,-0.059838720620404406,0.034840765892310485
2021-02-12,0.005199567153933609,6.9046386764616305e-06,0.0051926625152571475,0.9497359017733239,-0.05495678038667373,0.01380927735292326
2021-02-15,0.0020122172574777862,9.224702814337815e-06,0.0020029925546634483,0.9516382157134724,-0.053063865853953174,0.01844940562867563
2021-02-16,0.007021743087758843,4.514416218561698e-05,0.006976598925573226,0.9582774138667535,-0.046457472237883324,0.09028832437123396
2021-02-17,0.0024411306427540493,1.1461347343056651e-05,0.0024296692954109927,0.9606057110757112,-0.044140679236311264,0.022922694686113302
2021-02-18,-0.002056719387339823,0.00011623328765621095,-0.0021729526749960336,0.9585183603262127,-0.04621771630428473,0.2324665753124219
2021-02-19,0.002466334489323098,8.060672160934712e-06,0.002458273817162163,0.9608746609146719,-0.04387305828900234,0.016121344321869423
2021-02-22,0.003451783728294453,8.439418302486636e-06,0.003443344309991966,0.9641832832109478,-0.04058078402463183,0.016878836604973274
2021-02-23,0.0007921867980737081,4.765944693582586e-05,0.0007445273511378823,0.9649011440368084,-0.03986647017713085,0.09531889387165171
2021-02-24,0.009007357163684844,4.0978586733224106e-05,0.00896637857695162,0.9735528129835761,-0.03125754946431414,0.08195717346644821
2021-02-25,-0.000280587465577524,3.551370780624536e-05,-0.00031610117338376937,0.9732450717970409,-0.03156377008963518,0.07102741561249072
2021-02-26,-0.008019587180215884,5.216863845048887e-05,-0.008071755818666372,0.9653892752257748,-0.03938075086342141,0.10433727690097774
2021-03-01,-0.00036600312375573434,3.551934773095189e-05,-0.00040152247148668625,0.9650016497380394,-0.039766461078492465,0.07103869546190378
2021-03-02,-0.001462604567316727,3.2312718183850164e-05,-0.001494917285500577,0.9635590520913094,-0.04120193079394363,0.06462543636770032
2021-03-03,0.0038593215062801204,2.686779639757596e-05,0.0038324537098825447,0.9672518475551878,-0.03752738157658653,0.05373559279515192
2021-03-04,0.005595484303617922,0.00010661814866903918,0.005488866154948883,0.9725609634845451,-0.0322444981962573,0.21323629733807836
2021-03-05,0.009144100057224094,6.917628918911167e-05,0.009074923768034983,0.9813868800879341,-0.02346219079129186,0.13835257837822332
2021-03-08,0.0024394842275098187,5.663002289867593e-05,0.002382854204611143,0.9837253819415018,-0.02113524356665708,0.11326004579735184
2021-03-09,-0.006542494790313654,5.495944606385775e-05,-0.006597454236377512,0.9772352987529798,-0.027593259000828985,0.10991889212771551
2021-03-10,0.0017469487219996778,6.068349663708853e-05,0.0016862652253625892,0.9788831766542638,-0.025953523328573813,0.12136699327417706
2021-03-11,0.007851376867124508,7.333031224696086e-06,0.007844043835899811,0.9865615792021647,-0.018313060067359443,0.014666062449392172
2021-03-12,0.0015459081503524353,5.485945380677025e-06,0.0015404222049717582,0.9880813005653397,-0.016800847706756383,0.01097189076135405
2021-03-15,-0.0015425222943002376,6.4387474446915325e-06,-0.001548961041744929,0.9865508011246873,-0.018323784889935246,0.012877494889383065
2021-03-16,-0.0021730515064848194,8.221536143809682e-06,-0.002181273042628629,0.9843988644570103,-0.02046508875454467,0.016443072287619362
2021-03-17,0.00038822034777125406,9.812647818788708e-06,0.00037840769995246533,0.9847713685671453,-0.020094425201757082,0.019625295637577415
2021-03-18,-0.013009311639235705,4.5385233772159945e-06,-0.013013850162612922,0.9719557015321812,-0.032846769525690434,0.00907704675443199
2021-03-19,0.0016276195403937296,2.6131342202489206e-05,0.0016014881981912404,0.9735122771173497,-0.03129788504124342,0.05226268440497841
2021-03-22,0.00013189659402398346,1.0788055422163663e-05,0.0001211085386018198,0.9736301777665424,-0.031180566943760146,0.021576110844327326
2021-03-23,-0.012118438728541726,1.811419082247088e-05,-0.012136552919364196,0.9618136635901887,-0.04293869526235561,0.03622838164494176
2021-03-24,0.009135220217240158,1.675875744709737e-05,0.00911846145979306,0.9705839244131381,-0.03421176864044628,0.033517514894194744
2021-03-25,-0.00808119594510479,6.717938099170318e-05,-0.008148375326096495,0.9626752423115442,-0.04208137363509079,0.13435876198340638
2021-03-26,0.011756021199612937,1.4855693794799585e-05,0.011741165505818139,0.9739781716598777,-0.030834292501834448,0.02971138758959917
2021-03-29,0.0036529533900734926,1.612218972415724e-05,0.0036368312003493353,0.9775203658630296,-0.027309600418496394,0.032244379448314486
2021-03-30,0.00020227629732435523,3.830468571728373e-06,0.00019844582875262686,0.977714350702156,-0.02711657406603163,0.007660937143456748
2021-03-31,-0.004362519384840942,1.3948968324030508e-05,-0.004376468353164973,0.9734354147878728,-0.03137436759095036,0.02789793664806102
2021-04-01,0.004672315803263383,3.284302235590108e-05,0.004639472780907481,0.9779516418987524,-0.026880455334499342,0.06568604471180217
2021-04-02,-0.0004173305733906515,5.0152222357484845e-05,-0.00046748279574813635,0.977494466331091,-0.02733537197983671,0.10030444471496969
2021-04-05,-0.004274518366918948,1.696149810355662e-06,-0.004276214516729304,0.9733144903041434,-0.03149469458208576,0.003392299620711324
2021-04-06,-0.0021248460414506317,0.00017257644837130945,-0.002297422489821941,0.9710783757044491,-0.03371976045226466,0.3451528967426189
2021-04-07,-0.0027213041094439542,0.00021686929603216448,-0.002938173405476119,0.9682251790463213,-0.036558859354341,0.43373859206432896
2021-04-08,0.0001428249019279368,0.00022316862757174068,-8.034372564380389e-05,0.9681473882281746,-0.036636265805019,0.44633725514348144
2021-04-09,-4.426255168430934e-05,1.431472237319525e-05,-5.857727405750459e-05,0.9680906767932862,-0.036692697026494026,0.0286294447463905
2021-04-12,0.0010613292805114673,8.250415395851013e-05,0.0009788251265529571,0.9690382682725132,-0.035749787633751584,0.16500830791702026
2021-04-13,-0.0019556747821343375,8.373442346715068e-06,-0.0019640482244810526,0.9671350303822583,-0.03764362155130496,0.016746884693430136
2021-04-14,0.002085975050876856,1.1387221561733144e-05,0.002074587829315123,0.9691414369455937,-0.03564712872111153,0.022774443123466288
2021-04-15,-0.0005269113045117078,0.00016467078202039094,-0.0006915820865320987,0.9684711960884862,-0.03631405789198372,0.32934156404078185
2021-04-16,-0.0007321239384679641,6.592066967239313e-05,-0.0007980446081403572,0.9676983128723086,-0.037083122262023704,0.13184133934478626
2021-04-19,0.0020085850470082057,1.5482471947140065e-05,0.0019931025750610657,0.9696270348715765,-0.03516393015343444,0.030964943894280127
2021-04-20,-0.007278466437587569,7.816690933061254e-06,-0.007286283128520631,0.9625620577664342,-0.042193998930945664,0.01563338186612251
2021-04-21,-0.0019268039303606906,0.00020054862371595886,-0.0021273525540766495,0.9605143489143875,-0.04423158997362997,0.40109724743191777
2021-04-22,0.0007055668438546763,2.254877101706722e-05,0.0006830180728376091,0.9611703975739159,-0.0435787828761347,0.04509754203413444
2021-04-23,0.003919197987413045,6.047008874520831e-05,0.0038587278986678365,0.9648792926024081,-0.039888213642740866,0.1209401774904166
2021-04-26,0.001544077827628177,0.0002448175283753703,0.0012992602992528066,0.9661329219608575,-0.03864077851588221,0.48963505675074054
2021-04-27,0.009658455011226573,9.350442343889e-05,0.009564950587787684,0.9753739356206481,-0.02944542506527248,0.18700884687778
2021-04-28,-0.0005304294924835036,0.00011707929454054942,-0.0006475087870240531,0.9747423724266996,-0.03007386768082909,0.23415858908109885
2021-04-29,0.002508621506364439,3.890629546734395e-05,0.0024697152108970953,0.9771497084905877,-0.027678426358393904,0.0778125909346879
2021-04-30,-0.003357718597139298,1.1955668882573127e-05,-0.0033696742660218712,0.9738570322638362,-0.030954833343391774,0.023911337765146253
2021-05-03,0.001345915966043437,1.0151818414287734e-05,0.0013357641476291493,0.9751578755724509,-0.029660417552338503,0.020303636828575465
2021-05-04,0.0008901425624011979,0.0001658802915466411,0.0007242622708545568,0.9758641456298547,-0.028957637202854936,0.3317605830932822
2021-05-05,0.003006032763825244,9.529421110981378e-05,0.0029107385527154302,0.9787046310207522,-0.026131186761141345,0.19058842221962755
2021-05-06,-0.0019081584074029001,2.4909277336629236e-05,-0.0019330676847395293,0.9768127287256211,-0.028013741093188993,0.04981855467325847
2021-05-07,0.007018375034087344,0.00012071670768481091,0.0068976583264025336,0.9835504491772512,-0.021309311981291712,0.24143341536962182
2021-05-10,-0.0012755140797142339,9.218143637716311e-05,-0.001367695516091397,0.9822052516380618,-0.022647862846935318,0.18436287275432622
2021-05-11,0.0002162257508816349,8.070871223229434e-05,0.00013551703864934055,0.9823383571851098,-0.022515414979590642,0.16141742446458868
2021-05-12,0.0018140098249519601,7.136976464681806e-05,0.0017426400603051421,0.9840502193591149,-0.020812011183403367,0.14273952929363612
2021-05-13,-0.0057165345063798795,5.655325232462101e-05,-0.005773087758704501,0.9783692110837822,-0.026464949375111013,0.11310650464924202
2021-05-14,0.0022314413614784342,6.609853654748514e-05,0.0021653428249309493,0.9804877158351357,-0.024356912238421624,0.13219707309497028
2021-05-17,0.005731965901137302,2.1547974375388295e-05,0.005710417926761914,0.9860867104646106,-0.018785582459946548,0.04309594875077659
2021-05-18,-0.0024411162223882403,1.4827271037745836e-05,-0.002455943493425986,0.9836649372240912,-0.02119538962435974,0.029654542075491674
2021-05-19,-0.012969204866479088,0.00010820227303029684,-0.013077407139509384,0.9708011503511519,-0.033995616024270814,0.21640454606059367
2021-05-20,-0.0036734652977561772,7.159042402768392e-05,-0.003745055721783861,0.967165445948315,-0.03761335626974738,0.14318084805536785
2021-05-21,-0.003968276395348651,0.0002956589271807144,-0.004263935322529365,0.9630415150406061,-0.04171691067387928,0.5913178543614288
2021-05-24,0.008078090004271572,0.00026398420838548057,0.007814105795886091,0.9705668233249638,-0.03422878523147643,0.5279684167709611
2021-05-25,-0.000885564596186051,4.2276143058027873e-05,-0.0009278407392440788,0.9696662918861242,-0.03512486710932794,0.08455228611605575
2021-05-26,-0.0002465504802266595,8.067482224019829e-05,-0.00032722530246685777,0.9693489925404698,-0.03544059866653082,0.16134964448039657
2021-05-27,0.00317001306502495,0.00033638108981616364,0.002833631975208786,0.9720957708408688,-0.03270739230492414,0.6727621796323272
2021-05-28,0.0017989659151603351,0.0002569757579008831,0.001541990157259452,0.9735947329514191,-0.031215836624668425,0.5139515158017662
2021-05-31,-0.0008827596201109561,1.742397997346088e-05,-0.000900183600084417,0.9727183189396876,-0.0320879202405604,0.03484795994692176
2021-06-01,0.004161737482817524,9.276293914875155e-06,0.004152461188902649,0.9767574940068192,-0.028068702895089448,0.018552587829750312
2021-06-02,0.0009894826467846981,8.981049802262835e-05,0.0008996721487620697,0.9776362555202717,-0.027194283376574035,0.1796209960452567
2021-06-03,-0.004041032045014173,1.9641499019203815e-05,-0.004060673544033376,0.9736663938417927,-0.031144529813551203,0.03928299803840763
2021-06-04,0.003914105465303544,7.014870166522376e-05,0.0038439567636383205,0.9774091253619281,-0.027420291275940034,0.14029740333044752
2021-06-07,-0.00029333809646499455,2.915519569764482e-05,-0.0003224932921626394,0.9770939174753004,-0.027733941708097065,0.058310391395289644
2021-06-08,0.000979736000956335,1.7517568561526e-05,0.000962218432394809,0.9780340952528759,-0.02679840938561684,0.035035137123052
2021-06-09,-0.0010596839280902733,5.308314273761532e-05,-0.0011127670708278887,0.9769457711175316,-0.02788135606892983,0.10616628547523063
2021-06-10,0.001428175929398132,0.00022775635373054986,0.0012004195756675823,0.9781185159455468,-0.026714405818883402,0.45551270746109973
2021-06-11,0.00409882178389829,8.681064132141845e-05,0.0040120111425768715,0.982042738330281,-0.022809573170119335,0.17362128264283688
2021-06-14,0.002324644386524416,6.345436288847668e-05,0.0022611900236359393,0.9842633235729776,-0.02059995992577901,0.12690872577695336
2021-06-15,-0.0011783691721868473,2.104974906223757e-05,-0.0011994189212490849,0.9830827795191927,-0.021774670865316148,0.04209949812447514
2021-06-16,-0.0008594556372632751,5.953672098945494e-05,-0.00091899235825273,0.9821793339572846,-0.022673652467440242,0.11907344197890987
2021-06-17,0.00016321579945868174,4.703593952659909e-05,0.00011617985993208265,0.9822934434147319,-0.022560106829276005,0.09407187905319818
2021-06-18,-0.007199993665881443,0.0001898115667320865,-0.007389805232613529,0.9750344861866237,-0.029783197266394335,0.379623133464173
2021-06-21,0.002011508571985654,0.00020257374419499534,0.0018089348277906588,0.9767982600269838,-0.02802813830142159,0.40514748838999065
2021-06-22,0.0007848169495008296,0.00017722318735318403,0.0006075937621476456,0.9773917565566529,-0.02743757426127047,0.3544463747063681
2021-06-23,-0.0003597443267047511,0.0002088301769291344,-0.0005685745036338855,0.9768360365238128,-0.02799054845973792,0.41766035385826883
2021-06-24,0.005077369382405305,0.00012967759450861614,0.0049476917878966895,0.9816691201598433,-0.023181345278594057,0.25935518901723226
2021-06-25,0.003662971998819722,5.190786162209691e-05,0.003611064137197625,0.9852139903142468,-0.01965399046598404,0.1038157232441938
2021-06-28,-0.0026886323274286188,1.3876966868878013e-05,-0.0027025092942974966,0.9825514403485507,-0.022303384668377113,0.027753933737756024
2021-06-29,0.0027301346629506084,8.231939519543379e-05,0.0026478152677551748,0.9851530550536604,-0.01971462464306961,0.16463879039086757
2021-06-30,-0.0010181524024467984,2.3425859951703096e-05,-0.0010415782623985014,0.984126941046381,-0.02073566858098852,0.04685171990340619
2021-07-01,0.004077678542070679,0.00010896830610780743,0.003968710235962871,0.9880326557107986,-0.016849252205172527,0.21793661221561486
2021-07-02,0.000994812257080765,0.00013729584245991913,0.0008575164146208458,0.9888799099312521,-0.016006184300891624,0.27459168491983826
2021-07-05,-6.932442277776896e-05,0.000146906776774409,-0.00021623119955217795,0.9886660832421146,-0.016218954464012225,0.29381355354881794
2021-07-06,-0.00692609807087546,4.917980130440015e-05,-0.006975277872179861,0.9817698625887011,-0.02308110062200941,0.0983596026088003
2021-07-07,-0.002715812380873354,0.00010913537494448169,-0.0028249477558178354,0.9789964140186516,-0.025840845474423335,0.2182707498889634
2021-07-08,0.001234581980295793,7.2285729232099e-05,0.0011622962510636939,0.9801342978804704,-0.024708583941178697,0.144571458464198
2021-07-09,-0.0007016002601410074,0.0001952077158652474,-0.0008968079760062548,0.9792553056245739,-0.025583233062030697,0.39041543173049476
2021-07-12,0.0015071915242580163,0.00021601606469779072,0.0012911754595602257,0.9805196960438404,-0.024325090045176467,0.4320321293955814
2021-07-13,0.00010575484167278757,6.78097112246801e-05,3.7945130448107465e-05,0.9805569019916138,-0.02428806793344318,0.1356194224493602
2021-07-14,-0.0052033984464602235,0.00010589751106389864,-0.005309295957524122,0.9753508351957474,-0.029468411350072166,0.21179502212779727
2021-07-15,-0.006856201108222738,0.00010673336811960348,-0.006962934476342342,0.9685595312388336,-0.036226159209062025,0.21346673623920698
2021-07-16,0.0061850644397400895,0.00034755251578224216,0.005837511923957847,0.9742135090515033,-0.030600117921446346,0.6951050315644843
2021-07-19,0.008314160505777534,3.359295554484283e-05,0.00828056755023269,0.9822805498215534,-0.02257293671470728,0.06718591108968566
2021-07-20,0.0050002502912184065,0.00021162428024785793,0.004788626010970549,0.9869843240124995,-0.01789240405563275,0.42324856049571585
2021-07-21,0.006020338270944617,0.0001684605127893479,0.005851877758155269,0.9927600356258361,-0.012145230458810552,0.3369210255786958
2021-07-22,0.0034994518741933442,0.00013038085247474472,0.0033690710217185995,0.9961047146933836,-0.008817077581082744,0.2607617049494894
2021-07-23,0.004204698588880938,3.920778005588974e-05,0.004165490808825048,1.0002539797270662,-0.004688314227882295,0.07841556011177948
2021-07-26,0.003873812747493857,6.758083324379639e-06,0.0038670546641694776,1.0041220165447238,-0.0008393895311149535,0.013516166648759279
2021-07-27,-0.008948480658256843,5.725322929814737e-06,-0.008954205981186658,0.9951309011783378,-0.009786079445541551,0.011450645859629474
2021-07-28,0.0034262063479716482,0.00012560403388889793,0.0033006023140827504,0.9984154325335822,-0.0065177770879225605,0.25120806777779586
2021-07-29,-0.0025780922460528393,0.0003790353757313567,-0.002957127621784196,0.9954629906800215,-0.0094556308110475,0.7580707514627133
2021-07-30,-0.006177219486510868,0.0003271767069586344,-0.0065043961934695025,0.9889881049927026,-0.015898523835462752,0.6543534139172689
2021-08-02,-0.001795545626721227,0.00031704416816309775,-0.002112589794884325,0.986898778814833,-0.017977526571138602,0.6340883363261954
2021-08-03,0.007000710224772939,0.000301764549114105,0.006698945675658834,0.9935099601214875,-0.01139901136936261,0.60352909822821
2021-08-04,0.009431861756326229,0.0001256751040071627,0.009306186652319066,1.002755749251316,-0.002198906044498905,0.2513502080143254
2021-08-05,0.00033999929101460847,0.00012208959484539904,0.00021790969616920943,1.0029742594519673,-0.001981475511277808,0.24417918969079805
2021-08-06,0.004514063993943899,9.57164571726219e-05,0.004418347536771277,1.0074057483006618,0.0,0.19143291434524382
2021-08-09,0.002317662770533712,0.00010720523266639761,0.002210457537867315,1.009632575930684,0.0,0.21441046533279523
2021-08-10,0.0010390781597801504,0.00015252048836925336,0.000886557671410897,1.0105276734361817,0.0,0.3050409767385067
2021-08-11,-0.001776560555637059,1.4323355064992294e-05,-0.0017908839107020514,1.0087179356845057,-0.0017908839107019237,0.028646710129984584
2021-08-12,-0.007565159499437823,8.41592766977204e-05,-0.007649318776135543,1.0010019306392497,-0.009426503644913375,0.16831855339544083
2021-08-13,-0.005768160795667034,7.944595248663737e-05,-0.005847606748153671,0.9951484649947288,-0.015218987906741588,0.15889190497327474
2021-08-16,0.0007656649147273497,0.00017768461354461998,0.0005879803011827298,0.9957335926888979,-0.014639956070651827,0.35536922708923996
2021-08-17,-0.004108754344933161,0.00026788055186304573,-0.004376634896796207,0.9913756302992235,-0.018952517224821608,0.5357611037260914
2021-08-18,0.002344939780714646,0.00016807822586732438,0.0021768615548473217,0.9935337177952345,-0.016816912676088536,0.3361564517346488
2021-08-19,-0.002658765557833156,0.00022904145955849936,-0.0028878070173916554,0.9906645841529702,-0.01965615569504331,0.4580829191169987
2021-08-20,0.00018393410678627065,0.000140014835846526,4.3919270939744663e-05,0.9907080934192521,-0.019613099708131077,0.280029671693052
2021-08-23,-0.008259569948426092,0.00020525736443793608,-0.00846482731286403,0.9823219204910014,-0.027911905518895774,0.41051472887587215
2021-08-24,-0.005207689150108104,0.00044269464617100634,-0.00565038379627911,0.9767714246287292,-0.03340457633650762,0.8853892923420126
2021-08-25,-0.00171945568092773,9.114980732267505e-06,-0.0017285706616599974,0.9750830062009682,-0.03507540482754712,0.01822996146453501
2021-08-26,0.0151616229134308,0.0001514005472459095,0.01501022236618489,0.9897192189495329,-0.020591672087407642,0.302801094491819
2021-08-27,0.00800886203778508,0.000233803297768374,0.0077750587400167055,0.9974143440129889,-0.012976714807425682,0.467606595536748
2021-08-30,-0.004171229409828321,0.0002479736463114126,-0.0044192030561397335,0.993006567495689,-0.017338571125829816,0.4959472926228252
2021-08-31,0.0025293425942107778,0.00015123856293952764,0.00237810403127125,0.9953680404169293,-0.015001700020449538,0.3024771258790553
2021-09-01,0.01523256238540695,1.755465512897711e-05,0.015215007730277973,1.0105125728463444,-1.4943271950063064e-05,0.035109310257954225
2021-09-02,6.289057874255842e-05,0.0001730886665098788,-0.00011019808776732037,1.010401216293152,-0.0001251397129974352,0.3461773330197576
2021-09-03,-0.0005783809191611663,3.436016917209007e-05,-0.0006127410883332564,1.0097821019522273,-0.0007378041230866605,0.06872033834418015
2021-09-06,0.00020643752239437086,0.00041275550972987046,-0.0002063179873354996,1.009573765741305,-0.0009439698881604786,0.8255110194597408
2021-09-07,-0.009222206554007899,0.00017913483294309949,-0.009401341386950998,1.0000824181142614,-0.010336436691933848,0.35826966588619896
2021-09-08,0.013678152591396106,0.00040521732696252545,0.01327293526443358,1.0133564473089902,0.0,0.8104346539250509
2021-09-09,0.004074958566738829,0.0003741951613511247,0.003700763405387704,1.0171066397658048,0.0,0.7483903227022494
2021-09-10,-0.016219768193718617,0.00014520700721587135,-0.016364975200934488,1.0004617148293315,-0.016364975200934606,0.29041401443174275
2021-09-13,0.012185439853984882,0.0003876880883014492,0.011797751765683434,1.0122649137919582,-0.00476029335032313,0.7753761766028984
2021-09-14,0.0010415154080336327,0.00011570403238259806,0.0009258113756510347,1.0132020801643191,-0.0038388891084073506,0.2314080647651961
2021-09-15,0.002758647303153851,0.0002826936423266196,0.0024759536608272314,1.0157107215638597,-0.0013724403591216516,0.5653872846532393
2021-09-16,-0.0010601960801419209,0.0002826936423266196,-0.0013428897224685406,1.0143467340748704,-0.0027134870455371995,0.5653872846532393
2021-09-17,-0.00976104577800004,0.00020790562424913953,-0.00996895140224918,1.004234760777848,-0.012655387827298803,0.41581124849827905
2021-09-20,-0.005043950761287334,0.0002835364758535404,-0.005327487237140874,0.9988847129067108,-0.01791545364730862,0.5670729517070808
2021-09-21,-0.007719657884460407,0.00028965852117581863,-0.008009316405636227,0.9908843291882878,-0.02578127951613296,0.5793170423516373
2021-09-22,-0.009344001055680291,0.00011774084876899161,-0.009461741904449284,0.9815088374083449,-0.03499908560783416,0.2354816975379832
2021-09-23,0.008465842645349827,0.0003330775453679857,0.00813276509998184,0.9894912182265433,-0.02715095984981497,0.6661550907359715
2021-09-24,0.0036633925065816947,1.0669070168235084e-05,0.0036527234364134597,0.9931055559894847,-0.023597411360765985,0.02133814033647017
2021-09-27,0.021111265329074477,0.00011929076993152879,0.020991974559142947,1.0139528025553595,-0.003100793060569873,0.23858153986305758
2021-09-28,0.0053113781189298055,0.00026421723184457633,0.005047160887085229,1.0190703854817673,0.0,0.5284344636891527
2021-09-29,-0.010549192311552576,0.0002659181469848613,-0.010815110458537436,1.0080490266977578,-0.010815110458537336,0.5318362939697227
2021-09-30,0.017747320415819248,1.9151312596276907e-05,0.01772816910322297,1.025919890307395,0.0,0.03830262519255381
2021-10-01,-0.01388593117312612,0.00010722423381436455,-0.013993155406940485,1.0115640338472522,-0.01399315540694046,0.2144484676287291
2021-10-04,0.0049809638383751615,0.00023305071506987815,0.004747913123305284,1.0163668519986193,-0.009311680569828229,0.4661014301397563
2021-10-05,0.008208147881390014,0.00013978446829434729,0.008068363413095667,1.0245672691215681,-0.0013184471795566477,0.2795689365886946
2021-10-06,-0.008605449121664168,7.044793809226642e-05,-0.008675897059756434,1.0156782289638737,-0.009982905527304409,0.14089587618453284
2021-10-07,-0.0015664788444738986,7.27219886595823e-05,-0.001639200833133481,1.0140133283647605,-0.011605742373380523,0.14544397731916459
2021-10-08,0.00090896072873974,0.00010326632284066175,0.0008056944058990783,1.0148303132309313,-0.01080939864918773,0.2065326456813235
2021-10-11,0.001600548231032076,7.443855502353704e-05,0.001526109676008539,1.01637905559146,-0.009299785301049357,0.1488771100470741
2021-10-12,0.001615337456974439,1.3872785990161232e-05,0.0016014646709842778,1.0180067507413182,-0.007713213907672434,0.027745571980322466
2021-10-13,-0.005211949157628772,1.9471331418265397e-05,-0.005231420489047037,1.012681129367502,-0.012904283331446331,0.03894266283653079
2021-10-14,-0.002310291050616236,0.00010787833161886304,-0.002418169382235099,1.0102322948664983,-0.01529124797082948,0.2157566632377261
2021-10-15,0.00020790296560596583,0.0001339059127204729,7.399705288549293e-05,1.0103070490790482,-0.015218382425228771,0.2678118254409458
2021-10-18,-0.004131987486219903,0.0001549430190405165,-0.00428693050526042,1.0059759329706717,-0.019440072782629714,0.309886038081033
2021-10-19,0.0015993632742375599,0.0001136440998854149,0.001485719174352145,1.007470530703223,-0.01798323609716157,0.2272881997708298
2021-10-20,0.0017772635906475034,9.653302041508358e-06,0.001767610288605995,1.0092513459787613,-0.016247413161703306,0.019306604083016717
2021-10-21,-0.00862767373987516,0.0001173763874476039,-0.008745050127322764,1.0004253923671091,-0.024850378846487664,0.2347527748952078
2021-10-22,0.0020432736535551475,0.00016820345591875608,0.0018750701976363914,1.0023012602052954,-0.023021904853626207,0.33640691183751215
2021-10-25,0.003773583303109118,1.0107350881492922e-05,0.0037634759522276254,1.0060733968949656,-0.019345071286689608,0.020214701762985843
2021-10-26,0.0008516932373218652,0.00019835664675588345,0.0006533365905659818,1.0067307014579518,-0.01870437353904253,0.3967132935117669
2021-10-27,-0.0025318198120457647,9.067831966615419e-05,-0.0026224981317119187,1.0040905520742414,-0.02127781948609353,0.18135663933230836
2021-10-28,-0.005144470179921702,0.00014490724736384534,-0.005289377427285547,0.9987795381731492,-0.02645465049528739,0.2898144947276907
2021-10-29,-0.00472636526787478,0.00021889458222402536,-0.004945259850098806,0.9938403138239212,-0.031269085224443494,0.4377891644480507
2021-11-01,0.0019852618433199606,0.00024493126269405226,0.0017403305806259085,0.9955699245143278,-0.029583173189062006,0.48986252538810454
2021-11-02,0.0009993369777282933,5.260871855310424e-05,0.000946728259175189,0.9965124586958503,-0.028664452155941156,0.10521743710620848
2021-11-03,-0.002315964376799912,7.804493699470814e-05,-0.00239400931379462,0.99412679858842,-0.030989838504299594,0.1560898739894163
2021-11-04,-0.0006306967089173236,0.00027586916995167316,-0.0009065658788689968,0.9932255571535505,-0.031868310052988846,0.5517383399033463
2021-11-05,-0.004985960219203749,0.0002768440095588986,-0.005262804228762648,0.9879984054912476,-0.03696339760484124,0.5536880191177972
2021-11-08,-0.0007067274832189279,0.00042619445709726473,-0.0011329219403161926,0.9868790804206692,-0.03805444290102222,0.8523889141945296
2021-11-09,-0.015228542340760104,0.00023910948406348704,-0.01546765182482359,0.9716143784115202,-0.05293348185266522,0.47821896812697406
2021-11-10,-0.012966807851086512,0.00043615800370332857,-0.01340296585478984,0.9585918640736477,-0.06562698205760864,0.8723160074066572
2021-11-11,0.00383828265772975,0.0004501973418312632,0.003388085315898487,0.9618396550922554,-0.062461246555946204,0.9003946836625265
2021-11-12,0.003075848481024251,0.0002508542710220078,0.0028249942100022434,0.9645568465488417,-0.05981270500581404,0.5017085420440155
2021-11-15,-0.0006449596962932542,1.282744704511428e-05,-0.0006577871433383685,0.9639223734561628,-0.06043114812079131,0.02565489409022856
2021-11-16,0.0009740690956396097,0.00015775492609262316,0.0008163141695469865,0.9647092369479584,-0.05966416475373737,0.3155098521852463
2021-11-17,0.003219923589099753,0.0002295375642940125,0.00299038602480574,0.9675940899681286,-0.056852197613392885,0.459075128588025
2021-11-18,-0.0017019718428668573,0.00011715786648670598,-0.0018191297093535634,0.9658339108124726,-0.05856790580102589,0.23431573297341196
2021-11-19,-0.002544423078228641,0.00019385153870762312,-0.0027382746169362644,0.9631891923303186,-0.061145805408139964,0.38770307741524623
2021-11-22,-0.010060330519808229,0.00024499122777588606,-0.010305321747584115,0.953263217799559,-0.07082099995747804,0.48998245555177217
2021-11-23,7.140669814376967e-06,0.0002450885271087326,-0.00023794785729435564,0.9530363908594461,-0.07104209610958101,0.4901770542174652
2021-11-24,0.0010980271161005588,0.00015607889885677935,0.0009419482172437793,0.9539341017887846,-0.07016706586811705,0.31215779771355867
2021-11-25,0.0009575054417777399,9.154428466084953e-05,0.0008659611571168904,0.9547601716673828,-0.0693618666645508,0.18308856932169906
2021-11-26,-0.007560519624229095,8.294629972509602e-05,-0.007643465923954191,0.9474624948296946,-0.07647516752423256,0.16589259945019202
2021-11-29,-0.007758229932242604,0.0006402765316870561,-0.00839850646392966,0.9395052249425364,-0.08423139679937997,1.280553063374112
2021-11-30,0.011359033983492889,0.0001316210164984903,0.011227412966994399,0.9500534380876153,-0.07394968450903883,0.26324203299698057
2021-12-01,-0.0022891199489894196,0.0001336804278505022,-0.002422800376839922,0.9477516482597985,-0.07619331956238318,0.26736085570100443
2021-12-02,-0.000862652532025097,0.00019252771567547245,-0.0010551802477005694,0.9467515994408291,-0.07716810212427483,0.3850554313509449
2021-12-03,0.0005409669852970931,0.00012028070179567303,0.00042068628350142007,0.9471498848525969,-0.0767798794028609,0.24056140359134603
2021-12-06,-0.006781526723369308,6.31678996230842e-05,-0.006844694622992393,0.9406669331285784,-0.08309903919815054,0.1263357992461684
2021-12-07,-0.007735086116320277,0.00013183216936558614,-0.007866918285685863,0.9332667832316092,-0.09031222413284556,0.26366433873117223
2021-12-08,-0.002018166605183743,7.934802019914371e-05,-0.002097514625382887,0.9313092425043968,-0.09222030754725896,0.1586960403982874
2021-12-09,0.001868566159037632,0.00010287699126188182,0.00176568916777575,0.9329536451457363,-0.09061745077756833,0.20575398252376362
2021-12-10,-0.001112393350148928,0.00020818735827368275,-0.0013205807084226107,0.9317216045601043,-0.09181836382864761,0.41637471654736546
2021-12-13,0.002065913805876864,4.448711783574121e-05,0.0020214266880411226,0.9336050114773867,-0.0899825412317019,0.08897423567148241
2021-12-14,0.0030128400981812185,2.0918746453682474e-05,0.0029919213517275362,0.9363982842453058,-0.08725984056636815,0.04183749290736495
2021-12-15,-0.00020197513075313826,1.5509256361817252e-05,-0.0002174843871149555,0.9361946322383612,-0.08745834730053781,0.031018512723634505
2021-12-16,-0.006098352088413363,2.1806711019075157e-05,-0.006120158799432438,0.9304649724218862,-0.09304324712615497,0.043613422038150315
2021-12-17,0.0021828820988296443,0.0001684389934505166,0.0020144431053791276,0.9323393411703783,-0.09121623434845116,0.3368779869010332
2021-12-20,0.003641128507484784,9.471187865775979e-05,0.0035464166288270245,0.9356458049136146,-0.08799330848993647,0.18942375731551958
2021-12-21,-0.009083720516340656,9.772077533120106e-05,-0.009181441291671857,0.9270552278860011,-0.09636684438564802,0.19544155066240212
2021-12-22,-0.005358244063566377,0.00015282512602728454,-0.0055110691895936615,0.9219461623825469,-0.10134682922824956,0.3056502520545691
2021-12-23,0.00012523989401379713,0.00024701209695396576,-0.00012177220294016863,0.9218338949673613,-0.10145626020453358,0.4940241939079315
2021-12-24,-7.658139984135759e-05,1.1576116394018192e-05,-8.815751623537578e-05,0.9217526283807994,-0.10153547358886283,0.023152232788036384
2021-12-27,-0.004927898882502141,2.012338816228365e-06,-0.004929911221318369,0.9172084697548653,-0.10596482393957352,0.00402467763245673
2021-12-28,-0.0002616026875492342,9.780359364998748e-06,-0.0002713830469142329,0.9169595549256877,-0.10620744992970121,0.019560718729997498
2021-12-29,0.0009262291874480541,0.0002072138218160523,0.0007190153656320018,0.9176188629353423,-0.10556479935251328,0.41442764363210466
2021-12-30,0.018884589152597664,0.0001951163046136948,0.01868947284798397,0.9347686757589704,-0.08884827695573094,0.39023260922738956
2021-12-31,-0.006155984897870324,0.00010636729410414438,-0.006262352191974468,0.9289148250933421,-0.09455422994575857,0.21273458820828875
2022-01-03,-0.004418403981300229,8.547672904244977e-06,-0.004426951654204474,0.9248025640717801,-0.0985625945952926,0.017095345808489953
2022-01-04,0.005708363403129958,0.00015694524764371147,0.005551418155486247,0.9299365298162084,-0.09355833861689444,0.31389049528742297
2022-01-05,-0.005928078122694431,0.0001593552716974731,-0.006087433394391904,0.9242756031299404,-0.09907624185646602,0.3187105433949462
2022-01-06,-0.0017167724830052385,6.187943129875494e-05,-0.0017786519143039934,0.9226316385590888,-0.10067867162353006,0.12375886259750987
2022-01-07,-0.004667809171071598,0.00024175756382134174,-0.00490956673489294,0.9181019169578594,-0.10509394970130681,0.4835151276426835
2022-01-10,-0.007493537949965962,9.712458686880883e-05,-0.007590662536834771,0.911132915131811,-0.11188687953129595,0.19424917373761766
2022-01-11,-0.01081599799053864,0.00023534313660785684,-0.011051341127146497,0.9010636744745181,-0.1217017205850901,0.47068627321571366
2022-01-12,0.003231541734348115,0.0006282479813420845,0.0026032937530060304,0.9034094079093382,-0.11941525216101334,1.256495962684169
2022-01-13,-0.0020967930900596407,0.000151423318248813,-0.002248216408308454,0.9013783480550562,-0.12139499724001113,0.302846636497626
2022-01-14,-0.001881130897754359,0.000132470613709534,-0.0020136015114638932,0.8995633312510117,-0.12316415760154842,0.264941227419068
2022-01-17,0.0012558380357001828,0.00014708559210449389,0.001108752443595689,0.9005607242927054,-0.12219196371865682,0.29417118420898775
2022-01-18,0.0014832788185618804,1.601139513837258e-05,0.0014672674234235078,0.9018820877062748,-0.12090398458300178,0.032022790276745164
2022-01-19,0.004821224236142907,7.711987302411205e-05,0.004744104363118795,0.9061607104535809,-0.11673346134066154,0.1542397460482241
2022-01-20,0.00391781324439199,0.00025826613666396714,0.003659547107728023,0.9094768482606581,-0.11350110583375783,0.5165322733279343
2022-01-21,-0.007323163500092471,0.0001523974483666626,-0.007475560948459133,0.902677998650273,-0.12012818234783929,0.30479489673332516
2022-01-24,-0.0023163383992424505,0.00011318207447161408,-0.0024295204737140646,0.9004849239713809,-0.12226584894306913,0.22636414894322815
2022-01-25,0.002181292022879806,5.126033164801046e-05,0.002130031691231796,0.9024029853969164,-0.12039624738484145,0.10252066329602091
2022-01-26,-0.010554286238910502,9.455981995231953e-05,-0.010648846058862821,0.8927934349223664,-0.12976301233923837,0.18911963990463904
2022-01-27,-0.002653530006343317,0.0002623410956319025,-0.0029158711019752195,0.8901901643454431,-0.13230051122342834,0.5246821912638049
2022-01-28,-0.0365654151317803,0.0004311365845706546,-0.03699655171635095,0.8572561978928499,-0.16440240023420205,0.8622731691413092
2022-01-31,-0.0051666343730034,0.00037263908558139394,-0.005539273458584793,0.8525076213886547,-0.16903100384064196,0.7452781711627878
2022-02-01,-0.011954849283374312,0.00017497716416876153,-0.012129826447543074,0.8421668518960025,-0.17911051354734409,0.34995432833752305
2022-02-02,-0.003705239333434387,0.00036399659157453497,-0.004069235925008922,0.8387398762874155,-0.18245090653607943,0.72799318314907
2022-02-03,0.0006413055007217408,0.0003609679034431583,0.00028033759727858246,0.8389750066090758,-0.18222171678756038,0.7219358068863166
2022-02-04,0.0025043425847054803,0.00021365691558422945,0.002290685669121251,0.840896834633466,-0.1803484437936872,0.4273138311684589
2022-02-07,-4.293260581616186e-05,0.00016234931011235,-0.00020528191592851186,0.8407242137201543,-0.18051670343553894,0.3246986202247
2022-02-08,-0.003300267544982955,0.00012894333842181617,-0.003429210883404771,0.8378411930965232,-0.1833268844748862,0.2578866768436323
2022-02-09,-0.0005312727030793263,0.00010701511794652506,-0.0006382878210258513,0.8373064092670159,-0.18384815697828516,0.21403023589305012
2022-02-10,0.003799088075124554,0.00026186616954939083,0.003537221905575163,0.8402681478395537,-0.1809612468008731,0.5237323390987817
2022-02-11,0.0025463197065239912,8.790119857401568e-06,0.0025375295866665896,0.84240035312543,-0.178882911732004,0.017580239714803138
2022-02-14,0.0024922701492358776,0.00011288460308009313,0.0023793855461557846,0.8444047483497332,-0.17692915760047756,0.22576920616018625
2022-02-15,-0.005845559861911291,3.1409422279694844e-05,-0.005876969284190986,0.8394422075802568,-0.1817663196599728,0.06281884455938969
2022-02-16,0.003709111799741653,0.00017913011162568415,0.003529981688115969,0.8424054232012468,-0.17887796975177273,0.3582602232513683
2022-02-17,0.0011691820357595166,8.422437699363039e-05,0.0010849576587658861,0.843319397416935,-0.17798708711627342,0.16844875398726078
2022-02-18,-0.0003374197597869745,1.281649268177611e-05,-0.0003502362524687506,0.8430240363915494,-0.17827498583836277,0.02563298536355222
2022-02-21,0.0010256059966437569,0.00010008622091980218,0.0009255197757239547,0.8438042718086404,-0.17751446308754915,0.20017244183960434
2022-02-22,0.00562224725660163,3.1994834898324498e-06,0.005619047773111798,0.8485456483230889,-0.1728928775629447,0.0063989669796649
2022-02-23,0.002411824750081041,0.00010179663056310948,0.0023100281195179316,0.8505058126314097,-0.17098223685226166,0.20359326112621895
2022-02-24,0.003420469542803478,9.329191293432453e-05,0.0033271776298691535,0.8533355965452706,-0.16822394749595226,0.18658382586864905
2022-02-25,-0.008947032023004448,0.0001497246407204097,-0.009096756663724857,0.8455730102710037,-0.17579041184429534,0.2994492814408194
2022-02-28,0.007708804654961668,0.000212839286590743,0.007495965368370925,0.8519113962724243,-0.16961216531520096,0.42567857318148605
2022-03-01,0.016562424278108404,3.0886070880003644e-05,0.0165315382072284,0.8659948020690752,-0.1558845770992915,0.06177214176000729
2022-03-02,0.005288362570990779,0.00021177391834164205,0.005076588652649138,0.8703911014545123,-0.15159935032186755,0.4235478366832841
2022-03-03,-0.0004940641049494103,0.00019505463426982468,-0.0006891187392192349,0.8697912986360502,-0.15218399910792657,0.39010926853964933
2022-03-04,0.019968401402536137,0.0001232151378103765,0.01984518626472576,0.8870524689689203,-0.1353589326520085,0.24643027562075298
2022-03-07,0.012971179112100393,0.00013636376696402188,0.01283481534513637,0.8984376236095837,-0.12426142421277542,0.2727275339280438
2022-03-08,0.0093732763681589,8.460240959131399e-05,0.009288673958567587,0.9067829177674034,-0.11612697410934758,0.16920481918262797
2022-03-09,-0.03111239351946438,0.00011684040032910041,-0.03122923391979348,0.8784647819139723,-0.1437296515902825,0.23368080065820082
2022-03-10,-0.0003442063609504067,5.6062299595324284e-05,-0.000400268660545731,0.8781131599923789,-0.14407238977570547,0.11212459919064856
2022-03-11,0.004288375652077454,1.3145283501617022e-05,0.004275230368575837,0.8818672960410244,-0.14041310206317204,0.026290567003234042
2022-03-14,-0.0070785989062595615,7.563928565948444e-06,-0.00708616283482551,0.8756182407825704,-0.14650427479263495,0.015127857131896889
2022-03-15,-0.012507596379344618,1.1723939573128675e-05,-0.012519320318917747,0.8646560955491261,-0.157189461167333,0.02344787914625735
2022-03-16,-0.007803236001542252,1.099786086726139e-05,-0.007814233862409514,0.8578994706079474,-0.16377537981947488,0.021995721734522782
2022-03-17,0.012426629891214432,1.7380395231024283e-05,0.012409249495983408,0.8685453591811934,-0.15339845987297085,0.034760790462048566
2022-03-18,-0.0013487701280312904,0.00012128479012493952,-0.00147005491815623,0.8672685498042872,-0.15464301063075325,0.242569580249879
2022-03-21,0.011597346803912046,9.203048561470041e-05,0.011505316318297345,0.8772467488026967,-0.14491691106617643,0.18406097122940085
2022-03-22,-0.0019498533569955122,1.2460157412023497e-05,-0.001962313514407536,0.875525315652051,-0.14659485216753265,0.024920314824046996
2022-03-23,0.00573135806858254,0.00010897157437868703,0.005622386494203852,0.8804478573621066,-0.14179667859027545,0.21794314875737408
2022-03-24,-0.0014493169450115757,3.707567641923114e-05,-0.0014863926214308068,0.8791391661633691,-0.14307230567490625,0.07415135283846228
2022-03-25,0.002204524274238443,5.8521923646633025e-05,0.00214600235059181,0.8810258008804529,-0.1412333368285974,0.11704384729326604
2022-03-28,-0.0074749447675443,5.634031877140223e-05,-0.0075312850863157015,0.8743905444056226,-0.1477009533915653,0.11268063754280445
2022-03-29,-0.005852568528892021,3.6083203340269874e-05,-0.005888651732232291,0.8692415630116609,-0.15271984564875596,0.07216640668053975
2022-03-30,0.004602512718113953,2.947560889546077e-05,0.004573037109218492,0.8732166369361883,-0.14884520206100338,0.05895121779092154
2022-03-31,-0.004274481578095808,7.725651305974875e-05,-0.004351738091155557,0.8694166268354024,-0.15254920481666423,0.1545130261194975
2022-04-01,-0.0030084535937686266,0.00011439470479310937,-0.003122848298561736,0.8667015706015483,-0.1551956650905173,0.22878940958621877
2022-04-04,0.001865812929284015,6.606352644730072e-05,0.0017997494028367143,0.8682614162356761,-0.15367522899325003,0.13212705289460142
2022-04-05,0.002105393292707499,5.0498434939516826e-05,0.0020548948577679823,0.8700456021550971,-0.15193612057330663,0.10099686987903364
2022-04-06,0.0018575892737730645,0.0001561412060548697,0.001701448067718195,0.8715259395637106,-0.1504931839243545,0.3122824121097394
2022-04-07,0.007133715471505882,3.04515783299368e-05,0.007103263893175945,0.8777166183021796,-0.14445891283071755,0.06090315665987361
2022-04-08,-0.0009584985194874633,4.376543924841373e-05,-0.001002263958735877,0.8768369145696717,-0.14531639082760517,0.08753087849682746
2022-04-11,0.007869023568358124,4.430616610374498e-05,0.00782471740225438,0.883697915634044,-0.13862873311749246,0.08861233220748996
2022-04-12,0.002529068036060967,4.716055447718045e-05,0.0024819074815837865,0.8858911721023162,-0.13649088932579534,0.0943211089543609
2022-04-13,0.004488067496587672,2.92218914758459e-06,0.0044851453074400876,0.8898645227357735,-0.13261792549012308,0.00584437829516918
2022-04-14,0.0035910278489441425,0.00010650116223785557,0.003484526686706287,0.8929652794127995,-0.12959550950392285,0.21300232447571113
2022-04-15,0.0005259694446781231,1.631113917581642e-05,0.0005096583055023067,0.8934203865839773,-0.12915190062619508,0.03262227835163284
2022-04-18,0.003549321929495878,1.950888758227356e-06,0.003547371040737651,0.89658968019055,-0.12606267929759496,0.003901777516454712
2022-04-19,-0.0072413188646026265,4.486433021769096e-06,-0.007245805297624396,0.8900931659360299,-0.13239505896573212,0.008972866043538192
2022-04-20,-0.004019430058728795,0.00010993720135335658,-0.004129367260082152,0.8864176443581908,-0.13597771840392459,0.21987440270671316
2022-04-21,0.0009003545900808073,1.2144006858681889e-05,0.0008882105832221254,0.8872049698910647,-0.1352102846692711,0.024288013717363777
2022-04-22,-0.0044186921852231165,1.6411733646535947e-05,-0.004435103918869652,0.8832701236522601,-0.13904571692473267,0.032823467293071895
2022-04-25,0.00017461663572522322,1.3235098434547627e-05,0.0001613815372906756,0.8834126671426581,-0.13890677479899294,0.026470196869095255
2022-04-26,0.006110785241262018,0.00014729192436051751,0.0059634933169015,0.8886808926792295,-0.13377165110527756,0.29458384872103505
2022-04-27,0.008125928397808463,1.7474448265985033e-05,0.008108453949542477,0.8958867207733572,-0.12674787842847657,0.034948896531970065
2022-04-28,-0.007035011150863609,3.818771909392613e-06,-0.007038829922773001,0.8895807265157627,-0.1328945515919192,0.0076375438187852255
2022-04-29,0.011768957818915904,2.692171907506111e-05,0.011742036099840843,0.9000262155202334,-0.12271296811434285,0.05384343815012223
2022-05-02,0.007972434794351153,7.888893525727827e-06,0.007964545900825425,0.9071945156256906,-0.11572577528069061,0.015777787051455654
2022-05-03,0.007210932780911739,5.906276291923389e-06,0.007205026504619815,0.9137308761556194,-0.10935455605423583,0.011812552583846777
2022-05-04,0.0028803597920613816,2.9626780276844797e-06,0.0028773971140336973,0.916360042741673,-0.10679181542419913,0.005925356055368959
2022-05-05,0.007255358438884489,0.00011317766977792104,0.007142180769106567,0.9229048518165203,-0.10041236110551321,0.22635533955584206
2022-05-06,-0.0003346353527966487,5.032396948319649e-06,-0.00033966774974496835,0.922591370802275,-0.1007179220145149,0.010064793896639298
2022-05-09,-0.004222762347382899,3.4682659649426104e-05,-0.004257445007032326,0.9186634887771218,-0.10454656600734791,0.06936531929885222
2022-05-10,0.005442517247322616,0.00011241988767902377,0.0053300973596435925,0.9235600546130536,-0.09977371202314,0.22483977535804756
2022-05-11,0.0023507011305906812,3.0557211803604324e-06,0.002347645409410321,0.9257282461355806,-0.09766029991074066,0.0061114423607208646
2022-05-12,0.004931321597589452,1.2713706218680603e-05,0.004918607891370771,0.9302815403922878,-0.09322204474118456,0.025427412437361206
2022-05-13,-0.004582245524309543,7.5199940959525e-05,-0.004657445465269069,0.9259488048505643,-0.09744531361691067,0.15039988191905002
2022-05-16,0.0033193649441541147,0.00013327058048863926,0.0031860943636654753,0.9288989651187415,-0.09456968921772557,0.2665411609772785
2022-05-17,-0.001556769970474388,6.108916019541899e-06,-0.0015628788864939299,0.9274472085384713,-0.0959847671336389,0.012217832039083798
2022-05-18,0.0021178671871137362,7.108418888331114e-06,0.002110758768225405,0.9294048258659601,-0.09407660905425685,0.014216837776662227
2022-05-19,-0.0006099328246662197,4.6726389072241756e-05,-0.0006566592137384615,0.9287945236237621,-0.09467149199586267,0.09345277814448352
2022-05-20,-0.0021858431823669846,8.484248447013865e-05,-0.0022706856668371234,0.9266855232115329,-0.09672720846276661,0.1696849689402773
2022-05-23,0.0003083676240453877,1.8953602050256674e-05,0.0002894140219951311,0.9269537189959302,-0.09646578865120914,0.03790720410051335
2022-05-24,0.00013415276770796026,3.1001321680841303e-05,0.00010315144602711895,0.9270493356124447,-0.09637258779077362,0.06200264336168261
2022-05-25,0.0008526216775972472,5.082639525460227e-05,0.0008017952823426449,0.9277926393962377,-0.09564806359466871,0.10165279050920455
2022-05-26,0.0004940770855560983,1.8823005675033972e-05,0.00047525407988106437,0.9282335766333945,-0.09521826664724364,0.03764601135006794
2022-05-27,-0.0048942191634111535,2.1816942973110436e-05,-0.004916036106384264,0.9236703468555065,-0.09966620631680267,0.04363388594622088
2022-05-30,0.00047655466611219727,4.60969601541178e-05,0.00043045770595807946,0.9240679478740755,-0.09927865069737718,0.0921939203082356
2022-05-31,2.217382359129101e-05,3.815609802162998e-05,-1.598227443033897e-05,0.9240531791665403,-0.09929304627316704,0.07631219604325996
2022-06-01,0.0010008511656492852,8.739188872836941e-05,0.0009134592769209158,0.9248972641154182,-0.09847028715049821,0.17478377745673881
2022-06-02,-0.006889810491601676,6.626879317953821e-05,-0.006956079284781214,0.9184636054159541,-0.1047413993106654,0.13253758635907642
2022-06-03,0.0031024827864813225,8.725575430792521e-05,0.0030152270321733973,0.9212329817070718,-0.10204199137708103,0.1745115086158504
2022-06-06,0.004514409469032433,2.630763732675633e-05,0.004488101831705677,0.9253675691396991,-0.09801186439378562,0.05261527465351265
2022-06-07,-0.0004162875130512495,4.790583605713211e-05,-0.0004641933491083816,0.9249380196686238,-0.09843056128730887,0.09581167211426422
2022-06-08,-0.000517272035954507,4.124751550411998e-05,-0.000558519551458627,0.9244214237007514,-0.09893410544582748,0.08249503100823996
2022-06-09,0.0024141320487507684,2.505953505662031e-05,0.0023890725136941483,0.9266299335151849,-0.09678139368412086,0.05011907011324061
2022-06-10,0.005838568302191527,0.00013503080569422915,0.005703537496497298,0.9319150020863656,-0.09162985249546418,0.2700616113884583
2022-06-13,0.007699682022862477,6.703751708902766e-05,0.007632644505773449,0.939027978006888,-0.08469658607990505,0.1340750341780553
2022-06-14,-0.003892531601861574,9.072225024219925e-05,-0.003983253852103773,0.9352875911962588,-0.08834247192924594,0.1814445004843985
2022-06-15,-0.006621213499701601,7.866357734493288e-05,-0.006699877077046534,0.9290212793035569,-0.09445046530368406,0.15732715468986574
2022-06-16,0.005150396107983895,1.0941940785621526e-05,0.005139454167198273,0.9337959415888895,-0.0897964349739847,0.021883881571243054
2022-06-17,-0.007459687327304617,8.308272972113667e-05,-0.007542770057025754,0.9267525335213006,-0.09666189117006097,0.16616545944227332
2022-06-20,0.001085912871092521,0.00016342584189359233,0.0009224870291989288,0.9276074507127512,-0.09582857348168439,0.32685168378718465
2022-06-21,-0.0023747847769115954,1.123697681312154e-05,-0.002386021753724717,0.9253941591564334,-0.09798594617445344,0.02247395362624308
2022-06-22,0.00196844102573837,1.481057268403655e-05,0.0019536304530543332,0.92720203736684,-0.09622374404981682,0.029621145368073098
2022-06-23,0.003976840192272876,1.4322105358726322e-05,0.003962518086914149,0.9308760922101297,-0.09264251428909076,0.028644210717452646
2022-06-24,-0.005199700939857459,1.5247300112127684e-05,-0.005214948239969586,0.9260216215714286,-0.09737433661222217,0.03049460022425537
2022-06-27,0.0003480154964425803,1.6616023474221693e-05,0.0003313994729683586,0.9263285046487747,-0.0970752069430878,0.03323204694844338
2022-06-28,0.0016241389713609956,7.306096351226942e-06,0.0016168328750097685,0.9278262230281494,-0.095615328454012,0.014612192702453886
2022-06-29,-0.0017882371796688068,0.00010293953867785662,-0.0018911767183466635,0.926071539676487,-0.09732567968926942,0.20587907735571323
2022-06-30,0.004300223833414984,0.00010236270726401006,0.004197861126150974,0.9299590593929298,-0.09353637825046224,0.20472541452802015
2022-07-01,-0.007277601429520404,0.00013284306365786959,-0.007410444493178274,0.9230676494023702,-0.10025367660452245,0.26568612731573915
2022-07-04,0.0005965021414177784,0.0001610954096392771,0.00043540673177850124,0.9234695592708069,-0.09986192099842317,0.3221908192785542
2022-07-05,0.00763664066189165,9.927642868721727e-06,0.0076267130190229284,0.9305125965811688,-0.0929968261923837,0.019855285737443454
2022-07-06,0.0018170008098792596,0.0001401001207614544,0.0016769006891178052,0.9320729737956085,-0.09147587194519369,0.2802002415229088
2022-07-07,-0.01160690781220176,0.00011961221469274844,-0.011726520026894508,0.9211430014018671,-0.10212969832774532,0.23922442938549687
2022-07-08,0.0010151886706740558,0.00016397076912001775,0.000851217901554038,0.9219270948145516,-0.10136541505368823,0.32794153824003547
2022-07-11,0.0029234973603705595,8.919147915444653e-06,0.002914578212455115,0.9246141234385701,-0.09874627427144511,0.01783829583088931
2022-07-12,0.004082891395661014,4.0532733243964336e-05,0.00404235866241705,0.9283517453498451,-0.09510308346621066,0.08106546648792867
2022-07-13,-0.0002503834071938285,0.00015645985653218655,-0.00040684326372601503,0.9279740516958813,-0.09547123468106877,0.3129197130643731
2022-07-14,0.00650580714366634,7.852842490011259e-06,0.006497954301176329,0.9340039846764786,-0.08959364809992687,0.015705684980022516
2022-07-15,-0.002805716432230654,8.047336745863153e-06,-0.002813763768976517,0.9313759181043163,-0.09215531650794928,0.016094673491726306
2022-07-18,-0.009245502164078236,6.287963208302347e-06,-0.009251790127286538,0.9227590235804064,-0.10055450498779062,0.012575926416604693
2022-07-19,-0.0038408961116114973,0.00010258594426497656,-0.0039434820558764735,0.919120139929019,-0.10410145215761024,0.2051718885299531
2022-07-20,-0.0006713477618227757,8.376282251171676e-05,-0.0007551105843344925,0.9184261025830835,-0.10477795463357586,0.16752564502343353
2022-07-21,-0.002575032154173844,0.00011649078452550892,-0.0026915229386993526,0.915954137660481,-0.10718746530390899,0.23298156905101783
2022-07-22,0.00047006816781405646,0.00015847945809559116,0.0003115887097184653,0.9162395386283959,-0.10690927499820246,0.3169589161911823
2022-07-25,-0.002018440569765625,9.164257726581717e-05,-0.002110083147031442,0.9143061970192923,-0.10879377068579887,0.18328515453163435
2022-07-26,0.0023098056227749773,7.02880308828513e-05,0.002239517591892126,0.916353801831893,-0.10679789865724587,0.14057606176570261
2022-07-27,-0.005910279344323921,0.00010377872809816422,-0.006014058072422085,0.9108427968527912,-0.11216966796513061,0.20755745619632843
2022-07-28,-0.004294750953661517,5.4767716480319904e-05,-0.004349518670141837,0.9068810691023158,-0.11603130257023453,0.1095354329606398
2022-07-29,-0.004555821086846664,1.3045537041728316e-05,-0.004568866623888393,0.902737650453858,-0.12007003764848345,0.026091074083456636
2022-08-01,0.0017788841843289608,9.576088416651943e-06,0.001769308095912309,0.9043348714872909,-0.11851317044225917,0.019152176833303884
2022-08-02,-0.0017128837612056067,6.702844189612818e-05,-0.001779912203101735,0.9027252348138403,-0.12008213960706238,0.13405688379225636
2022-08-03,0.0037878690077940446,4.421249238528177e-05,0.0037436565154087627,0.906104728020775,-0.11678802937597776,0.08842498477056354
2022-08-04,0.0006526522311465425,4.40193557863492e-05,0.0006086328753601933,0.9066562131467678,-0.11625047753474427,0.08803871157269841
2022-08-05,-0.0033298827926861296,5.61564115986082e-05,-0.003386039204284738,0.9035862396642446,-0.1192428880645795,0.1123128231972164
2022-08-08,-0.002713825848736823,0.00010364185994532895,-0.002817467708682152,0.901040414611981,-0.1217243927866497,0.20728371989065789
2022-08-09,-0.0002029191722980947,9.694204831308482e-05,-0.0002998612206111795,0.9007702275334355,-0.12198775358226166,0.19388409662616965
2022-08-10,-0.0018240731312540428,0.00012280310701233231,-0.001946876238266375,0.8990165393813129,-0.12369713476171929,0.24560621402466465
2022-08-11,-0.003050975299784206,3.381386174010962e-05,-0.0030847891615243157,0.8962432629045983,-0.12640034434261893,0.06762772348021924
2022-08-12,0.0012618663842543984,7.270359554659268e-05,0.0011891627887078058,0.8973090420424745,-0.12536149213988335,0.14540719109318537
2022-08-15,0.002055093763249121,5.968468722275225e-06,0.002049125294526846,0.8991477406975315,-0.12356924824985982,0.01193693744455045
2022-08-16,0.0032589007650165977,5.947775832791751e-05,0.0031994230066886803,0.9020244946655314,-0.12076517553894095,0.11895551665583501
2022-08-17,-0.000506514278743939,3.3662243510599487e-06,-0.0005098805030949989,0.9015645699623873,-0.12121348023357581,0.006732448702119897
2022-08-18,-0.002383494819695224,0.00011076224335571956,-0.0024942570630509435,0.8993158361659621,-0.12340539971741715,0.2215244867114391
2022-08-19,0.0018974257551501437,5.55120724031077e-06,0.001891874547909833,0.9010172289069367,-0.12174699270430733,0.01110241448062154
2022-08-22,0.003585297521367698,0.0001130460498747635,0.0034722514714929345,0.9041457873058493,-0.1186974774073819,0.22609209974952701
2022-08-23,-0.004500345920907946,6.848997873083933e-06,-0.0045071949187810295,0.900070626007467,-0.12266967965912023,0.013697995746167866
2022-08-24,-0.0003458675011646762,1.2317946873504111e-05,-0.0003581854480381803,0.8997482338070245,-0.12298392661298907,0.02463589374700822
2022-08-25,0.0009337348031784953,5.745120755547785e-06,0.0009279896824229475,0.9005831908847758,-0.12217006474556669,0.01149024151109557
2022-08-26,-4.582437839491745e-06,6.173908950542539e-06,-1.0756346790034284e-05,0.9005735038996614,-0.122179506988773,0.012347817901085079
2022-08-29,-0.0020383596387354482,7.047648208918144e-06,-0.0020454072869443662,0.8987314642923561,-0.12397500742180712,0.014095296417836288
2022-08-30,0.004583294127245461,0.00011257887473555239,0.004470715252509908,0.9027494367576784,-0.12005854912590808,0.22515774947110478
2022-08-31,0.0051744086813361465,0.0001203442970904658,0.005054064384245681,0.9073119905338931,-0.11561126837882396,0.24068859418093164
2022-09-01,0.008803329212480572,2.6449796865716157e-05,0.008776879415614856,0.9152753584671506,-0.1078490951248563,0.05289959373143231
2022-09-02,-0.002974567183195339,7.123382485215554e-06,-0.002981690565680555,0.9125462905658092,-0.11050921306108585,0.014246764970431107
2022-09-05,0.0010626406364124279,7.134251621840236e-05,0.0009912981201940256,0.9134508959882371,-0.10962746251606337,0.1426850324368047
2022-09-06,0.00092532356311216,8.252849150583514e-06,0.0009170707139615765,0.91428859505359,-0.1088109279374212,0.016505698301167028
2022-09-07,0.007071764386310363,1.1153292995839543e-05,0.007060611093314524,0.9207440312503162,-0.10251858848897555,0.022306585991679086
2022-09-08,-0.003614554944631012,1.0314335155229768e-05,-0.003624869279786242,0.9174064544968904,-0.105771841286741,0.02062867031045954
2022-09-09,-0.009138011203657688,5.012992026403491e-05,-0.009188141123921722,0.9089771945249763,-0.1139881358059831,0.10025984052806981
2022-09-12,-0.0071619098160028635,0.00011119927296791039,-0.007273109088970774,0.9023661042298096,-0.12043219674838856,0.22239854593582079
2022-09-13,0.0014048975233635658,0.00015459954511391215,0.0012502979782496536,0.9034943307455691,-0.11933247490224963,0.3091990902278243
2022-09-14,0.0006427235004072354,0.00020218715686238275,0.00044053634354485267,0.9038923528344492,-0.11894450885086438,0.4043743137247655
2022-09-15,0.005133036566467095,0.00012716571018547032,0.0050058708562816245,0.908417121220719,-0.11453405884495393,0.25433142037094064
2022-09-16,0.00045564142028056644,7.786585568717402e-05,0.00037777556459339244,0.9087602990115744,-0.11419955144910598,0.15573171137434805
2022-09-19,-0.001033067829828375,1.7057925546431186e-05,-0.0010501257553748062,0.9078059864161203,-0.11512975331425179,0.03411585109286237
2022-09-20,0.0052614888194004875,1.0093873405516611e-05,0.005251394945994971,0.9125732341851298,-0.11048295017294507,0.020187746811033223
2022-09-21,0.0032425949453230188,1.0623995130093525e-05,0.0032319709501929255,0.9155226443679397,-0.10760805690820263,0.02124799026018705
2022-09-22,0.004122056922618003,1.8760692460645448e-05,0.004103296230157357,0.9192793049831983,-0.10394630841229135,0.037521384921290896
2022-09-23,0.014154244115220042,1.2448110605672333e-05,0.01414179600461437,0.9322795653855345,-0.09127449989667624,0.024896221211344667
2022-09-26,0.00991005189996728,9.449272361224887e-05,0.009815559176355033,0.9414304106284829,-0.08235485097534911,0.18898544722449775
2022-09-27,0.0006530878915189523,1.2748719640652007e-05,0.0006403391718783003,0.9420332453980058,-0.08176724684054448,0.02549743928130401
2022-09-28,-0.011357302170316401,7.82390014122532e-06,-0.011365126070457627,0.9313269188014952,-0.09220307784222503,0.015647800282450643
2022-09-29,0.0025774009487144387,1.6267185370634673e-05,0.002561133763343804,0.9337121716179486,-0.0898780884946273,0.032534370741269344
2022-09-30,-0.0005597250657437231,6.579364688307887e-05,-0.000625518712626802,0.9331281171823942,-0.09044738678104558,0.13158729376615774
2022-10-03,-0.006732927557861143,6.00923066843217e-05,-0.006793019864545465,0.9267893593462082,-0.09662599575049124,0.1201846133686434
2022-10-04,-0.012238760080865291,2.2216240421106995e-05,-0.012260976321286398,0.9154260169564441,-0.10770224302586018,0.04443248084221399
2022-10-05,-0.0009746595647613715,6.796299498086178e-05,-0.0010426225597422332,0.9144715731393904,-0.10863257279728866,0.13592598996172356
2022-10-06,0.002154646816792455,9.580639536496266e-05,0.0020588404214274924,0.9163543241784161,-0.10679738950782003,0.19161279072992532
2022-10-07,0.00031903158017474115,8.994022131564621e-05,0.00022909135885909495,0.9165642530357386,-0.10659276450804578,0.17988044263129244
2022-10-10,0.010523049875723695,0.00015653118694455026,0.010366518688779145,0.9260658334943005,-0.09733124170462792,0.3130623738891005
2022-10-11,0.0007103333979138065,0.00011675990051417089,0.0005935734973996356,0.92661552162991,-0.09679544145277319,0.23351980102834177
2022-10-12,0.004656897552208678,8.819314464588314e-06,0.00464807823774409,0.9309225030707539,-0.0925972759999586,0.017638628929176628
2022-10-13,-0.00637724523115072,1.7958044826854458e-05,-0.0063952032759775745,0.9249690644294346,-0.09840030087311458,0.03591608965370892
2022-10-14,0.007122425972718439,1.1405634805886695e-05,0.007111020337912552,0.9315465382585323,-0.09198900707596736,0.02281126961177339
2022-10-17,-0.0012472737551980748,1.139341043527124e-05,-0.001258667165633346,0.9303740312175668,-0.09313189069879513,0.022786820870542478
2022-10-18,0.002764617798155424,1.0181174493348752e-05,0.0027544366236620754,0.9329366875228565,-0.09063397996570477,0.020362348986697504
2022-10-19,0.001293598293051358,1.2862738447026017e-05,0.0012807355546043322,0.9341315327087618,-0.08946932257169782,0.025725476894052038
2022-10-20,0.0008519841813266964,1.4171824619498902e-05,0.0008378123567071975,0.9349141596496551,-0.08870646871898735,0.028343649238997806
2022-10-21,7.071694688609065e-05,1.164251745171657e-05,5.907442943437408e-05,0.9349693891702066,-0.08865263457357964,0.023285034903433137
2022-10-24,-0.004591824469570808,6.345554452080633e-05,-0.0046552800140916145,0.930616844859015,-0.09289521174974436,0.12691108904161266
2022-10-25,-0.004988752909927054,0.00010206413187286373,-0.005090817041799918,0.9258792447658206,-0.09751311626446713,0.20412826374572748
2022-10-26,-0.006362963951581713,1.4153512918143759e-05,-0.006377117464499857,0.9199748040640066,-0.10326838113221903,0.028307025836287518
2022-10-27,0.0009256124562853727,9.418048550321976e-05,0.0008314319707821529,0.9207397005284194,-0.10252280979508122,0.1883609710064395
2022-10-28,-0.0031993688236477704,7.502930906324218e-05,-0.0032743981327110127,0.9177248321722962,-0.10546150743083893,0.15005861812648436
2022-10-31,-0.0047418315288996,0.0001427051140259323,-0.004884536642925532,0.9132421716014278,-0.10983091347630036,0.28541022805186456
2022-11-01,0.00044482503705322197,5.8509310687595596e-05,0.00038631572636562637,0.9135949714142979,-0.10948702715905168,0.11701862137519119
2022-11-02,-0.003526793440345874,0.00014308410070864233,-0.0036698775410545165,0.9102421897470843,-0.11275510071809836,0.28616820141728466
2022-11-03,0.008517436159814134,0.0001662406991879079,0.008351195460626225,0.9178438001901705,-0.10534554514275152,0.3324813983758158
2022-11-04,-0.011896760070857012,0.0001767331129058737,-0.012073493183762886,0.9067622193248155,-0.11614714960529371,0.35346622581174736
2022-11-07,-0.013655188467381719,0.00020679823193395545,-0.013861986699315675,0.8941926935010929,-0.12839910606161742,0.4135964638679109
2022-11-08,-0.005851392554748,0.0002514262756889938,-0.006102818830436994,0.8887355974931552,-0.13371832840977027,0.5028525513779876
2022-11-09,0.0034385920272610865,0.0002452629089740142,0.0031933291182870724,0.8915736227550883,-0.13095200592324285,0.49052581794802846
2022-11-10,-0.007973261058667257,8.009193590296503e-05,-0.008053352994570223,0.8843934656503938,-0.13795075618876618,0.16018387180593005
2022-11-11,-0.0028627202780598885,0.00015537166402628807,-0.0030180919420861765,0.8817242848580807,-0.14055250006519426,0.31074332805257615
2022-11-14,0.00271578867907942,0.00015856678387340506,0.002557221895206015,0.8839790495048546,-0.13835470210058098,0.3171335677468101
2022-11-15,-0.0008962967752109241,8.84431671179664e-05,-0.0009847399423288906,0.8831085600266253,-0.1392031986415424,0.1768863342359328
2022-11-16,-0.0014664077739245584,5.879076975838845e-05,-0.001525198543682947,0.8817616441369588,-0.14051608466938115,0.1175815395167769
2022-11-17,0.0023519105208058694,7.570621492163771e-05,0.0022762043058842316,0.8837687137881068,-0.13855972368046743,0.1514124298432754
2022-11-18,0.0034888317117914834,3.709598065695218e-05,0.003451735731134531,0.886819249835548,-0.13558625949845693,0.07419196131390435
2022-11-21,-0.0010600076657728407,3.0279301783362073e-05,-0.0010902869675562027,0.8858523623648744,-0.13652871853430226,0.06055860356672415
2022-11-22,-0.0008282264996486671,6.946007426159824e-05,-0.0008976865739102653,0.8850571445927127,-0.1373038451106312,0.13892014852319648
2022-11-23,0.005979454799292281,5.712604961327082e-05,0.00592232874967901,0.8902987439652429,-0.13219467487029235,0.11425209922654164
2022-11-24,0.002236059226702156,3.38935866721117e-06,0.0022326698680349448,0.8922864871444436,-0.1302571520695548,0.006778717334422341
2022-11-25,0.0027729372061948985,8.396642888154207e-05,0.002688970777313356,0.8946858194333667,-0.1279184389676925,0.16793285776308414
2022-11-28,-0.0032769489722675855,8.594763531760339e-05,-0.003362896607585189,0.8916770835263397,-0.13085115909082556,0.17189527063520676
2022-11-29,0.0014426635905993882,1.3969237704904139e-05,0.0014286943528944841,0.8929510175401792,-0.1296094110499938,0.02793847540980828
2022-11-30,-0.00274008447280414,1.6974321472656902e-05,-0.002757058794276797,0.8904890990844117,-0.13200912907771423,0.03394864294531381
2022-12-01,-0.0017263913429247375,3.170663018049048e-05,-0.001758097973105228,0.888923532004239,-0.13353514206855654,0.06341326036098097
2022-12-02,0.003352093853980347,8.576260202432487e-05,0.003266331251956022,0.8918270507174236,-0.13070498082437343,0.17152520404864974
2022-12-05,0.0027954365425132354,9.326711140130821e-05,0.0027021694311119273,0.894236918511711,-0.12835599839693912,0.18653422280261642
2022-12-06,0.001638830658645831,8.402038498434425e-05,0.0015548102736614867,0.8956272872597005,-0.1270007573482711,0.1680407699686885
2022-12-07,0.00034576161347803073,9.69986306555487e-06,0.0003360617504124759,0.8959282733335742,-0.12670737569467683,0.01939972613110974
2022-12-08,0.0002057478741511481,8.399388097004714e-05,0.00012175399318110097,0.8960373561784564,-0.1266010488304521,0.1679877619400943
2022-12-09,0.001918323495304285,0.00013445548205867253,0.0017838680132456124,0.8976357685568163,-0.12504302037865855,0.26891096411734505
2022-12-12,-0.00696147286240935,0.00010788420533271578,-0.007069357067742066,0.891290060792111,-0.1312284036865149,0.21576841066543156
2022-12-13,-0.0011315111205121697,7.977071639259424e-05,-0.0012112818369047638,0.8902104573300598,-0.13228073094154824,0.15954143278518848
2022-12-14,-0.0034600266001433857,0.00021129045286078104,-0.0036713170530041665,0.8869422124973013,-0.13546640349126282,0.42258090572156204
2022-12-15,-0.0032015684702962266,6.885907220534271e-06,-0.003208454377516761,0.88409649887301,-0.13824022009349146,0.013771814441068543
2022-12-16,3.7830824744268846e-05,0.00012519450751969537,-8.736368277542653e-05,0.8840192609469396,-0.1383155066015319,0.2503890150393907
2022-12-19,-0.0018105619541199985,0.0001643322676136746,-0.001974894221733673,0.8822734164165942,-0.1400172423285021,0.3286645352273492
2022-12-20,0.004231597085301003,0.00016419934838472655,0.004067397736916277,0.8858619733138685,-0.13651935040616192,0.3283986967694531
2022-12-21,0.0006589257524900393,5.4777446394565796e-05,0.0006041483060954735,0.8863971653244804,-0.13599768003436363,0.1095548927891316
2022-12-22,-0.0009180275525975663,7.010477094616164e-05,-0.000988132323543728,0.8855212876339257,-0.13685142865433852,0.1402095418923233
2022-12-23,-0.0027230541662570116,2.4773804178446797e-05,-0.0027478279704354585,0.8830880274713492,-0.13922321244132352,0.04954760835689359
2022-12-26,0.00022181139058917096,4.0060583537680646e-06,0.0002178053322354029,0.8832803687525658,-0.1390357306671287,0.00801211670753613
2022-12-27,0.0006149453629163384,1.1974950336530125e-06,0.0006137478678826853,0.8838224801956303,-0.13850731568250252,0.002394990067306025
2022-12-28,0.002222943073147966,1.1093108034881128e-05,0.002211849965113085,0.8857773629176172,-0.13660182311874958,0.022186216069762253
2022-12-29,0.002462449109659156,1.4078561453882704e-05,0.0024483705482052733,0.8879460741252516,-0.13448790445109937,0.02815712290776541
2022-12-30,-0.004077614085282115,1.3621894880579629e-05,-0.004091235980162694,0.8843132771983462,-0.13802891867767508,0.027243789761159258
2023-01-02,0.0022559439227629544,8.81632785111617e-05,0.0021677806442517928,0.8862302744041115,-0.13616035445167984,0.17632655702232342
2023-01-03,0.009129997000204339,1.7490873488396879e-06,0.009128247912855499,0.8943200040567503,-0.12827501201016156,0.003498174697679376
2023-01-04,0.007488270325907782,7.775111906688186e-05,0.007410519206840899,0.9009473796238749,-0.12181507724357954,0.15550223813376374
2023-01-05,0.0012337529286451324,3.186197157331288e-05,0.0012018909570718195,0.9020302201322425,-0.12075959472628173,0.06372394314662577
2023-01-06,0.0022664883181615037,3.3649247602402776e-05,0.002232839070559101,0.9040443084505788,-0.11879639239697237,0.06729849520480555
2023-01-09,0.0011633508411367324,0.00011848728562525605,0.0010448635555114763,0.9049889114010463,-0.11787565486240281,0.2369745712505121
2023-01-10,0.0009569463046865919,4.7721105773579334e-05,0.0009092251989130125,0.9058117501240291,-0.11707360517922893,0.09544221154715866
2023-01-11,-0.0013928564415775183,7.306936144263507e-06,-0.0014001633777217819,0.9045434656843955,-0.11830984638248077,0.014613872288527015
2023-01-12,0.0017196925499478888,8.647726928388103e-06,0.0017110448230195007,0.9060911800985509,-0.11680123500962625,0.017295453856776204
2023-01-13,0.0035174291902245526,2.4878342185008083e-05,0.0034925508480395445,0.9092557496180053,-0.11371661841397163,0.049756684370016166
2023-01-16,0.0001397292755994813,5.051676366703085e-05,8.921251193245045e-05,0.9093368666074177,-0.11363755084721638,0.10103352733406169
2023-01-17,-0.0028006620793729086,3.331689755148469e-06,-0.002803993769128057,0.9067870916994121,-0.11612290563182992,0.006663379510296937
2023-01-18,0.0038096564705203018,4.928608510803055e-06,0.003804727862009499,0.9102371698121113,-0.11275999382429536,0.00985721702160611
2023-01-19,-0.0023268872784885375,4.369483771203189e-05,-0.0023705821162005696,0.9080793778558537,-0.1148632691157132,0.08738967542406377
2023-01-20,0.005198266280350433,0.00011062549604747734,0.005087640784302956,0.9126993595340176,-0.11036001138398166,0.22125099209495466
2023-01-23,-0.010512825640585808,2.794049144053514e-05,-0.010540766132026343,0.9030788090363193,-0.11973749844568171,0.05588098288107028
2023-01-24,0.007172847395029762,2.9006431640948715e-05,0.007143840963388813,0.9095302604254814,-0.11344904312854287,0.058012863281897434
2023-01-25,0.0021548645270654944,0.00012044778814188755,0.002034416738923607,0.9113806240118486,-0.11164542902197472,0.24089557628377511
2023-01-26,0.002930889824510705,5.358149144200516e-05,0.0028773083330686997,0.9140029470759152,-0.10908935901217998,0.10716298288401031
2023-01-27,-0.001301634844098896,8.753509933727412e-05,-0.0013891699434361701,0.9127332416536252,-0.11032698529692775,0.17507019867454826
2023-01-30,0.005129159151282203,9.146390259979054e-06,0.005120012761022225,0.917406447498301,-0.10577184810851092,0.018292780519958106
2023-01-31,0.0005952214960883381,7.341768331438525e-05,0.0005218038127739529,0.917885153680469,-0.10530523644936418,0.1468353666287705
2023-02-01,0.005775669750797887,7.032307772308526e-05,0.005705346673074802,0.9231220066882846,-0.10020069265672304,0.1406461554461705
2023-02-02,0.003090195874013285,4.195255473846261e-05,0.0030482433192748223,0.9259359071780477,-0.0974578854294258,0.08390510947692523
2023-02-03,-0.0008316716613442977,1.045685081113059e-05,-0.0008421285121554282,0.9251561501501846,-0.09821794187752675,0.02091370162226118
2023-02-06,-0.0057070744448653316,4.233641667972599e-05,-0.0057494108615450575,0.919837047331886,-0.10340265743724253,0.08467283335945198
2023-02-07,-0.0021900499104054827,9.41384177644765e-05,-0.002284188328169959,0.9177359662845521,-0.10545065462219261,0.18827683552895297
2023-02-08,0.0007847813624052989,2.3880370409330068e-05,0.0007609009919959689,0.9184342724916884,-0.1047699911379053,0.047760740818660136
2023-02-09,0.0018799701187918658,3.246196780891941e-05,0.0018475081509829463,0.9201310872962589,-0.10311604639952798,0.06492393561783882
2023-02-10,-0.006138819386290139,1.261801390847716e-05,-0.0061514374001986165,0.9144709585127793,-0.10863317189534394,0.025236027816954318
2023-02-13,0.007378741049619738,0.00010706709291506296,0.007271673956704676,0.9211206931659595,-0.1021514429455449,0.21413418583012592
2023-02-14,-0.00769171789699193,2.5564908932362157e-05,-0.007717282805924292,0.9140121442784087,-0.10908039417722515,0.051129817864724314
2023-02-15,0.0004284296248884088,0.0001301005585115034,0.0002983290663769054,0.9142848206680685,-0.10881460696300316,0.2602011170230068
2023-02-16,0.005958160091203757,6.866827137240504e-05,0.005889491819831352,0.9196694936403891,-0.1035659778807585,0.13733654274481008
2023-02-17,0.001270493624702551,6.658115831726879e-05,0.001203912466385282,0.9207766952087368,-0.1024867497862374,0.13316231663453756
2023-02-20,-3.0306409954864697e-05,1.3596917014774113e-05,-4.390332696963881e-05,0.9207362700484211,-0.10252615360392114,0.027193834029548225
2023-02-21,0.005383108517141732,5.319593382037006e-07,0.005382576557803529,0.9256922035115032,-0.09769543191706787,0.001063918676407401
2023-02-22,-0.0013729985677861057,8.878838188933547e-05,-0.0014617869496754412,0.9243390387289937,-0.09901440895932401,0.17757676377867093
2023-02-23,-0.005629069259316503,9.533529145440191e-05,-0.005724404550770904,0.9190477481292382,-0.10417201497685635,0.19067058290880382
2023-02-24,-0.007204560388197718,5.262579584675929e-06,-0.007209822967782394,0.9124215765662873,-0.1106307761584584,0.010525159169351856
2023-02-27,-0.00029915514932226934,0.00014341039132410426,-0.0004425655406463736,0.9120177702179568,-0.11102438032984208,0.28682078264820854
2023-02-28,-0.001299789300143077,3.281105488799028e-05,-0.0013326003550310672,0.9108024150135697,-0.11220902955622858,0.06562210977598056
2023-03-01,-0.0005526015577958207,0.00013268455579531108,-0.0006852861135911317,0.9101782547663357,-0.11281742038004516,0.26536911159062215
2023-03-02,2.5521455391671125e-05,0.00014439242019580344,-0.00011887096480413232,0.910070060999048,-0.11292288062924194,0.2887848403916069
2023-03-03,-0.011437210160031911,9.832302077197988e-05,-0.011535533180803892,0.8995719176135372,-0.12315578817367534,0.19664604154395976
2023-03-06,0.018770055937285573,9.571823363176717e-05,0.018674337703653805,0.9163708273917758,-0.10678130324853641,0.19143646726353433
2023-03-07,-0.010109650286455845,7.862323981097374e-05,-0.010188273526266818,0.9070345907508169,-0.1158816596498159,0.1572464796219475
2023-03-08,0.000980511512640418,0.00019044771228276755,0.0007900638003576505,0.9077512059466415,-0.11518314975387278,0.3808954245655351
2023-03-09,-0.0004110388929450273,9.139222012168457e-05,-0.0005024311130667118,0.9072951234978501,-0.11562770926880206,0.18278444024336915
2023-03-10,-0.005214623900077297,5.5643982745615194e-05,-0.005270267882822912,0.9025134351482376,-0.12028858814910126,0.11128796549123038
2023-03-13,-0.006486556768334923,0.00011409444459298155,-0.006600651212927904,0.8965562587478426,-0.12609525634676144,0.22818888918596308
2023-03-14,0.00538169481154358,0.0002509519838955701,0.00513074282764801,0.901156258341996,-0.12161147585121501,0.5019039677911403
2023-03-15,0.0060077969782127965,0.00015997459139599176,0.005847822386816805,0.9064260600835483,-0.11647481577537488,0.3199491827919835
2023-03-16,-0.003327754244112661,0.00015500539705242037,-0.0034827596411650813,0.9032691959837891,-0.11955192162894535,0.3100107941048408
2023-03-17,0.008333561496495145,8.751402897778816e-05,0.008246047467517358,0.9107175966498178,-0.11229170498201302,0.17502805795557633
2023-03-20,0.00039165927189086414,6.710855689300283e-05,0.0003245507149978613,0.9110131706969715,-0.11200359862015552,0.13421711378600568
2023-03-21,-0.006444950002134528,2.960507830458948e-05,-0.006474555080439118,0.9051147657442885,-0.117752980232121,0.05921015660917896
2023-03-22,-0.0012449775921191005,6.244756747687248e-05,-0.001307425159595973,0.9039313959272327,-0.11890645218274398,0.12489513495374496
2023-03-23,0.008392920789085776,1.8180918392981356e-05,0.008374739870692795,0.9115015862290755,-0.1115275229180287,0.036361836785962706
2023-03-24,-0.0012057003802538333,5.787669420479375e-05,-0.001263577074458627,0.9103498337213838,-0.11265017637135688,0.11575338840958749
2023-03-27,-0.007985812270336073,9.001783034984795e-05,-0.00807583010068592,0.9029980031320622,-0.11981626278685542,0.1800356606996959
2023-03-28,0.0005251605460729927,0.00010584765433299075,0.00041931289174000196,0.903376641835991,-0.11944719039874208,0.21169530866598152
2023-03-29,0.002982623185915172,5.808081337682415e-06,0.0029768151045774893,0.9060658270685308,-0.11682594749474295,0.01161616267536483
2023-03-30,-0.0020002600540452377,4.69526816841187e-05,-0.0020472127357293564,0.9042109175679469,-0.11863399266289743,0.09390536336823739
2023-03-31,-0.0009080068628485931,4.818384747837362e-05,-0.0009561907103269667,0.9033463194883923,-0.11947674665151109,0.09636769495674724
2023-04-03,-0.004475667386911351,6.419393784401793e-05,-0.004539861324755369,0.8992452524696868,-0.1234742001149357,0.12838787568803584
2023-04-04,0.003930723194360465,0.0001769931250100905,0.0037537300693503742,0.9026207764136028,-0.12018395886334576,0.353986250020181
2023-04-05,-0.0030610012280969656,1.2299340805219722e-05,-0.0030733005689021855,0.8998467514679479,-0.1228878980031003,0.024598681610439443
2023-04-06,0.009426347985687332,2.6244350506465264e-06,0.009423723550636686,0.9083266584917203,-0.11462223603096366,0.005248870101293053
2023-04-07,-0.00023850794547405503,5.203551327425632e-06,-0.00024371149680148068,0.9081052888421947,-0.11483801277105532,0.010407102654851265
2023-04-10,-0.014614105138848432,3.0004109158740313e-06,-0.014617105549764305,0.8948314179848892,-0.1277765189670198,0.006000821831748063
2023-04-11,-0.001125143619440112,5.043249478960475e-06,-0.0011301868689190724,0.8938200912663864,-0.12876229449204624,0.01008649895792095
2023-04-12,0.0069624777904530935,4.9892832373715624e-05,0.006912584958079378,0.8999986985845035,-0.12273978983404032,0.09978566474743125
2023-04-13,0.010048522008111276,5.47826579207831e-05,0.009993739350190493,0.9089930509936678,-0.11397267995134841,0.1095653158415662
2023-04-14,-0.009770804472748354,5.1216696548225605e-05,-0.009822021169296579,0.9000649020040645,-0.1226752590454413,0.10243339309645122
2023-04-17,-0.01347508370798256,2.640651543361131e-05,-0.013501490223416172,0.8879126845292166,-0.1345204504582005,0.052813030867222624
2023-04-18,-0.0043583804333128025,2.4116063552140737e-05,-0.004382496496864943,0.8840214102997453,-0.13831341155217558,0.04823212710428147
2023-04-19,0.007657635332909352,3.755513189100789e-05,0.007620080201018345,0.8907577243456468,-0.1317472906400613,0.07511026378201578
2023-04-20,-0.0020069354887189343,2.3643417784400632e-05,-0.002030578906503335,0.8889489704997856,-0.13351034627720193,0.04728683556880127
2023-04-21,-0.0019608482678526405,0.00014748228452864,-0.0021083305523812807,0.887074772225773,-0.13533719288746804,0.29496456905728
2023-04-24,-0.0007059492422324081,4.067366079859548e-05,-0.0007466229030310036,0.8864124618841283,-0.13598276994265734,0.08134732159719096
2023-04-25,-0.001454331311117882,0.0001264844571230469,-0.001580815768240929,0.8850112070872165,-0.13734862200396392,0.2529689142460938
2023-04-26,0.00469046925322401,0.00010661233659765983,0.00458385691662635,0.889067971830115,-0.1333943515182996,0.21322467319531965
2023-04-27,-0.0026481337688013767,8.351219219049341e-05,-0.0027316459609918703,0.8866393528958181,-0.13576161133774722,0.16702438438098682
2023-04-28,-0.001815486652468667,0.00010292455707748034,-0.0019184112095461474,0.884938414022398,-0.13741957595027698,0.20584911415496066
2023-05-01,-0.0025040970359499625,0.00017026611927438163,-0.002674363155224344,0.8825717673332939,-0.1397264292547733,0.34053223854876324
2023-05-02,0.007695366783286681,0.00023305841247266935,0.007462308370814011,0.8891577900205093,-0.1333068025866111,0.4661168249453387
2023-05-03,0.00600289162832868,2.039775692081648e-05,0.005982493871407864,0.8944771710500217,-0.1281218158446945,0.040795513841632956
2023-05-04,0.002095175731839918,5.841347992440498e-06,0.0020893343838474777,0.8963460329590631,-0.1263001707760123,0.011682695984880996
2023-05-05,-0.005367925163519298,3.646324981610463e-05,-0.005404388413335403,0.8915018308442001,-0.13102198400980347,0.07292649963220926
2023-05-08,-0.003432168614283846,3.4180437358559025e-05,-0.0034663490516424053,0.8884115743183157,-0.1340341651314293,0.06836087471711805
2023-05-09,-0.0012497780775763663,4.337607542651064e-06,-0.0012541156851190174,0.8872974034281219,-0.13512018646771506,0.008675215085302126
2023-05-10,0.0028054397922790135,5.490991879333846e-05,0.002750529873485675,0.8897379414429173,-0.13274130870361978,0.10981983758667693
2023-05-11,0.0017801612877506488,5.7783085036933365e-05,0.0017223782027137155,0.8912704066793861,-0.13124756123761672,0.11556617007386673
2023-05-12,-0.0015219902039293504,6.420022777845878e-05,-0.0015861904317078092,0.8898566820882469,-0.13262556804350445,0.12840045555691754
2023-05-15,-0.0030991108753424396,3.961577691981611e-05,-0.0031387266522622556,0.8870636652034829,-0.13534801929057716,0.07923155383963223
2023-05-16,-0.00018969725656708795,0.00014340030701474814,-0.0003330975635818361,0.8867681864578617,-0.13563603275869762,0.2868006140294963
2023-05-17,-0.0058954336476090205,7.717833606888837e-05,-0.005972611983677909,0.8814718641606791,-0.14079854334770237,0.15435667213777676
2023-05-18,0.0029932889403871147,0.0001213594541749915,0.002871929486212123,0.8840033891986285,-0.1383309773497463,0.242718908349983
2023-05-19,0.0001718877704975474,0.00018788255497952485,-1.599478448197745e-05,0.883989249754937,-0.13834475956005832,0.37576510995904966
2023-05-22,0.0004300598353511821,9.071804764462541e-05,0.0003393417877065567,0.8842892242472621,-0.13805236393038078,0.1814360952892508
2023-05-23,-0.002341122289233987,8.343851690308285e-05,-0.00242456080613707,0.8821452112528628,-0.14014220838573777,0.1668770338061657
2023-05-24,-0.003970246592668523,0.0001412558868054244,-0.004111502479473947,0.8785182690295407,-0.14367751582795474,0.28251177361084884
2023-05-25,0.00648483193541218,0.00010029817381356239,0.006384533761598618,0.884127198578341,-0.13821029601694224,0.20059634762712478
2023-05-26,-0.002842256396655958,7.752471546466795e-05,-0.002919781112120626,0.8815457406832198,-0.14072653331725204,0.1550494309293359
2023-05-29,-7.452900675313816e-05,0.00022450610097548768,-0.00029903510772862584,0.8812821275576869,-0.14098348625092982,0.44901220195097535
2023-05-30,0.0015314288781361155,1.969723502067592e-05,0.0015117316431154397,0.8826143896364279,-0.13968488380513666,0.03939447004135184
2023-05-31,0.0018830346584628077,0.00011674936547822536,0.0017662852929845824,0.8841733384522192,-0.1381653218680694,0.2334987309564507
2023-06-01,-0.0012107521497301311,0.00022971525938657536,-0.0014404674091167064,0.8828997155741689,-0.139406766633965,0.45943051877315066
2023-06-02,-0.0033521822569949947,9.003483378244787e-05,-0.0034422170907774424,0.879860583083777,-0.14236911537006502,0.18006966756489573
2023-06-05,-0.0042556503579270315,0.00022142277228114277,-0.004477073130208174,0.8759213829089233,-0.14620879155927835,0.44284554456228553
2023-06-06,0.0020986587908154984,0.00010353289407404554,0.0019951258967414527,0.8776689563434744,-0.14450537060890822,0.20706578814809107
2023-06-07,-0.002716716995884011,8.408693452640261e-05,-0.002800803930410414,0.8752107776809485,-0.14690144332935173,0.16817386905280524
2023-06-08,0.0022536240376502563,8.163134483956378e-05,0.0021719926928106927,0.8771117290947407,-0.14504851949801567,0.16326268967912755
2023-06-09,0.002955545307606941,7.078934334732268e-05,0.0028847559642596185,0.8796419823865687,-0.14258219311548515,0.14157868669464535
2023-06-12,0.007025625557904067,6.519904653385526e-06,0.007019105653250682,0.8858162823979748,-0.13656388693998422,0.013039809306771052
2023-06-13,-0.0037121618579668268,0.00011194599174522614,-0.003824107849712053,0.882428825399054,-0.1398657597576619,0.22389198349045228
2023-06-14,0.004253524561490626,3.731632772164774e-05,0.004216208233768979,0.8861493290784165,-0.13623925469180564,0.07463265544329548
2023-06-15,-0.003074812157949722,0.00018097401872021007,-0.0032557861766699323,0.8832642163423376,-0.1390514749863302,0.36194803744042015
2023-06-16,0.0024962907661769955,0.000174440581918365,0.0023218501842586304,0.8853150235258012,-0.1370524814948899,0.34888116383673
2023-06-19,7.977939613005886e-06,0.00011988549341157029,-0.0001119075537985644,0.8852159500871774,-0.13714905184074233,0.23977098682314057
2023-06-20,-0.003241349628117311,0.00017116161688497645,-0.0034125112450022876,0.8821951407032494,-0.14009354040409672,0.3423232337699529
2023-06-21,0.00026926055436666695,0.00014209885376080105,0.0001271617006058659,0.8823073221376074,-0.1399841932363326,0.2841977075216021
2023-06-22,-0.0035071614979427417,6.583537505907646e-05,-0.003572996873001818,0.8791548408345832,-0.1430570270246313,0.13167075011815293
2023-06-23,-0.006576326251287179,0.00021425219471862884,-0.006790578446005808,0.8731848709217102,-0.14887616550637395,0.4285043894372577
2023-06-26,-0.002303858938612491,0.0001689445871349803,-0.002472803525747471,0.8710256562942655,-0.15098082752515762,0.3378891742699606
2023-06-27,0.00805751790747667,8.869683722659047e-05,0.00796882107025008,0.8779667038968716,-0.1442151456544939,0.17739367445318094
2023-06-28,-0.003449801861302875,5.3944173021177555e-05,-0.0035037460343240526,0.8748905315398244,-0.1472135984441415,0.1078883460423551
2023-06-29,0.0011962385252695116,5.5249629987917335e-05,0.0011409888952815942,0.8758887719208984,-0.14624057862991902,0.11049925997583468
2023-06-30,0.001973128675775717,4.823791322245316e-05,0.0019248907625532637,0.8775747621269931,-0.14459718500628094,0.09647582644490632
2023-07-03,0.0035493994275625274,0.00020351596474170336,0.003345883462820824,0.8805110250109828,-0.14173510687354307,0.4070319294834067
2023-07-04,-0.0009639477093563981,0.00018210188135096115,-0.0011460495907073592,0.8795019157111555,-0.14271872100302918,0.3642037627019223
2023-07-05,-0.006774423266488976,2.076233017657768e-06,-0.006776499499506633,0.8735419714195237,-0.14852808716108856,0.004152466035315536
2023-07-06,-0.007526314042167066,0.00021599354652918605,-0.007742307588696252,0.8667787407851577,-0.155120444613423,0.43198709305837213
2023-07-07,0.0004084217567603488,0.0003744305137678634,3.399124299248538e-05,0.8668082036719565,-0.15509172610715638,0.7488610275357268
2023-07-10,0.00021943265017938763,0.0001052048608255466,0.00011422778935384103,0.8669072172568557,-0.1549952141028229,0.21040972165109323
2023-07-11,0.0014081837312036206,2.4153938458086744e-05,0.0013840297927455339,0.8681070426730852,-0.15382570230412873,0.048307876916173484
2023-07-12,-0.0012111762151838512,1.2974481162687874e-05,-0.001224150696346539,0.8670443488322936,-0.15486154715988365,0.025948962325375746
2023-07-13,0.010780117518494736,0.00041053465402087836,0.010369582864473858,0.8760352370546839,-0.1460978139412048,0.8210693080417567
2023-07-14,0.00020319077950251376,1.0550590999919829e-05,0.00019264018850259393,0.8762039966478851,-0.1459333180631196,0.02110118199983966
2023-07-17,-0.011161924519390744,5.694295016767745e-06,-0.011167618814407513,0.8664188844096611,-0.15547120920907653,0.011388590033535491
2023-07-18,0.0030152993563834648,0.0001819128903992605,0.002833386465984204,0.8688737839506205,-0.15307833276311555,0.363825780798521
2023-07-19,-0.0014331749991017733,0.000161525529881534,-0.0015947005289833074,0.8674881904677347,-0.1544289191938657,0.323051059763068
2023-07-20,-0.007012995910237819,0.0002587007994155642,-0.007271696709653383,0.8611800794474473,-0.16057765563994164,0.5174015988311284
2023-07-21,-0.00155124254190913,0.00020997614118277195,-0.001761218683091902,0.8596633530020179,-0.16205606195583344,0.41995228236554394
2023-07-24,0.0006888166114046331,1.1060422079858114e-05,0.000677756189324775,0.8602459951602507,-0.16148814026551683,0.022120844159716227
2023-07-25,0.0031349988130475975,0.00024843566333271555,0.002886563149714882,0.86272914954957,-0.15906772283060844,0.49687132666543116
2023-07-26,-0.002753643372996982,0.0001949069686480585,-0.0029485503416450403,0.8601853492209185,-0.16154725398375658,0.389813937296117
2023-07-27,0.002184581821080559,7.610229768337426e-05,0.002108479523397185,0.8619990324160771,-0.1597793935374452,0.15220459536674852
2023-07-28,0.001367721262716478,0.00018389380539107574,0.0011838274573254023,0.8630194905388393,-0.15878471731330412,0.3677876107821515
2023-07-31,0.005231767451998437,0.00011028151805249486,0.005121485933945942,0.8674394327203552,-0.15447644507560376,0.22056303610498973
2023-08-01,-0.0030576831757862313,9.871314283564018e-06,-0.003067554490069795,0.8647785149936502,-0.15707013465297193,0.019742628567128037
2023-08-02,-0.01003542774650742,7.066634695818968e-05,-0.01010609409346561,0.8560389819511169,-0.16558886318636135,0.14133269391637937
2023-08-03,0.005295334232319225,0.0001800918091977638,0.005115242423121461,0.8604178288674391,-0.1613206479410071,0.3601836183955276
2023-08-04,0.0007033578944688405,9.489102796871301e-05,0.0006084668665001275,0.8609413646076509,-0.1608103393436614,0.189782055937426
2023-08-07,-0.00021008982878736296,0.00016040271746957821,-0.0003704925462569412,0.8606223922492995,-0.1611212528578304,0.3208054349391564
2023-08-08,-0.0016342945284745715,0.00011077791778090264,-0.001745072446255474,0.8591205438259548,-0.16258515704521748,0.2215558355618053
2023-08-09,-9.134886759300134e-05,0.0002351392920484245,-0.00032648815964142583,0.858840051140691,-0.1628585630761502,0.47027858409684903
2023-08-10,-0.0007685250490259,0.00025209988700402246,-0.0010206249360299225,0.8579634975684355,-0.16371297050165867,0.5041997740080448
2023-08-11,0.0018786247461516042,0.000156399079238846,0.0017222256669127583,0.859441104325222,-0.16227269551455048,0.312798158477692
2023-08-14,-0.001309373098894099,0.0001979487300974488,-0.0015073218289915478,0.8581456499879401,-0.16353542016734357,0.3958974601948976
2023-08-15,-0.0022884536870804847,0.00025493685827005283,-0.0025433905453505377,0.855963050455227,-0.16566287627121057,0.5098737165401056
2023-08-16,-0.0011541656305906066,0.0002303249646937714,-0.001384490595284378,0.8547779776619608,-0.16681800817230974,0.4606499293875428
2023-08-17,0.0031568424354261326,6.200128852938141e-05,0.0030948411468967514,0.8574233797186902,-0.16423944226114806,0.1240025770587628
2023-08-18,0.0007011883411862868,3.2382760734466255e-06,0.0006979500651128403,0.8580218184223941,-0.16365612312545552,0.006476552146893251
2023-08-21,4.9392585279059366e-05,0.00014686490977852974,-9.747232449947038e-05,0.8579381850412812,-0.16373764350721542,0.2937298195570595
2023-08-22,-0.0003184904936363144,1.8074445324617537e-06,-0.00032029793816877616,0.8576633892095362,-0.16400549661576813,0.003614889064923507
2023-08-23,-0.00687432387366265,0.00011838009731435262,-0.006992703970977002,0.8516660030220491,-0.16985135869929802,0.23676019462870523
2023-08-24,-0.002149705345494095,0.0001941360967918389,-0.002343841442285934,0.84966983294918,-0.171797095488036,0.3882721935836778
2023-08-25,0.00412460930452053,9.179415552653202e-05,0.004032815148993998,0.8530963943231405,-0.16845710626827937,0.18358831105306406
2023-08-28,0.0005067735292385128,3.6749997871842603e-06,0.0005030985294513285,0.8535255858646048,-0.16803875826126724,0.007349999574368521
2023-08-29,-0.0023785182577076777,6.299506578119008e-06,-0.0023848177642857966,0.8514900828851625,-0.17002283420976305,0.012599013156238015
2023-08-30,0.0015780107418819883,0.0003216666567665658,0.0012563440851154225,0.8525598474143297,-0.16898009730674157,0.6433333135331316
2023-08-31,0.0030869753970898806,2.836816702294784e-06,0.003084138580387586,0.8551892601318296,-0.16641711676377535,0.0056736334045895676
2023-09-01,0.0031801108453660973,4.600719909023991e-06,0.0031755101254570734,0.8579049222865605,-0.16377006587765097,0.009201439818047982
2023-09-04,0.0008498585293568602,6.404569838832353e-06,0.0008434539595180278,0.8586285255901531,-0.16306474442864782,0.012809139677664706
2023-09-05,0.0019149867515145034,2.440410791394475e-06,0.001912546340723109,0.860270692434811,-0.16146406696818272,0.0048808215827889495
2023-09-06,0.0013509196877968125,0.0001438721247707653,0.0012070475630260472,0.8613090800776573,-0.16045191421370686,0.2877442495415306
2023-09-07,-0.0027471120940818915,0.00023671399039648127,-0.002983826084478373,0.8587390835777235,-0.16295697969124978,0.4734279807929625
2023-09-08,0.0009535219178390406,0.00015166099490308743,0.0008018609229359532,0.8594276728918423,-0.16228578760244805,0.30332198980617486
2023-09-11,-0.004064183166150488,0.0002999276899766487,-0.004364110856127137,0.855677035254519,-0.1659416652911041,0.5998553799532974
2023-09-12,0.0008987346409620046,0.000174800863154066,0.0007239337778079386,0.8562964887632344,-0.16533786228994596,0.349601726308132
2023-09-13,5.8338651426458575e-05,0.00019125999598137232,-0.00013292134455491374,0.8561826686826104,-0.16544880670353945,0.3825199919627446
2023-09-14,0.004812491708757767,0.00043733739755034425,0.004375154311207423,0.8599285999766781,-0.16179751645226514,0.8746747951006886
2023-09-15,-1.945098061984036e-05,0.00034263612260931165,-0.000362087103229152,0.8596172309209287,-0.16210101876145244,0.6852722452186233
2023-09-18,-0.0012645470158557982,0.00030242647619321497,-0.0015669734920490132,0.858270233506767,-0.16341398425406817,0.60485295238643
2023-09-19,0.00045952881708921926,0.00022921274560375003,0.00023031607148546923,0.8584679069352211,-0.16322130504946186,0.4584254912075001
2023-09-20,0.0006832905357394317,7.017910333783558e-06,0.0006762726254056482,0.8590484652804707,-0.16265541452454413,0.014035820667567117
2023-09-21,-0.003901646316361788,0.00013043952827609509,-0.0040320858446378826,0.8555847081237554,-0.166031659774724,0.2608790565521902
2023-09-22,-0.00046781329566579944,0.00041435017558614644,-0.0008821634712519459,0.854829942547687,-0.1667673561806512,0.8287003511722929
2023-09-25,0.0024989945476066545,1.8050158530341874e-05,0.0024809443890763125,0.856950728097265,-0.16470015232817248,0.03610031706068375
2023-09-26,0.006447012076722197,0.00016218234633881234,0.006284829730383385,0.8623365175106845,-0.15945043501173972,0.3243646926776247
2023-09-27,0.008976238971950556,8.680517218743005e-06,0.008967558454731813,0.8700695706391114,-0.15191275765360812,0.01736103443748601
2023-09-28,-0.005753500737655208,0.00020299372669308085,-0.005956494464348289,0.8648870060580016,-0.15696438461792883,0.4059874533861617
2023-09-29,-0.002155000042771528,0.00018736585946756162,-0.0023423659022390893,0.8628611242257217,-0.158939082497773,0.37473171893512325
2023-10-02,-0.0019326861647539135,5.980560933558511e-05,-0.0019924917740894985,0.8611418805335204,-0.16061488945740432,0.11961121867117022
2023-10-03,0.006700003542580627,9.422838768062127e-05,0.0066057751549000055,0.8668303901727926,-0.15507010014878897,0.18845677536124253
2023-10-04,-0.0091569442477108,6.773823082398744e-06,-0.009163718070793199,0.8588870008620535,-0.162812799540609,0.013547646164797488
2023-10-05,0.0027816156121688307,8.786571566121257e-05,0.002693749896507618,0.8612006276317374,-0.16055762660601391,0.17573143132242514
2023-10-06,0.006727878632758889,0.0001440491760747683,0.0065838294566841205,0.8668706256920542,-0.15503088118087371,0.2880983521495366
2023-10-09,-0.00037252830014944166,3.07313021436103e-05,-0.00040325960229305196,0.8665210517882981,-0.15537162309167862,0.061462604287220605
2023-10-10,-0.005641179641403089,0.0001712603620279569,-0.005812440003431046,0.8614844501630686,-0.16028097485765358,0.3425207240559138
2023-10-11,-0.004680569213236698,9.53928476545183e-05,-0.0047759620608912165,0.857370033113042,-0.164291441063542,0.1907856953090366
2023-10-12,5.178615712969395e-05,0.00016532521365963848,-0.00011353905652994453,0.8572726881283853,-0.16438632662485775,0.33065042731927696
2023-10-13,-0.010168987717335874,9.286562445653328e-05,-0.010261853341792406,0.8484754815288876,-0.17296127159142993,0.18573124891306655
2023-10-16,-0.0023924593048469246,0.0004049034483984084,-0.002797362753245333,0.8461019878198168,-0.17527479892577147,0.8098068967968168
2023-10-17,0.0013487011501822864,6.190479281629579e-05,0.0012867963573659907,0.8471907487757034,-0.17421354554120116,0.12380958563259156
2023-10-18,0.0023997107806732164,6.834198425990767e-05,0.002331368796413309,0.8491658628520091,-0.1722883327687752,0.13668396851981535
2023-10-19,0.002291930395246065,0.00010871640852489099,0.0021832139867211738,0.8510197736408339,-0.17048126107990358,0.21743281704978198
2023-10-20,0.0027050964932653384,0.00012501377335814019,0.002580082719907198,0.8532154750531039,-0.16834103411577672,0.25002754671628036
2023-10-23,-0.006658305311593858,0.00018563923557999838,-0.006843944547173857,0.8473761156550499,-0.1740328619604482,0.37127847115999674
2023-10-24,-0.004041969002666784,0.00010419625458206774,-0.004146165257248852,0.8438627542444984,-0.17745745821181713,0.20839250916413546
2023-10-25,0.005996734139089426,0.000210688500028701,0.0057860456390607246,0.8487453826536606,-0.17269818952496163,0.42137700005740203
2023-10-26,0.0027651365372867746,0.0002028361467958236,0.002562300390490951,0.8509201232790614,-0.1705783937729276,0.40567229359164725
2023-10-27,-0.0029208286834202556,0.00016084897520176987,-0.0030816776586220255,0.8482978617458805,-0.17313440380641587,0.32169795040353977
2023-10-30,-0.0013730291044604364,0.00016125671833352325,-0.0015342858227939597,0.8469963303630974,-0.17440305196801176,0.3225134366670465
2023-10-31,0.011195907283863958,0.0001617863391583375,0.01103412094470562,0.8563421903120456,-0.165293315391847,0.323572678316675
2023-11-01,-0.006593792453504439,1.3659108084862997e-05,-0.006607451561589302,0.8506839507694135,-0.1708085993785302,0.027318216169725996
2023-11-02,-0.007601315534912285,2.4202019680953844e-05,-0.007625517554593239,0.8441970453694105,-0.17713161296008706,0.04840403936190769
2023-11-03,0.000774756600305389,5.996935129494784e-05,0.0007147872490104411,0.8448004666530929,-0.176543437129417,0.11993870258989568
2023-11-06,-0.015592173210757702,0.0002690115204381037,-0.015861184731195806,0.8314009303905078,-0.18960443379122294,0.5380230408762074
2023-11-07,-0.007772378834985568,0.00029372988346687074,-0.008066108718452439,0.8246947600973554,-0.19614117253321472,0.5874597669337415
2023-11-08,0.0008500740451603908,0.00024707635573181276,0.000602997689428578,0.825192049132178,-0.19565644751762545,0.4941527114636255
2023-11-09,-0.0033110114347944734,0.00034470041904055966,-0.003655711853835033,0.8221753847764751,-0.19859689577699102,0.6894008380811194
2023-11-10,0.0028597705634745155,0.00018387002978668837,0.002675900533687827,0.8243754443273835,-0.19645242078270164,0.36774005957337674
2023-11-13,0.005545754535873835,0.0003102463284638662,0.005235508207409968,0.8286914687321468,-0.19224544083666495,0.6204926569277325
2023-11-14,-0.006476659444781225,0.00016152858820326488,-0.00663818803298449,0.8231904589413728,-0.19760746748489166,0.32305717640652976
2023-11-15,0.0016766038163599402,0.00026588213941339066,0.0014107216769465496,0.824351751566057,-0.19647551494585247,0.5317642788267813
2023-11-16,-0.005777341465331845,6.182969590070177e-06,-0.005783524434921915,0.819584093067904,-0.20112271843922125,0.012365939180140353
2023-11-17,-0.00612583782319559,0.00015422568800728317,-0.006280063511202873,0.8144370529106659,-0.20613971850508006,0.3084513760145663
2023-11-20,-0.004338228964387579,0.00020363166316550015,-0.004541860627553079,0.8107379933264306,-0.20974532126138,0.40726332633100026
2023-11-21,-0.0026471546596572386,0.00019798639379432222,-0.0028451410534515607,0.8084313293780246,-0.21199370729054146,0.39597278758864446
2023-11-22,-0.001816445486308613,0.00026864804377495986,-0.002085093530083573,0.8067456744436217,-0.2136367741131351,0.5372960875499198
2023-11-23,-0.001331299010314922,0.0001475565285066295,-0.0014788555388215515,0.8055526141345504,-0.21479969172526348,0.29511305701325896
2023-11-24,-6.274031373397643e-05,0.0001302573845688266,-0.00019299769830280304,0.8053971443341605,-0.21495123357746726,0.26051476913765315
2023-11-27,-0.000344109838303339,0.0004016583251055045,-0.0007457681634088435,0.8047965047850157,-0.2155366979541885,0.803316650211009
2023-11-28,-0.0007246233768551727,0.0004090073900945713,-0.001133630766949744,0.8038841627060579,-0.21642598968893056,0.8180147801891426
2023-11-29,0.0021321311297816184,0.00018297955844304967,0.0019491515713385688,0.8054510547849706,-0.21489868517547273,0.36595911688609933
2023-11-30,-0.003034138516207774,0.0002521056071495889,-0.0032862441233573628,0.8028041459895315,-0.21747871975755495,0.5042112142991778
2023-12-01,0.0062165345961994745,0.000284234666020072,0.0059322999301794025,0.807566620968733,-0.21283656882140867,0.568469332040144
2023-12-04,-0.002346741788062326,0.00037531778778785265,-0.002722059575850179,0.8053683765149882,-0.21497927457700738,0.7506355755757053
2023-12-05,0.0006746366230754427,0.00015433783994314693,0.0005202987831322958,0.8057874087012622,-0.2145708292488362,0.30867567988629385
2023-12-06,0.007639464026827553,0.00018398177835797735,0.007455482248469575,0.8117949424228748,-0.20871507600887063,0.3679635567159547
2023-12-07,0.0015159097738330818,2.2983022849270964e-05,0.0014929267509838108,0.8130068928087312,-0.20753374557819415,0.04596604569854193
2023-12-08,-0.005591921252231603,9.817775356887398e-06,-0.005601739027588491,0.808452640367586,-0.21197293472363565,0.019635550713774798
2023-12-11,-0.0015773567791477119,7.928448721505442e-05,-0.0016566412663627662,0.8071133243616532,-0.2132784128789832,0.1585689744301088
2023-12-12,0.00575137563568534,0.000162082552966798,0.005589293082718542,0.8116245172824778,-0.20888119535406235,0.324165105933596
2023-12-13,0.0003846074847883472,2.713010535384116e-05,0.00035747737943450604,0.8119146546880007,-0.2085983882769561,0.054260210707682326
2023-12-14,-0.0030687514715113775,6.152246107861505e-05,-0.0031302739325899925,0.8093731394089431,-0.21107569211234245,0.1230449221572301
2023-12-15,-0.00092805250324753,0.00010236077500761436,-0.0010304132782551444,0.808539150579033,-0.21188861019472816,0.2047215500152287
2023-12-18,-0.0033272477723094514,0.00010451910394669636,-0.0034317668762561477,0.8057644327039196,-0.2145932247570621,0.20903820789339272
2023-12-19,9.428831200378152e-05,0.00015357742845405008,-5.928911645026856e-05,0.8057166596426376,-0.2146397908308203,0.3071548569081001
2023-12-20,-0.003057682165865797,0.00028008403437894375,-0.0033377662002447408,0.8030273658091084,-0.21726113959200222,0.5601680687578876
2023-12-21,-0.00342862414733806,0.00023456111342832125,-0.0036631852607663814,0.8000857277986844,-0.22012845704847794,0.4691222268566425
2023-12-22,0.0018971525245113669,0.0002121954525278905,0.0016849570719834764,0.8014338379039317,-0.2188144069769432,0.424390905055781
2023-12-25,-5.4994788949189286e-05,0.00015319533970275606,-0.00020819012865194535,0.8012669872901125,-0.21897704210605573,0.3063906794055121
2023-12-26,-0.004928331008162634,3.8680686135131646e-06,-0.004932199076776147,0.797314978995149,-0.22282920281792118,0.007736137227026329
2023-12-27,0.005207904618930767,0.0001827160424428468,0.005025188576487921,0.801321637119458,-0.2189237730059419,0.3654320848856936
2023-12-28,0.005917790547391326,0.00017825821518345107,0.005739532332207874,0.8059208485642029,-0.21444076074719054,0.3565164303669021
2023-12-29,-0.0007771127528459486,0.00015065279289076724,-0.0009277655457367159,0.8051731429683141,-0.21516957554350447,0.30130558578153444
2024-01-01,0.00013637662046794673,1.0894292758346666e-05,0.00012548232770960007,0.8052741779685031,-0.2150710931949863,0.021788585516693333
2024-01-02,6.913821904470441e-05,1.3267805079365674e-06,6.781143853676784e-05,0.8053287847689277,-0.21501786603666673,0.002653561015873135
2024-01-03,-0.01194805929309806,9.683362081047829e-05,-0.012044892913908539,0.7956286857958978,-0.22447289177958651,0.19366724162095655
2024-01-04,-0.0003745527129983405,0.00023855256902183112,-0.0006131052820201716,0.7951408816461096,-0.22494837154598624,0.4771051380436623
2024-01-05,-0.008885925566091198,2.0615633238969106e-05,-0.008906541199330167,0.7880589266244568,-0.23185140080641997,0.04123126647793821
2024-01-08,0.006495032807920917,0.00040162351892898424,0.006093409288991933,0.7928608922082232,-0.2271707569967677,0.8032470378579686
2024-01-09,0.0010900110728415493,0.00017126617079782813,0.0009187449020437212,0.7935893291109694,-0.22646072406960815,0.34253234159565626
2024-01-10,-0.004179893491899917,0.00017484596548889247,-0.00435473945738881,0.790133454346527,-0.22982928607634223,0.34969193097778495
2024-01-11,8.895576731006232e-05,0.00011749453384164134,-2.8538766531579018e-05,0.7901109049123447,-0.22985126579853632,0.23498906768328268
2024-01-12,0.0051305259321739165,0.0001610333908270369,0.0049694925413468795,0.7940373551611434,-0.22602401740819444,0.32206678165407376
2024-01-15,-0.0006846671743399309,0.00015198571034631146,-0.0008366528846862424,0.7933730215173992,-0.22667156664670773,0.30397142069262295
2024-01-16,-0.013669749853260804,9.866094031649979e-05,-0.013768410793577305,0.782449535844606,-0.2373190701954695,0.19732188063299957
2024-01-17,-0.0014872847839828385,0.0001231506191002763,-0.0016104354030831148,0.7811894514109559,-0.23854731856608302,0.24630123820055258
2024-01-18,-0.0035075553873825435,0.00024793726356029506,-0.0037554926509428387,0.7782557001671879,-0.2414069485152488,0.49587452712059005
2024-01-19,-0.001029103977088155,0.0003082702352459795,-0.0013373742123341343,0.7772148810631823,-0.2424214712999604,0.616540470491959
2024-01-22,-0.003202560333412801,0.0003389411698187371,-0.003541501503231538,0.774462373393563,-0.24510443679816762,0.6778823396374742
2024-01-23,-0.0024921533101578885,0.0003787971023003881,-0.0028709504124582765,0.7722389303232353,-0.24727170452670488,0.7575942046007762
2024-01-24,-0.0008102004156850739,0.00041079852499656866,-0.0012209989406816424,0.7712960274073576,-0.24819078497809877,0.8215970499931373
2024-01-25,0.0003999245051584313,0.00021687175367257955,0.00018305275148585177,0.7714372152673846,-0.24805316423269663,0.43374350734515904
2024-01-26,-0.0015135121275676525,0.00017303219953680637,-0.0016865443271044589,0.7701361522082582,-0.2493213559028441,0.34606439907361275
2024-01-29,-0.0004952262461395767,0.00022892369996952393,-0.0007241499461091007,0.7695784581551398,-0.24986495980251233,0.4578473999390478
2024-01-30,-7.967460448125857e-05,0.00026943207510492673,-0.0003491066795861853,0.7693097931749322,-0.250126836955637,0.5388641502098535
2024-01-31,-0.0037802933299299346,0.0004099413951589921,-0.0041902347250889265,0.7660862045652196,-0.2532689815228377,0.8198827903179842
2024-02-01,0.00454611626761081,0.0002759300003725552,0.0042701862672382546,0.7693575353554747,-0.25008030098241574,0.5518600007451104
2024-02-02,-0.0057055853230083015,0.00020269853842017484,-0.005908283861428477,0.7648119526456655,-0.25451103943748865,0.4053970768403497
2024-02-05,-0.0038488050045276797,0.00043945894882902115,-0.0042882639533567005,0.7615322371180387,-0.2577078928746942,0.8789178976580423
2024-02-06,0.0008794583705839966,0.00020984271513068773,0.0006696156554533088,0.7620421710261454,-0.25721084245884374,0.4196854302613755
2024-02-07,2.1508141136028616e-05,4.737202702514845e-05,-2.5863885889119833e-05,0.7620224616543912,-0.257230053872854,0.0947440540502969
2024-02-08,0.004315944180804842,0.00026511208022970083,0.004050832100575141,0.7651092867034202,-0.25422121753173976,0.5302241604594016
2024-02-09,0.00620830728849902,5.590234489966518e-06,0.006202717054009054,0.7698550431242362,-0.24959536275920569,0.011180468979933036
2024-02-12,0.00036423151817842564,0.00022050877936700063,0.000143722738811425,0.7699656887995219,-0.24948751254952461,0.4410175587340013
2024-02-13,0.0017935193214684805,8.031000735298487e-05,0.0017132093141154956,0.7712848011891226,-0.2482017275656644,0.16062001470596973
2024-02-14,0.0018801976755620825,7.58769803826002e-05,0.0018043206951794822,0.7726764463177854,-0.2468452423841111,0.15175396076520042
2024-02-15,0.0008868503533428567,0.00022777225979935513,0.0006590780935435016,0.7731857004369506,-0.24634885458231826,0.45554451959871023
2024-02-16,-0.00033536932127245674,0.0002061328848940989,-0.0005415022061665556,0.7727670186743876,-0.24675695834024192,0.41226576978819784
2024-02-19,0.00048364329989827854,0.0001969285143147425,0.00028671478558353603,0.7729885824044529,-0.24654099242306005,0.393857028629485
2024-02-20,0.0011780284473214078,2.115188449684471e-06,0.0011759132588717233,0.7738975499274588,-0.24565498998603386,0.004230376899368941
2024-02-21,-0.006436364299050835,9.223433644856074e-05,-0.006528598635499396,0.7688450834389862,-0.25057980578910677,0.1844686728971215
2024-02-22,0.006307434678091294,9.637772711372588e-05,0.006211056950977568,0.7736204240387049,-0.24592511428265018,0.19275545422745174
2024-02-23,-0.00039873530852807244,9.995685594403487e-06,-0.0004087309941224759,0.773304221393714,-0.24623332806033227,0.019991371188806974
2024-02-26,-0.008743829015107648,0.00032374458871176727,-0.009067573603819415,0.7662922284480823,-0.2530681628382512,0.6474891774235345
2024-02-27,0.0034415842822976676,0.0002959602970475185,0.003145623985250149,0.7687026956615993,-0.2507185961359283,0.591920594095037
2024-02-28,-0.0055083955682377565,0.00022542146056842575,-0.005733817028806182,0.7642950950551256,-0.25501483860877194,0.45084292113685154
2024-02-29,0.0005644972417521662,0.00011569326008082725,0.00044880398167133895,0.7646381137369581,-0.25468048630205364,0.2313865201616545
2024-03-01,0.0020486916212967016,5.663420651866141e-05,0.0019920574147780402,0.7661613167610497,-0.25319576703841284,0.11326841303732282
2024-03-04,-0.0003241887045658855,0.00022768033480155436,-0.0005518690393674398,0.7657384960511683,-0.25360790517305287,0.4553606696031087
2024-03-05,-0.0011293669470314508,0.0001633140187934773,-0.001292680965824928,0.7647486404725236,-0.25457275202707785,0.3266280375869546
2024-03-06,0.003825846214450201,0.00013241654953878324,0.003693429664911418,0.7675731857874454,-0.25181956891638146,0.26483309907756647
2024-03-07,0.003207287361684648,0.00016665833023759858,0.0030406290314470494,0.769907091099911,-0.2495446297768681,0.33331666047519715
2024-03-08,-0.0034185655762391403,1.5104270602183969e-05,-0.0034336698468413244,0.7672634843363318,-0.25212144575300344,0.03020854120436794
2024-03-11,0.0014485163864601765,0.0002631215550115207,0.0011853948314486558,0.7681729945050234,-0.2512349143802477,0.5262431100230414
2024-03-12,0.006172232711649195,0.00015068801801698984,0.006021544693632205,0.7727985825238767,-0.24672619195215706,0.30137603603397967
2024-03-13,0.0077062533631387965,0.00010487344607299118,0.007601379917065805,0.7786729181490105,-0.24100027155561066,0.20974689214598236
2024-03-14,-0.0007803490185432264,0.000191192764495091,-0.0009715417830383174,0.7779164048737084,-0.24173767150510905,0.38238552899018197
2024-03-15,0.0010285472143564667,9.953734710897238e-05,0.0009290098672474944,0.7786390968897297,-0.24103323831997536,0.19907469421794474
2024-03-18,0.0024280555347118665,0.00013086326107198402,0.0022971922736398824,0.7804277806070586,-0.23928974573909456,0.2617265221439681
2024-03-19,0.0006134384152598103,0.00018200014025689497,0.0004314382750029153,0.780764487022488,-0.23896154621921928,0.36400028051378996
2024-03-20,0.00031175610900967027,9.497358123582747e-05,0.0002167825277738428,0.7809337431215808,-0.23879656637947555,0.18994716247165494
2024-03-21,0.003040004231065802,1.426264768197529e-05,0.0030257415833838267,0.7832966468220114,-0.23649336149695532,0.02852529536395058
2024-03-22,-0.002124859739374903,0.00010129537181966218,-0.0022261551111945653,0.781552906988107,-0.23819304570268995,0.20259074363932433
2024-03-25,0.0029120591481971774,0.00014072050293212855,0.002771338645265049,0.7837188547625623,-0.23608182065001415,0.2814410058642571
2024-03-26,0.00046225709030078713,0.00014758853305251243,0.0003146685572482747,0.7839654664438788,-0.23584143961866233,0.29517706610502487
2024-03-27,-0.0011324462736375218,1.5880391307768513e-05,-0.0011483266649452903,0.783065217994365,-0.23671894326979437,0.031760782615537025
2024-03-28,0.004413349257664955,9.72908225894526e-05,0.004316058435075503,0.7864449732337038,-0.23342457762656077,0.1945816451789052
2024-03-29,0.00024832297979762084,1.305652687518004e-05,0.0002352664529224408,0.7866299973529751,-0.2332442281460414,0.026113053750360084
2024-04-01,0.0012353427290715973,1.121469275100262e-06,0.001234221259796497,0.7876008728193018,-0.2322978818713476,0.002242938550200524
2024-04-02,0.002293365234281368,9.385665412692e-05,0.002199508580154448,0.789333207696805,-0.2306093144755209,0.18771330825384
2024-04-03,0.0056393541467090295,7.874464046951022e-05,0.005560609506239519,0.7937223814351144,-0.22633103331558135,0.15748928093902043
2024-04-04,0.00332937641606694,9.94565807907091e-06,0.003319430757987869,0.7963570879213535,-0.2237628927510683,0.019891316158141818
2024-04-05,0.00017455719582268033,0.00015518956726580987,1.9367628556870458e-05,0.7963725114696311,-0.2237478588791031,0.31037913453161975
2024-04-08,0.0009173603521507639,0.00010281643622856962,0.0008145439159221944,0.7970211918536563,-0.22311556742033145,0.20563287245713924
2024-04-09,-0.003452501091489098,0.00019123017997377056,-0.0036437312714628686,0.7941170608128805,-0.22594632552163474,0.38246035994754113
2024-04-10,0.002340366880618805,4.329272933347553e-05,0.0022970741512853294,0.7959412065863685,-0.22416826683428304,0.08658545866695105
2024-04-11,-0.002186728600158415,0.00011274785371220744,-0.0022994764538706225,0.7941109585231577,-0.2259522736368632,0.22549570742441488
2024-04-12,8.33129145104993e-05,0.000297936016080866,-0.00021462310157036672,0.7939405239662485,-0.22611840216065882,0.5958720321617321
2024-04-15,0.00434495240712787,3.8732507971307204e-05,0.004306219899156563,0.7973594064492987,-0.2227858978244519,0.0774650159426144
2024-04-16,-0.004341953318390698,6.543351781338693e-05,-0.004407386836204085,0.7938451350975906,-0.22621138102729266,0.13086703562677388
2024-04-17,-0.004364952648576323,2.7226823314724868e-05,-0.0043921794718910475,0.7903584247913543,-0.2296099995151275,0.05445364662944974
2024-04-18,0.002727498759345916,0.00011211537870969752,0.0026153833806362185,0.7924255150802993,-0.2275951343112511,0.22423075741939505
2024-04-19,0.0031750919027386617,0.00025194990214540873,0.002923142000593253,0.7947418873857723,-0.22533728520689378,0.5038998042908174
2024-04-22,-0.0004434545777987522,0.00012284313887833567,-0.0005662977166770878,0.7942918268695982,-0.2257759749334759,0.24568627775667135
2024-04-23,0.005819147856950974,0.00012716477688423503,0.005691983080066739,0.7988129225087753,-0.22136910488261596,0.2543295537684701
2024-04-24,-0.003966655608899744,2.1240471314517796e-05,-0.003987896080214262,0.7956273395862782,-0.2244742039771882,0.04248094262903559
2024-04-25,0.004454036096401623,0.00020546825432893749,0.004248567842072686,0.7990076163155183,-0.22117933001950785,0.410936508657875
2024-04-26,0.002468703067660621,7.983560821272065e-05,0.0023888674594479005,0.8009163396099854,-0.21931883066424618,0.1596712164254413
2024-04-29,-0.0070943078602065685,8.518332710901106e-05,-0.007179491187315579,0.7951661678079786,-0.22492372423959528,0.17036665421802213
2024-04-30,-0.00959604084128419,0.00020911793830720766,-0.009805158779591398,0.7873694372764621,-0.23252347018972042,0.4182358766144153
2024-05-01,-0.013232360783272721,0.0003048970559575474,-0.013537257839230269,0.776710614189321,-0.24291299785931997,0.6097941119150948
2024-05-02,-0.0019645877526907824,0.0002562357009112417,-0.0022208234536020242,0.7749856770406678,-0.24459435443009114,0.5124714018224834
2024-05-03,0.0010566222813520572,1.4338154000304481e-05,0.0010422841273517527,0.7757934323107724,-0.24380700711600156,0.028676308000608962
2024-05-06,0.004254741197483867,0.00010118149815166371,0.0041535596993322035,0.779015736646225,-0.24066611437584118,0.20236299630332744
2024-05-07,0.0034984926275196645,0.00016624913439057981,0.003332243493129085,0.7816116067657096,-0.23813582897635754,0.3324982687811596
2024-05-08,-0.0005457035243909515,0.0003731864056346863,-0.0009188899300256378,0.7808933917310614,-0.2388358982911586,0.7463728112693726
2024-05-09,0.0031725603963525784,0.00019950816918759074,0.0029730522271649877,0.7832150285685259,-0.2365729176633351,0.39901633837518147
2024-05-10,0.006294385044397193,9.726470369696476e-05,0.006197120340700228,0.78806870635321,-0.2318418681627451,0.19452940739392952
2024-05-13,0.0015506857345365791,2.4671262605445095e-05,0.001526014471931134,0.789271310603981,-0.23066964773682985,0.049342525210890185
2024-05-14,0.001377897378081328,0.0003121676175995833,0.0010657297604817447,0.7901124605287861,-0.2298497494847811,0.6243352351991666
2024-05-15,0.0036965106034502013,0.00028201878769944385,0.0034144918157507573,0.7928102930587845,-0.2272200777574983,0.5640375753988878
2024-05-16,1.9167621732651095e-05,0.00021962229242306885,-0.00020045467069041776,0.7926513705325694,-0.22737498510232768,0.4392445848461377
2024-05-17,0.011431198947914518,0.00027529363359792214,0.011155905314316596,0.8014941141694941,-0.2187556535926567,0.5505872671958443
2024-05-20,0.00840610692136814,0.00022236436818395093,0.008183742553184188,0.8080533356577496,-0.21236215099052835,0.4447287363679019
2024-05-21,-0.0036573756864399475,4.589070949616237e-06,-0.0036619647573895636,0.8050942728204799,-0.2152464530351872,0.009178141899232474
2024-05-22,0.003495182177444485,2.728307025387641e-06,0.0034924538704190974,0.807906027429644,-0.2125057374727648,0.005456614050775282
2024-05-23,-0.003639968719878658,0.0001247846975614323,-0.0037647534174400903,0.8048644604519078,-0.21547045918882868,0.24956939512286463
2024-05-24,-0.0029800542593697624,1.4546715316805185e-05,-0.0029946009746865676,0.802454212554148,-0.21781981211641221,0.02909343063361037
2024-05-27,0.0004499429629195744,9.860266247403148e-06,0.0004400826966721713,0.8028073587679647,-0.21747558815004486,0.019720532494806296
2024-05-28,-0.0005379480149019161,1.3703606753517287e-06,-0.0005393183755772679,0.8023743900073325,-0.21789761794469342,0.0027407213507034574
2024-05-29,-0.009668081095478781,0.00012008001704411994,-0.0097881611125229,0.7945206202053784,-0.2255529620667387,0.24016003408823988
2024-05-30,0.0039420341151938845,0.00016256834262499,0.0037794657725688944,0.7975234836950449,-0.22262596599420248,0.32513668524998
2024-05-31,-0.0002953601260577506,0.00022201597281653812,-0.0005173760988742887,0.7971108641062902,-0.22302816073928255,0.4440319456330762
2024-06-03,0.008533684959184662,7.444039428194599e-05,0.008459244564902716,0.8038538198511063,-0.21645556593093374,0.14888078856389197
2024-06-04,-0.006345220233664049,2.7153463234174726e-05,-0.006372373696898224,0.7987313629133359,-0.22144860387294651,0.05430692646834945
2024-06-05,0.002568389366334244,0.00019868102051577753,0.0023697083458184666,0.8006241232900987,-0.21960366413189547,0.39736204103155504
2024-06-06,0.001673425469077251,0.00014030021183003417,0.001533125257247217,0.8018515803550762,-0.21840721879871294,0.2806004236600683
2024-06-07,-0.005658036687192794,1.3974171377033387e-05,-0.005672010858569827,0.7973034694843408,-0.2228404215406664,0.027948342754066772
2024-06-10,0.0010770448254684094,0.00031577263053523505,0.0007612721949331743,0.797910434446583,-0.22224879156255928,0.6315452610704702
2024-06-11,0.008558046594934974,0.0001888036681119637,0.008369242926823011,0.8045883407063134,-0.21573960276251625,0.3776073362239274
2024-06-12,-5.76848994256324e-05,8.832862480280114e-05,-0.00014601352422843354,0.8044708599271337,-0.2158541153870296,0.1766572496056023
2024-06-13,-0.008552138293381526,0.0002679368617367797,-0.008820075155118305,0.7973753664824738,-0.22277034102189275,0.5358737234735593
2024-06-14,-0.002848283333043176,0.00026161981105255394,-0.00310990314409573,0.7948956063232254,-0.22518744998203322,0.5232396221051079
2024-06-17,-0.005489105473872474,0.00022406655614238923,-0.005713172030014863,0.7903542309783979,-0.2296140873713004,0.4481331122847785
2024-06-18,0.004539585196312986,0.0002054858723595117,0.004334099323953474,0.7937797047165651,-0.226275158308193,0.41097174471902337
2024-06-19,0.00010958259883194792,0.0001375763667572796,-2.799376792533167e-05,0.7937574838317275,-0.2262968177818494,0.27515273351455916
2024-06-20,-0.000780309282904498,9.409385777292948e-06,-0.0007897186686817909,0.7931306387283397,-0.22690782562886558,0.018818771554585896
2024-06-21,-0.004772305276057954,0.00012543683609954134,-0.004897742112157496,0.7892460893985974,-0.23069423172786263,0.2508736721990827
2024-06-24,0.002957895942619075,0.00011671991675310947,0.0028411760258659656,0.7914884764663052,-0.22850849862248745,0.23343983350621894
2024-06-25,-0.0035024188215972713,0.00015021008285063086,-0.003652628904447902,0.7885974627796268,-0.23132647077995483,0.30042016570126173
2024-06-26,-0.001800109905715865,0.0001430892527148703,-0.0019431991584307352,0.7870650608536128,-0.2328201565350433,0.2861785054297406
2024-06-27,0.0027886638693664094,5.9715301234789205e-06,0.0027826923392429304,0.789255220768936,-0.23068533106181177,0.011943060246957841
2024-06-28,-0.0023784002244456133,7.931021236204722e-05,-0.0024577104368076605,0.7873154599755472,-0.23257608375285033,0.15862042472409443
2024-07-01,-0.0005422596279580647,1.3253366973609324e-05,-0.000555512994931674,0.7868780960064201,-0.2330023977109471,0.026506733947218645
2024-07-02,-0.00022444791142624054,0.00016050266874687266,-0.0003849505801731132,0.7865751868268369,-0.23329765388293966,0.3210053374937453
2024-07-03,0.0029066555705545773,0.00023900962035355836,0.0026676459502010187,0.7886734909385041,-0.23125236347431088,0.47801924070711677
2024-07-04,0.00013292438151180514,0.00035344954638341175,-0.0002205251648716066,0.7884995685868851,-0.23142189167360028,0.7068990927668235
2024-07-05,0.001692761673633756,0.00019274919571398325,0.0015000124779197728,0.7896823277785998,-0.23026901492085472,0.3854983914279665
2024-07-08,-0.005071810327632806,0.00015234945806968925,-0.005224159785702495,0.785556901118339,-0.23429021257891425,0.3046989161393785
2024-07-09,-0.00312711958534741,6.949386822959047e-05,-0.0031966134535770007,0.7830457793596738,-0.2367378907869201,0.13898773645918094
2024-07-10,0.005650212897616601,0.00029218343189311204,0.005358029465723489,0.7872413617184932,-0.2326483099156863,0.584366863786224
2024-07-11,0.002508500729645706,0.0002275001712280171,0.002281000558417689,0.7890370597041827,-0.23089798028210118,0.4550003424560342
2024-07-12,-0.0011264869506478227,0.00019473694519960707,-0.0013212238958474297,0.7879945650861924,-0.2319141362488969,0.38947389039921415
2024-07-15,-0.0008152284854395211,0.0002105731468331295,-0.0010258016322726507,0.787186238975105,-0.2327020399816584,0.421146293666259
2024-07-16,0.0004272907249636559,0.000200721713765838,0.00022656901119781788,0.787364590982898,-0.232528194041563,0.401443427531676
2024-07-17,0.003796874163654043,0.00011410355847491886,0.003682770605179124,0.7902642741541288,-0.2297017714342754,0.22820711694983775
2024-07-18,-0.0023213527900874777,0.00012155032380775136,-0.002442903113895229,0.7883337350979975,-0.2315835353754666,0.24310064761550274
2024-07-19,-0.011217338577696419,4.041929323944215e-05,-0.011257757870935862,0.7794588647867738,-0.24023418187825007,0.0808385864788843
2024-07-22,-0.0006785825120190156,0.00022962221553959373,-0.0009082047275586093,0.778750956560837,-0.24092420478610566,0.45924443107918744
2024-07-23,0.006099877290041153,0.000366264448239391,0.005733612841801762,0.7832160130459397,-0.2365719580587664,0.7325288964787819
2024-07-24,-0.008634635719083215,0.00024266281472331953,-0.008877298533806534,0.7762631706816732,-0.2433491366961581,0.48532562944663904
2024-07-25,-0.004195564227738103,0.00036302411644885646,-0.00455858834418696,0.7727245064397821,-0.246798396502234,0.7260482328977129
2024-07-26,0.0013130293833854354,0.00021763278448691924,0.0010953965988985163,0.7735709462360217,-0.24597334202747767,0.4352655689738385
2024-07-29,0.004086646547212072,0.00029886225707252787,0.003787784290139544,0.7765010661134829,-0.24311725169806286,0.5977245141450557
2024-07-30,0.0011065427007523562,9.553697892767068e-05,0.0010110057218246855,0.7772861131343266,-0.24235203890877932,0.19107395785534137
2024-07-31,-0.004546149069548907,0.00013186874321252816,-0.004678017812761435,0.7736499548514721,-0.24589632956656637,0.26373748642505634
2024-08-01,0.0082058649030199,0.0001461306944806958,0.008059734208539204,0.7798853678580233,-0.23981845441718908,0.2922613889613916
2024-08-02,0.003475862865423264,0.0001521878591089816,0.0033236750063142823,0.7824774533629633,-0.2372918580138741,0.3043757182179632
2024-08-05,0.007797768770747852,0.00026445256536692876,0.007533316205380923,0.7883721034427277,-0.23154613640787403,0.5289051307338575
2024-08-06,-0.003739136446339244,0.00016363935055363837,-0.0039027757968928822,0.7852952638784658,-0.23454523954773032,0.32727870110727675
2024-08-07,-0.005227849834612765,1.3868908224798537e-05,-0.005241718742837563,0.7811789669751326,-0.2385575381123871,0.027737816449597073
2024-08-08,-0.00407721788097037,6.334527647658252e-05,-0.004140563157446952,0.7779444461251028,-0.24171033871659475,0.12669055295316506
2024-08-09,-0.0024485627403279526,0.00013850536514274973,-0.002587068105470702,0.7759318508607045,-0.24367208571400922,0.27701073028549944
2024-08-12,-0.005998101349187485,1.0304701638998644e-05,-0.006008406050826484,0.771269737232964,-0.2482164109306142,0.020609403277997287
2024-08-13,0.003895658676710249,0.00017188115394180912,0.00372377752276844,0.7741417741444637,-0.24541693609965132,0.3437623078836182
2024-08-14,0.002295272934859632,4.235040486415859e-05,0.0022529225299954734,0.7758858555888444,-0.2437169189142373,0.08470080972831719
2024-08-15,-0.007876797568888445,0.0001739746029104752,-0.00805077217179892,0.7696393753341773,-0.24980558169744493,0.3479492058209504
2024-08-16,0.0072355413952141425,0.0004477743579997827,0.00678776703721436,0.7748635081166128,-0.24471343675338875,0.8955487159995654
2024-08-19,0.009986869516024316,0.0002830163269880183,0.009703853189036297,0.782382669840918,-0.23738424682799186,0.5660326539760365
2024-08-20,0.002321165119850102,2.282673946422124e-05,0.002298338380385881,0.7841808499591622,-0.23563149777298975,0.04565347892844248
2024-08-21,0.006986901749603812,1.57981844272852e-05,0.006971103565176527,0.7896474558780556,-0.23030300578200635,0.0315963688545704
2024-08-22,-0.007884075984217281,1.1711082248103775e-05,-0.007895787066465385,0.7834125677088664,-0.23638036935405016,0.02342216449620755
2024-08-23,-4.62859751307753e-05,0.000153774086335958,-0.0002000600614667333,0.7832558381424167,-0.2365331391442943,0.307548172671916
2024-08-26,-0.004899378220772317,0.00015208955103136618,-0.005051467771803684,0.7792992465189632,-0.2403897673867471,0.30417910206273235
2024-08-27,0.0034918755215067442,0.00016702516221627062,0.0033248503592904735,0.7818902998987466,-0.2378641770319222,0.33405032443254123
2024-08-28,0.000632074624155084,6.202704346045182e-06,0.0006258719198090388,0.7823796630818244,-0.23738717762124584,0.012405408692090364
2024-08-29,-0.004681667815044246,5.375163167994987e-05,-0.004735419446724196,0.7786747672105452,-0.24099846921065937,0.10750326335989975
2024-08-30,0.0022277725076854517,0.00013450854485355334,0.002093263962831898,0.7803047390395136,-0.2394096786585238,0.2690170897071067
2024-09-02,-0.0013179371861516177,2.6348364258381378e-05,-0.001344285550409999,0.7792557866539063,-0.24043212923728485,0.05269672851676276
2024-09-03,0.010643320271320854,8.11820977604415e-05,0.010562138173560413,0.7874863939450912,-0.23240946843409205,0.16236419552088302
2024-09-04,0.004079260139674864,0.0001333963298614485,0.003945863809813416,0.7905937080076796,-0.22938066073483077,0.266792659722897
2024-09-05,0.000861654451920931,8.75583829458116e-05,0.0007740960689751194,0.7912057034892047,-0.22878412733362952,0.1751167658916232
2024-09-06,0.005486826265559452,8.42248638773147e-05,0.005402601401682137,0.7954802725318944,-0.22461755537896266,0.1684497277546294
2024-09-09,-0.0048502875292145,0.00023671748004561817,-0.005087005009260118,0.791433660400757,-0.22856192975884226,0.4734349600912363
2024-09-10,0.008218268994655692,0.000179050476173357,0.008039218518482334,0.797796168539601,-0.22236017053869728,0.35810095234671396
2024-09-11,-0.006405015512108463,0.00011975924564328757,-0.006524774757751751,0.7925907282372828,-0.2274340952685887,0.23951849128657512
2024-09-12,-0.006109379156332529,8.900929905774348e-05,-0.006198388455390272,0.7876779430175275,-0.23222275885350407,0.17801859811548698
2024-09-13,0.0026298197935463435,0.00020615006198792306,0.0024236697315584204,0.7895870142062353,-0.23036192039355774,0.41230012397584614
2024-09-16,-0.003251421914772016,0.0002774186878644246,-0.0035288406026364404,0.7868006874911899,-0.23307785049820806,0.5548373757288492
2024-09-17,-0.002887218755525258,0.00014550599823919097,-0.003032724753764449,0.7844145375699565,-0.23540371428521245,0.29101199647838194
2024-09-18,-0.0019853516495230965,6.652835965211989e-05,-0.0020518800091752164,0.7828050130614103,-0.23697257411896022,0.1330567193042398
2024-09-19,-0.003116681239892983,0.00020324603871801542,-0.0033199272786109987,0.7802061573447143,-0.2395057696844709,0.40649207743603083
2024-09-20,0.0028222713622612404,0.00020403389300694693,0.0026182374692542937,0.7822489223396172,-0.2375146151955071,0.4080677860138938
2024-09-23,0.004353147991051626,0.00012259794003091789,0.004230550051020708,0.785558265557932,-0.23428888261191994,0.2451958800618358
2024-09-24,-0.0010443808153962025,6.388575867686845e-06,-0.0010507693912638894,0.7847328249774294,-0.2350934684166217,0.01277715173537369
2024-09-25,0.004434071912722049,5.6368209452647154e-05,0.004377703703269402,0.7881681527714102,-0.23174493426065412,0.1127364189052943
2024-09-26,0.0040490835368714555,6.59098139459667e-05,0.003983173722925489,0.7913075634467759,-0.22868484087029695,0.1318196278919334
2024-09-27,0.0021578748746354185,0.00011753997370757497,0.0020403349009278436,0.7929220958858446,-0.22711109963150977,0.23507994741514993
2024-09-30,-0.0018299259987619226,1.0825256766076753e-05,-0.0018407512555279994,0.7914625235423068,-0.2285337958452467,0.021650513532153505
2024-10-01,-0.00278008547549322,0.00011400661133939867,-0.002894092086832619,0.7891719581158985,-0.23076649008194983,0.2280132226787973
2024-10-02,-0.002310254640324771,0.00015215122855514419,-0.002462405868879915,0.7872286964546784,-0.23266065519131107,0.30430245711028836
2024-10-03,-0.007914023499625306,6.963867435182716e-05,-0.007983662173977132,0.7809437284885239,-0.2387868332930646,0.13927734870365432
2024-10-04,-0.006104503743590156,0.00010986016499562703,-0.0062143639085857835,0.7760906599675684,-0.2435172889229884,0.21972032999125407
2024-10-07,-0.007036654529271024,0.00016939182913276455,-0.007206046358403789,0.7704981146935179,-0.24896853840834043,0.33878365826552914
2024-10-08,-0.0041226616168238365,0.0001659162227936228,-0.004288577839617459,0.7671937735533763,-0.25218939529137796,0.33183244558724556
2024-10-09,-0.0034352109725532074,0.00015969513900919362,-0.003594906111562401,0.7644357839680765,-0.25487770420453615,0.31939027801838726
2024-10-10,0.001230674031286305,6.503091187493927e-05,0.0011656431194113658,0.7653268432798908,-0.2540091575273222,0.13006182374987854
2024-10-11,0.00021709644091139958,0.0001647410275480272,5.235541336337239e-05,0.7653669122831287,-0.25397010086839933,0.3294820550960543
2024-10-14,-0.007609313366229653,0.00016320686915189498,-0.007772520235381548,0.7594180824699166,-0.2597686333555993,0.32641373830379
2024-10-15,-0.0013933494364144349,0.00016530332396843712,-0.001558652760382872,0.7582344133793901,-0.2609223970185417,0.3306066479368742
2024-10-16,-0.0003207876260290421,0.00022647090728917306,-0.0005472585333182151,0.7578194631264128,-0.2613268635435576,0.45294181457834615
2024-10-17,0.0007613962513535062,0.00010295059580324116,0.000658445655550265,0.7583184460595999,-0.2608404874259861,0.2059011916064823
2024-10-18,0.004969320594315171,0.00012756367852827916,0.004841756915786892,0.7619900396401776,-0.2572616567441113,0.2551273570565583
2024-10-21,-0.003320907818867528,1.1367747484147998e-05,-0.003332275566351676,0.7594508788492814,-0.2597366655775353,0.022735494968295997
2024-10-22,-0.0016241442173480771,2.7282017507391804e-05,-0.001651426234855469,0.7581967017438657,-0.2609591558687021,0.05456403501478361
2024-10-23,-3.396507432834497e-05,0.00012104024993277434,-0.0001550053242611193,0.7580791772182581,-0.26107371113438893,0.24208049986554867
2024-10-24,0.002607109259549626,0.00020595461109905092,0.002401154648450575,0.7598994425585294,-0.2592994348410169,0.4119092221981019
2024-10-25,-0.001697297765309071,0.00011270596786498586,-0.001810003733174057,0.7585240217306616,-0.26064010562911877,0.2254119357299717
2024-10-28,-0.012557341087222196,0.00013346930400439923,-0.012690810391226595,0.7488977371936871,-0.27002318185945695,0.26693860800879843
2024-10-29,0.0032369811706766958,0.0002609580418988035,0.0029760231287778924,0.7511264741806649,-0.2678507539651991,0.5219160837976069
2024-10-30,-0.003082146906793794,8.628494428202828e-06,-0.003090775401221997,0.7488049109510607,-0.2701136628448666,0.017256988856405656
2024-10-31,-0.0068135577294013,0.0001621750283912833,-0.006975732757792583,0.7435814480045434,-0.27520515487642494,0.3243500567825666
2024-11-01,-3.5540752905056905e-05,0.0001207190443042797,-0.00015625979720933659,0.7434652561182695,-0.27531841117194245,0.24143808860855936
2024-11-04,-0.0028722737080235177,0.0001456376082192896,-0.0030179113162428074,0.7412215439085968,-0.27750543593953947,0.29127521643857923
2024-11-05,-0.005280659768765359,0.00021619783852810918,-0.005496857607293468,0.7371471546262731,-0.28147688568022333,0.4323956770562184
2024-11-06,0.004624027856850509,4.2552122248169624e-05,0.00458147573460234,0.7405243764280245,-0.27818498946721637,0.08510424449633924
2024-11-07,-0.004447095206585254,8.431995971000574e-05,-0.00453141516629526,0.7371687530376672,-0.2814558329532043,0.16863991942001147
2024-11-08,-0.0032068801919255506,0.00018253275560201952,-0.00338941294752757,0.7346701837216085,-0.2838912758563631,0.365065511204039
2024-11-11,0.0022570583543989435,0.00024846530489210496,0.0020085930495068387,0.7361458371463117,-0.282452904850357,0.49693060978420994
2024-11-12,0.005157382740910808,0.00017059124953703887,0.004986791491373769,0.7398168429434031,-0.2788746471016048,0.3411824990740777
2024-11-13,0.0026877410371520683,2.5902941741962553e-05,0.0026618380954101057,0.741786115599576,-0.2769551281656937,0.051805883483925105
2024-11-14,-0.0026725600761619878,7.411887532856808e-05,-0.002746678951490556,0.7397486672893506,-0.27894110029614416,0.14823775065713615
2024-11-15,0.004516384566480877,4.5641827569803896e-05,0.004470742738911073,0.7430558932722536,-0.27571743145596594,0.09128365513960779
2024-11-18,-0.0052135851727723136,4.219767391513283e-05,-0.005255782846687446,0.7391505528542632,-0.2795241033558745,0.08439534783026566
2024-11-19,-0.00120894389529091,1.946661357815325e-05,-0.0012284105088690633,0.7382425725475007,-0.28040914351869906,0.0389332271563065
2024-11-20,0.002958195355826564,6.308527328673747e-06,0.00295188682849789,0.7404217810736401,-0.27828499274754426,0.012617054657347491
2024-11-21,0.0003651742128245816,3.7635699594094907e-06,0.0003614106428651721,0.7406893773855292,-0.2780241572628078,0.007527139918818981
2024-11-22,-0.0026841393566477095,9.685952048947735e-05,-0.002780998877137187,0.7386295210587126,-0.28003197127078017,0.1937190409789547
2024-11-25,0.007981102927298185,0.00023574295729640222,0.007745359970001782,0.7443504725837823,-0.2744555597213798,0.4714859145928044
2024-11-26,0.004057233461879332,0.0003100999099577257,0.0037471335519216062,0.7471396532139898,-0.27173684780580154,0.6201998199154514
2024-11-27,-0.004174586680017519,1.270510247688489e-05,-0.004187291782494404,0.744011161483711,-0.2747862981184779,0.025410204953769777
2024-11-28,-0.0014643659394064999,2.543800064633969e-05,-0.0014898039400528397,0.7429027307238893,-0.27586672434892123,0.050876001292679385
2024-11-29,0.0007849586795607657,3.247729367563408e-06,0.0007817109501932024,0.7434834659234247,-0.2753006614379454,0.006495458735126816
2024-12-02,-0.0008854797100062865,6.859821754278621e-06,-0.0008923395317605652,0.7428200262355709,-0.27594733930638504,0.013719643508557242
2024-12-03,-0.005976532320138292,5.7537495629044785e-05,-0.006034069815767337,0.7383377983367153,-0.28031632361130243,0.11507499125808958
2024-12-04,6.0688786498505265e-05,0.00026955761838190153,-0.00020886883188339628,0.7381835825832413,-0.28046664310011526,0.5391152367638031
2024-12-05,0.0009333690441761448,0.0002655808714520491,0.0006677881727240958,0.7386765328489896,-0.2799861472344971,0.5311617429040982
2024-12-06,0.0011279407666192787,5.064537879937747e-06,0.001122876228739341,0.7395059751684534,-0.2791776607948636,0.010129075759875494
2024-12-09,-0.004259672106115229,7.39546465458085e-05,-0.004333626752661038,0.7363012322907108,-0.28230143576795863,0.147909293091617
2024-12-10,-0.0008184290590704711,6.68258018167411e-05,-0.0008852548608872122,0.7356494180457481,-0.2829367819105968,0.1336516036334822
2024-12-11,0.0027985053619820894,0.00025897193269921803,0.0025395334292828715,0.7375176243351077,-0.2811157758973497,0.5179438653984361
2024-12-12,0.000558495639069312,0.0001805380432928104,0.00037795759577650165,0.7377963747232442,-0.28084406814436624,0.3610760865856208
2024-12-13,-0.007126387545561697,0.00020284772915144832,-0.007329235274713145,0.7323888915080671,-0.2861149311681418,0.40569545830289666
2024-12-16,-0.0004809747121363056,0.00026813989100029414,-0.0007491146031365997,0.7318402482942633,-0.286649712898165,0.5362797820005883
2024-12-17,0.003601394703159626,0.00018153823855418413,0.003419856464605442,0.7343430368984509,-0.2842101573072916,0.36307647710836827
2024-12-18,-0.003239339866302387,1.9117747288967635e-05,-0.0032584576135913546,0.7319502112388814,-0.28654252816994497,0.03823549457793527
2024-12-19,0.009626367177810825,0.00016050928394613104,0.009465857893864693,0.7388787479238529,-0.27978904112828573,0.3210185678922621
2024-12-20,0.0010937396469078958,0.00018535208310285967,0.0009083875638050362,0.7395499361896267,-0.2791348104499305,0.37070416620571933
2024-12-23,-0.00013703885141904795,4.870214844066684e-05,-0.0001857409998597148,0.7394125714450327,-0.2792687046710016,0.09740429688133367
2024-12-24,4.3863766297785124e-05,8.796694902794737e-06,3.5067071394990385e-05,0.7394385004784658,-0.27924343073521185,0.017593389805589475
2024-12-25,5.083088966839753e-06,0.00017507984266126536,-0.0001699967536944256,0.7393127983338278,-0.2793659570121908,0.3501596853225307
2024-12-26,-0.01136702515382365,1.5752705580371755e-06,-0.011368600424381687,0.730907846540939,-0.28755855749912584,0.0031505411160743513
2024-12-27,-0.004364924827440841,0.0001324936706826837,-0.004497418498123525,0.7276206480714821,-0.29076270482145916,0.2649873413653674
2024-12-30,0.020826816564740037,0.00018063579899080376,0.020646180765749235,0.7426432355004575,-0.276119663419392,0.3612715979816075
2024-12-31,-0.011233336307860794,0.00010237720480625632,-0.01133571351266705,0.7342248445407042,-0.28432536353232274,0.20475440961251265
2025-01-02,0.001269128354361431,1.3337822963850627e-05,0.0012557905313975804,0.7351468771483954,-0.28342662610028513,0.02667564592770125
2025-01-03,-0.0157584739223103,8.998905641992141e-05,-0.015848462978730223,0.72349592908198,-0.2947832126880785,0.17997811283984283
2025-01-06,0.011167439692384033,0.00011036000884522193,0.011057079683538812,0.7314956812205554,-0.28698557447660134,0.22072001769044386
2025-01-07,-0.011226233725914398,1.4092722674100563e-05,-0.0112403264485885,0.7232734309679038,-0.29500008938203703,0.028185445348201128
2025-01-08,0.010515047727071757,0.00017294652367146396,0.010342101203400293,0.7307535979887044,-0.2877089089580379,0.3458930473429279
2025-01-09,0.0030101990157075484,1.4368073266667137e-06,0.003008762208380882,0.7329522617979712,-0.2855657944419444,0.0028736146533334273
2025-01-10,0.01673918409145183,2.4174340057289455e-06,0.0167367666574461,0.7452195127747312,-0.27360847585142134,0.004834868011457891
2025-01-13,0.003271076691594119,0.0002076324489170313,0.003063444242677088,0.7475024512006716,-0.27138321591883896,0.4152648978340626
2025-01-14,-0.0019109194182739312,1.690331998823816e-05,-0.0019278227382621693,0.7460613989783402,-0.2727878599226701,0.03380663997647632
2025-01-15,0.0003804098608248666,7.860654444579975e-05,0.00030180331637906684,0.7462865627827743,-0.2725683848870837,0.15721308889159952
2025-01-16,-0.001031354022941648,0.00011976904496630805,-0.0011511230679079562,0.7454274951050852,-0.27340574819956576,0.2395380899326161
2025-01-17,-0.005796359710716268,0.0002132725694787418,-0.0060096322801950096,0.7409477499679568,-0.27777231246978984,0.42654513895748364
2025-01-20,0.0011030807987642576,0.00024305377779043025,0.0008600270209738274,0.7415849850540589,-0.27715117714321846,0.4861075555808605
2025-01-21,-0.0057031991565558125,3.3114619781919216e-05,-0.005736313776337732,0.7373310208879681,-0.28129766480398133,0.06622923956383844
2025-01-22,0.0022069962972658466,3.519534178715927e-05,0.0021718009554786873,0.7389323571036367,-0.27973678638569777,0.07039068357431853
2025-01-23,-0.0006703901436633435,7.455176884156961e-06,-0.0006778453205475004,0.7384314752631729,-0.2802250134346087,0.01491035376831392
2025-01-24,0.00305570377251624,0.0001521632966082096,0.0029035404759080305,0.7405755409402841,-0.2781351176275698,0.3043265932164192
2025-01-27,-0.018493585680209614,1.543860432379447e-05,-0.01850902428453341,0.7268682102684889,-0.29149613226555304,0.030877208647588937
2025-01-28,-0.009705919281145104,0.00013540739062016912,-0.009841326671765273,0.7197148627639153,-0.29846875027613695,0.2708147812403382
2025-01-29,0.0047465378823216735,0.00014158594471402276,0.004604951937607651,0.723029115115725,-0.29523823258842874,0.2831718894280455
2025-01-30,-0.020331987771376136,5.4802573659235676e-05,-0.02038679034503537,0.7082888721325042,-0.3096060629838451,0.10960514731847135
2025-01-31,0.0004543816358961849,0.00031755581515361,0.0001368258207425749,0.7083857843387567,-0.30951159926677707,0.6351116303072201
2025-02-03,0.003368153197597714,0.00012066005558924386,0.00324749314200847,0.7106862623152931,-0.3072692429207595,0.24132011117848773
2025-02-04,-0.004731687299393289,0.00035083635645315,-0.005082523655846439,0.7070741825751905,-0.3107900633807471,0.7016727129063001
2025-02-05,0.006372938044023458,9.037665710380993e-05,0.006282561386919648,0.7115164195323253,-0.30646005964546164,0.18075331420761986
2025-02-06,0.0068377821911984864,0.00029901817423631387,0.006538764016962173,0.716168857493841,-0.3019251656391453,0.5980363484726278
2025-02-07,0.0010642000387466083,0.00010982459670778923,0.0009543754420388191,0.7168523514637861,-0.3012589401605259,0.21964919341557848
2025-02-10,0.003183209588779025,0.00028529289836318195,0.002897916690415843,0.7189297298576569,-0.29923404678093823,0.5705857967263639
2025-02-11,0.0034820440621378644,0.0003065320721085523,0.0031755119900293122,0.7212126998348085,-0.2970087560942867,0.6130641442171046
2025-02-12,0.004516219367935065,5.4094412462275036e-05,0.00446212495547279,0.7244308410209453,-0.2938719213213762,0.10818882492455006
2025-02-13,0.0012016736333102054,0.00015428361581071353,0.001047390017499492,0.7251896026521994,-0.29313232982069204,0.3085672316214271
2025-02-14,-0.0029599465868943384,0.00010171676226817352,-0.003061663349162512,0.7229693162245655,-0.2952965206591879,0.20343352453634705
2025-02-17,0.0017442152874334411,0.0001891145279896267,0.0015551007594438145,0.7240936063572809,-0.29420063574328226,0.3782290559792534
2025-02-18,0.003152886658509043,8.267302795346275e-05,0.0030702136305555804,0.7263167284173172,-0.29203368091470383,0.1653460559069255
2025-02-19,-0.0005002696631160662,0.00017404537581264002,-0.0006743150389287062,0.72582696212432,-0.292511073250718,0.34809075162528
2025-02-20,-0.003084160856363724,9.955983629427642e-05,-0.0031837206926580005,0.7235161318057156,-0.2947635203866361,0.19911967258855284
2025-02-21,0.004161572088965179,0.00016428564797735698,0.003997286440987822,0.7264082330292185,-0.29194448816898766,0.32857129595471396
2025-02-24,-0.002603191379402058,0.00018599600337155088,-0.0027891873827736086,0.7243821443509106,-0.29391938766889003,0.3719920067431018
2025-02-25,0.004141431614485627,6.728213805848694e-05,0.004074149476427141,0.7273333854850511,-0.29104270971184576,0.13456427611697386
2025-02-26,0.005436543960660075,1.8692479518636814e-05,0.005417851481141439,0.7312739697448849,-0.2872016844065921,0.03738495903727363
2025-02-27,-0.002483998853598925,1.4134060732719581e-05,-0.0024981329143316444,0.7294471501716713,-0.2889823493400562,0.02826812146543916
2025-02-28,-0.0028108624102374438,2.197656579540666e-05,-0.0028328389760328503,0.7273807438537089,-0.29099654785349294,0.04395313159081332
2025-03-03,0.009789779689995143,9.938857533550526e-05,0.009690391114659637,0.7344293477509235,-0.28412602710054924,0.1987771506710105
2025-03-04,-0.003533877862491116,0.00014316010228581649,-0.003677037964776932,0.731728823156797,-0.2867583228768963,0.286320204571633
2025-03-05,0.010622942766858278,0.0002324435707350099,0.010390499196123268,0.7393318509055878,-0.2793473858041071,0.46488714147001986
2025-03-06,0.0018087299066378223,0.00010101857418817979,0.0017077113324496425,0.7405944162858203,-0.2781167191680852,0.20203714837635958
2025-03-07,-0.0040184138848523765,0.00012762630851134783,-0.0041460401933637245,0.7375238820689186,-0.2811096762653317,0.2552526170226957
2025-03-10,0.0018217415202339,1.3769115072811753e-05,0.0018079724051610882,0.7388573048958466,-0.279809942397682,0.027538230145623503
2025-03-11,0.0002783677180918392,2.7408374650613914e-05,0.0002509593434412253,0.73904272803998,-0.2796292039736732,0.05481674930122783
2025-03-12,-0.0023700802560935198,0.00011321374257073431,-0.002483293998664254,0.7372074676686818,-0.2814180964482583,0.22642748514146863
2025-03-13,0.005297369034667954,8.270714125366017e-05,0.005214661893414294,0.7410517553578742,-0.27767093477851,0.16541428250732032
2025-03-14,-0.003978515856297703,4.2021059864508095e-05,-0.004020536916162211,0.738072329418671,-0.28057508545084997,0.08404211972901618
2025-03-17,-0.0007142054246557537,5.495190153572035e-05,-0.000769157326191474,0.7375046356792394,-0.2811284363945201,0.1099038030714407
2025-03-18,0.007289170497081663,0.00012907347820357106,0.0071600970188780925,0.7427852404225751,-0.2759812462549923,0.25814695640714214
2025-03-19,0.0007150019671822003,1.9302850729733773e-05,0.0006956991164524665,0.743301995458051,-0.2754775470477169,0.03860570145946755
2025-03-20,-0.005523303872186889,7.297118116368828e-06,-0.005530600990303258,0.7391910887058764,-0.2794845916435117,0.014594236232737656
2025-03-21,-0.0016613735591645552,1.0721052879613097e-05,-0.0016720946120441682,0.7379550912691801,-0.28068936157571944,0.021442105759226192
2025-03-24,-0.004321982859032423,0.00011849479766098634,-0.004440477656693409,0.7346782181747562,-0.28388344439386437,0.2369895953219727
2025-03-25,0.002407983818606279,2.0570865902091523e-05,0.0023874129527041875,0.7364321984688962,-0.28217377845336444,0.04114173180418305
2025-03-26,-0.0008089826845753196,0.0001410685526481452,-0.0009500512372234648,0.7357325501476096,-0.28285575014325615,0.2821371052962904
2025-03-27,-0.0023383300393912555,0.0001279699276717017,-0.002466299967062957,0.7339180129834134,-0.28462444298305734,0.25593985534340347
2025-03-28,0.006470680536344282,0.000337524632419051,0.006133155903925231,0.7384192465777397,-0.28023693316201503,0.675049264838102
2025-03-31,0.000873463687343338,0.00013720279128118872,0.0007362608960621493,0.7389629157938946,-0.2797069997614724,0.2744055825623774
2025-04-01,-0.0061524178384073066,2.26258026901182e-05,-0.006175043641097425,0.7343997875397147,-0.2841548404723223,0.045251605380236405
2025-04-02,0.0030572351459208654,0.00011789913021068797,0.0029393360157101774,0.7365584352851601,-0.28205073101325084,0.23579826042137592
2025-04-03,-6.595777324579623e-05,0.00011552960266526037,-0.0001814873759110566,0.736424759227535,-0.28218102974211645,0.23105920533052074
2025-04-04,0.011722394158682285,0.0003109728558766508,0.011411421302805634,0.7448284124128977,-0.2739896950533577,0.6219457117533016
2025-04-07,0.004983768281705503,0.00013897490512644205,0.004844793376579061,0.7484369521720436,-0.2704723251366239,0.27794981025288407
2025-04-08,0.0003789189332702598,0.0001736161359526939,0.0002053027973175659,0.7485906083719405,-0.27032255106425385,0.3472322719053878
2025-04-09,-0.011605362751650571,8.168658657292873e-05,-0.0116870493382235,0.7398417929977669,-0.27885032741095495,0.16337317314585748
2025-04-10,0.0013235975156490713,0.0001945267884891346,0.0011290707271599367,0.7406771267089701,-0.27803609842573374,0.38905357697826914
2025-04-11,-0.00021847038304283238,0.000129749130074639,-0.00034821951311747134,0.7404192084805302,-0.2782875003440284,0.259498260149278
2025-04-14,-0.004337198368694013,0.00018880969766087396,-0.0045260080663548875,0.7370680651704633,-0.28155397693906037,0.37761939532174793
2025-04-15,4.197224451178835e-06,0.00013434607742082271,-0.00013014885296964388,0.7369721366072208,-0.2816474818648823,0.26869215484164544
2025-04-16,0.0029542840438408074,0.00011092685805854685,0.0028433571857822606,0.7390676116275643,-0.279604949070518,0.2218537161170937
2025-04-17,-0.004646775454441466,0.00010514027710851856,-0.0047519157315499844,0.7355556246171921,-0.28302820564596065,0.21028055421703712
2025-04-21,0.00996068630540202,1.736998446257268e-05,0.009943316320939448,0.7428694868644071,-0.27589912830150687,0.03473996892514536
2025-04-22,-0.003162548138043662,0.00014975914278732904,-0.003312307280830991,0.740408874854359,-0.27829757289088985,0.2995182855746581
2025-04-23,-0.005643534533582469,4.192369505457529e-06,-0.005647726903087927,0.736227247732559,-0.2823735511044978,0.008384739010915057
2025-04-24,-0.0012471423996343349,4.798716502080205e-05,-0.001295129564655137,0.7352737380577159,-0.28330297033484075,0.0959743300416041
2025-04-25,-0.0022260984720121426,0.00012215110443459712,-0.00234824957644674,0.7335471318137494,-0.28498595383119274,0.2443022088691943
2025-04-28,0.001975990901490466,3.7648021145189735e-05,0.0019383428803452763,0.7349689976740983,-0.28360001144545455,0.07529604229037948
2025-04-29,0.003707801743541667,6.427125535002676e-05,0.0036435304881916406,0.7376468796249995,-0.28098978624541593,0.12854251070005354
2025-04-30,0.002220684305321426,6.140316203521626e-06,0.002214543989117904,0.7392804310883646,-0.2793975064984313,0.012280632407043251
2025-05-01,-0.006525555955493328,0.0001037934992656672,-0.006629349454758996,0.7343794827656149,-0.28417463224582395,0.2075869985313344
2025-05-02,-0.000583428388532911,6.74223983661153e-05,-0.0006508507868990263,0.7339015113013745,-0.28464052774970894,0.1348447967322306
2025-05-05,0.007167262705084885,5.179178282473702e-05,0.007115470922260148,0.7391235661648421,-0.2795504082259488,0.10358356564947405
2025-05-06,0.0005567264103416358,0.00013136213459457956,0.0004253642757470562,0.7394379629252513,-0.2792439547071316,0.2627242691891591
2025-05-07,0.0016320257135517934,0.00016273713198244262,0.0014692885815693509,0.7405244106809562,-0.27818495607968585,0.3254742639648852
2025-05-08,-0.008858512693364056,1.052068290703588e-05,-0.008869033376271093,0.7339566749666833,-0.28458675779570974,0.02104136581407176
2025-05-09,-0.000996842707173584,0.0001683918282023204,-0.0011652345353759044,0.7331014433015425,-0.28542038201259134,0.3367836564046408
2025-05-12,-0.005348617970273856,0.00014539545273484314,-0.005494013423008699,0.7290737741316168,-0.28934629202562256,0.29079090546968633
2025-05-13,-0.0031182439525330547,0.0001425279725558507,-0.0032607719250889056,0.7266964308376098,-0.29166357168504575,0.2850559451117014
2025-05-14,1.2991239827996829e-05,8.875849406554833e-05,-7.57672542375515e-05,0.7266413710443811,-0.29171724039129554,0.17751698813109665
2025-05-15,0.005785060083306109,1.3391311596480949e-05,0.005771668771709628,0.7308353043538701,-0.28762926690612167,0.0267826231929619
2025-05-16,-0.002975153682925657,3.90169551314421e-05,-0.003014170638057099,0.7286324420382312,-0.28977647385322447,0.0780339102628842
2025-05-19,0.0022059446680833972,8.490787099701333e-05,0.002121036797086384,0.7301778982593451,-0.28827006362011076,0.16981574199402666
2025-05-20,0.0015577512848283283,7.806200149639718e-05,0.001479689283331931,0.7312583346703253,-0.28721692446062297,0.15612400299279433
2025-05-21,0.004512288943188244,8.008611566909096e-05,0.0044322028275191536,0.7344994199288981,-0.2840577252978095,0.1601722313381819
2025-05-22,-0.0005717061807114037,5.6083841727260685e-05,-0.0006277900224386643,0.7340383085215798,-0.2845071867145095,0.11216768345452137
2025-05-23,0.00013148100526237362,4.9406312526625314e-06,0.00012654037400971108,0.7341311940036775,-0.28441664798631516,0.009881262505325063
2025-05-26,0.0022006557016783735,1.6978526896727165e-05,0.0021836771747816464,0.7357342995353185,-0.2828540449538691,0.03395705379345433
2025-05-27,-0.0012034493034130012,1.0376849670531652e-05,-0.001213826153083533,0.734841246000822,-0.28372453546968224,0.020753699341063303
2025-05-28,-0.003671782342254713,5.1479881518440206e-05,-0.0037232622237731534,0.7321052393491168,-0.2863914168485835,0.10295976303688043
2025-05-29,-0.0021051068909474844,9.954284221117171e-05,-0.002204649733158656,0.7304912037285416,-0.2879646738210081,0.19908568442234342
2025-05-30,0.0008458059030365583,0.00011397437487331867,0.0007318315281632397,0.7310258002224761,-0.28744358392014424,0.22794874974663734
2025-06-02,0.002175471080679818,4.678067492692921e-05,0.0021286904057528887,0.7325819278297675,-0.28592677191367744,0.09356134985385842
2025-06-03,-0.0017748460442376338,9.239262697147875e-05,-0.0018672386712091126,0.7312140225242949,-0.28726011705923526,0.1847852539429575
2025-06-04,0.001595866270195539,9.650057326344305e-05,0.001499365696932096,0.7323103797467835,-0.28619145932791856,0.1930011465268861
2025-06-05,-0.0006660651641176567,5.3219458146502405e-05,-0.0007192846222641591,0.7317836401519072,-0.2867048908344647,0.10643891629300481
2025-06-06,-0.002391933030160072,1.3240020604822475e-05,-0.0024051730507648945,0.7300235738616232,-0.2884204890082721,0.02648004120964495
2025-06-09,0.00025237174125207745,0.0001356246949651815,0.00011674704628689595,0.7301088019575913,-0.28833741420216563,0.271249389930363
2025-06-10,-0.0008584023082429716,9.394192424826336e-06,-0.0008677965006677979,0.7294752160941458,-0.2889549925037771,0.018788384849652673
2025-06-11,-0.0017390798572385578,3.875270062413188e-05,-0.0017778325578626897,0.7281783313048197,-0.29021911146820967,0.07750540124826377
2025-06-12,0.001719603161150708,9.28947366844618e-05,0.0016267084244662462,0.729362865130867,-0.28906450491730984,0.1857894733689236
2025-06-13,-0.0004480305034808496,0.00016976867071238433,-0.0006177991741932339,0.7289122653551019,-0.28950372027907667,0.33953734142476866
2025-06-16,-0.0024907410055493447,0.00023784274403855247,-0.002728583749587897,0.7269233671929787,-0.29144236888206576,0.4756854880771049
2025-06-17,0.0028426874539614166,7.090002944537794e-05,0.0027717874245160386,0.728938244240751,-0.28947839775058826,0.1418000588907559
2025-06-18,0.0007422945406309245,0.00010418807980515536,0.0006381064608257691,0.7294033844439441,-0.28902500932563646,0.20837615961031075
2025-06-19,-0.0012619757330943778,0.00011489615262732986,-0.0013768718857217076,0.7283990894305531,-0.29000393080174725,0.2297923052546597
2025-06-20,-0.0004624357068824822,7.353903143741821e-06,-0.000469789610026224,0.728056895106386,-0.290337479578216,0.014707806287483645
2025-06-23,-0.010962731766719903,0.00011276010513631573,-0.011075491871856219,0.7199933068823864,-0.29819734105490847,0.22552021027263147
2025-06-24,0.0004617608119410528,0.00023220039180034196,0.00022956042014071081,0.7201585888484129,-0.2980362349416651,0.46440078360068393
2025-06-25,0.0006763599715936681,0.00010986953060744424,0.0005664904409862239,0.7205665518049897,-0.29763857917884073,0.2197390612148885
2025-06-26,0.003372679082423146,3.0694108001368124e-05,0.0033419849744217777,0.7229746743941929,-0.2952912978638429,0.06138821600273625
2025-06-27,-0.016770901598092032,0.00010109791656479037,-0.016871999514656823,0.7107766460387049,-0.30718114274425856,0.20219583312958075
2025-06-30,-0.0004925776797658544,0.00017252529071447192,-0.0006651029704803263,0.7103039063800766,-0.3076419386242242,0.34505058142894385
2025-07-01,0.00014640778480934382,1.0950293879790491e-05,0.00013545749092955334,0.7104001223650322,-0.30754815353840537,0.021900587759580984
2025-07-02,0.002084254011316381,8.969046606802521e-05,0.0019945635452483556,0.7118170605516415,-0.30616701432861315,0.17938093213605044
2025-07-03,-0.0008053942390452114,7.170664921815124e-05,-0.0008771008882633626,0.7111927251755507,-0.30677557585665194,0.1434132984363025
2025-07-04,-0.0023123693736493253,8.714373859841226e-05,-0.0023995131122477374,0.7094862089061568,-0.3084389769521143,0.17428747719682453
2025-07-07,-0.0002056975924842082,0.000217817302558923,-0.0004235148950431312,0.7091857309288574,-0.3087318633462063,0.435634605117846
2025-07-08,0.011621065908051259,0.00023339251117386457,0.011387673396877395,0.717261706410401,-0.30085992757632485,0.4667850223477291
2025-07-09,0.0009989507359723414,0.00017074731387701366,0.0008282034220953278,0.7178557450101879,-0.30028089737581964,0.34149462775402734
2025-07-10,-0.0022098060748598734,0.00011251026857499848,-0.0023223163434348717,0.7161886568813222,-0.30190586648365736,0.22502053714999698
2025-07-11,-0.0009017763579028284,1.2125778768348362e-05,-0.0009139021366711768,0.7155341305375387,-0.3025438562038756,0.024251557536696725
2025-07-14,-0.004484348823325562,0.00025523931716299144,-0.004739588140488553,0.7121427934583281,-0.3058495110715226,0.5104786343259828
2025-07-15,-0.0029513446748531836,0.00029297007962742665,-0.0032443147544806102,0.7098323780862142,-0.30810155374458315,0.5859401592548533
2025-07-16,-0.003385976037762201,0.0001107890752040974,-0.0034967651129662984,0.7073502609904685,-0.31052096009316466,0.2215781504081948
2025-07-17,0.0014188181291020995,0.00016767112779283677,0.0012511470013092628,0.708235260148382,-0.3096583204599197,0.33534225558567354
2025-07-18,0.0033183062998449627,4.117632439451357e-05,0.0032771299754504493,0.7105562391490852,-0.3073959810485961,0.08235264878902714
2025-07-21,0.00036481780206485857,1.5498880285153618e-05,0.00034931892177970497,0.7108044498884086,-0.30715404135947566,0.030997760570307238
2025-07-22,0.005835453168673475,0.0004216317934429549,0.00541382137523052,0.7146526182128236,-0.3034030970988454,0.8432635868859097
2025-07-23,0.008636163528081768,9.035979577274211e-06,0.008627127548504494,0.7208180175030183,-0.2973934667676239,0.01807195915454842
2025-07-24,-5.456376503335382e-07,0.00015943122574247774,-0.00015997686339281128,0.7207027032975011,-0.2975058675570098,0.3188624514849555
2025-07-25,-0.001897607943821472,0.00023112398321690448,-0.0021287319270383766,0.7191685204430889,-0.29900128924529823,0.462247966433809
2025-07-28,0.0013924207816556897,0.0001850093973807755,0.0012074113842749142,0.720036852701884,-0.29815489542157103,0.37001879476155103
2025-07-29,-0.006544285877708013,7.142581093981819e-05,-0.006615711688647831,0.7152732964792069,-0.3027981002835508,0.14285162187963638
2025-07-30,0.0007326442158167806,0.00028143461159736027,0.00045120960421942037,0.71559603466022,-0.30248351609031876,0.5628692231947205
2025-07-31,-0.02654792431420875,7.74488351849426e-05,-0.026625373149393693,0.6965430232131652,-0.32105515275226704,0.1548976703698852
2025-08-01,-0.00838217356477949,0.00012983605740807236,-0.008512009622187563,0.6906140422973072,-0.3268343378249744,0.2596721148161447
2025-08-04,0.005453029105217592,0.0002618543281371029,0.005191174777080489,0.6941991404943786,-0.32333981721869465,0.5237086562742058
2025-08-05,-0.0022491834681940656,0.00013036755375779498,-0.0023795510219518606,0.692547258220177,-0.3249499646481461,0.26073510751559
2025-08-06,-0.0027327349543379152,9.241603180436064e-05,-0.0028251509861422757,0.6905907076506662,-0.32685708292121574,0.18483206360872126
2025-08-07,0.0006884147814647529,3.9452151767025814e-05,0.000648962629697727,0.691038875212348,-0.3264202383235859,0.07890430353405162
2025-08-08,0.004471760262618228,0.00017415078852626574,0.004297609474091963,0.6940086904294264,-0.32352545555824874,0.3483015770525315
2025-08-11,-0.0008249566482877082,7.493498993018071e-05,-0.0008998916382178889,0.6933841578120583,-0.3241342093442593,0.14986997986036144
2025-08-12,0.0011089419973942258,0.0002499405187276095,0.0008590014786666163,0.6939797758289029,-0.3235536396307057,0.49988103745521906
2025-08-13,0.002271782943605031,6.069100317594736e-05,0.0022110919404290837,0.6955142289180589,-0.3220579545351606,0.12138200635189471
2025-08-14,-0.0011444988519712564,4.946824270309165e-05,-0.001193967094674348,0.694683807814853,-0.32286739502954187,0.0989364854061833
2025-08-15,-0.005808927255196724,0.0002259923311067082,-0.006034919586303433,0.6904914468967832,-0.32695383584980287,0.45198466221341643
2025-08-18,0.0005349551975665043,0.0001713953589403654,0.0003635598386261389,0.6907424818557898,-0.32670914329497636,0.34279071788073084
2025-08-19,0.0040640791591770925,2.9973627140804548e-05,0.004034105532036288,0.6935290099230568,-0.32399301692527316,0.0599472542816091
2025-08-20,-0.001708905211392259,3.145932037045929e-05,-0.0017403645317627184,0.6923220166324382,-0.32516951550184026,0.06291864074091859
2025-08-21,-0.0021036744064669736,0.00017241058738437948,-0.002276084993851353,0.6907462328794682,-0.326705487041,0.34482117476875895
2025-08-22,0.0061893947193422914,0.00021680457392948442,0.005972590145412807,0.6948717770229452,-0.32268417486794043,0.43360914785896887
2025-08-25,-0.0009714769373626226,0.0001081104451144005,-0.001079587382477023,0.6941216022200318,-0.32341539648670503,0.21622089022880103
2025-08-26,-0.002057171023258135,0.000122291775801379,-0.002179462799059514,0.6926087900099697,-0.3248899874604787,0.24458355160275794
2025-08-27,-0.006606723616289924,0.00011904158407539791,-0.006725765200365321,0.6879504659126535,-0.3294306188892352,0.23808316815079583
2025-08-28,-0.005634680088919404,9.696940598161947e-05,-0.005731649494901024,0.6840073749721883,-0.33327408754377486,0.19393881196323895
2025-08-29,-0.0029570086530853606,0.00022575570085627136,-0.003182764353941632,0.6818303406812937,-0.3353961190117897,0.45151140171254267
2025-09-01,0.0002841194143168937,4.834141933660066e-05,0.00023577799498029306,0.6819911012719362,-0.33523942004127427,0.09668283867320132
2025-09-02,0.0005300109237657398,2.224018873086001e-05,0.0005077707350348798,0.6823373963947164,-0.33490187407296634,0.04448037746172002
2025-09-03,-0.0024519216253122023,7.76037144209486e-05,-0.002529525339733151,0.6806114066602884,-0.33658425663590774,0.1552074288418972
2025-09-04,-2.914340946150401e-05,0.0001595336565352297,-0.0001886770659967337,0.6804829908969958,-0.33670942797190173,0.3190673130704594
2025-09-05,0.002528176808118536,1.851832755761784e-05,0.0025096584805609184,0.6821907708059779,-0.33504479516273533,0.037036655115235684
2025-09-08,-0.0004161681061833316,6.909171393095532e-05,-0.00048525982011428696,0.681859731035253,-0.33536747120581867,0.13818342786191065
2025-09-09,-0.00026701793203363824,0.00012119997482080646,-0.0003882179068544447,0.6815950208777022,-0.3356254934549745,0.24239994964161293
2025-09-10,0.004099291447617215,5.985862507948478e-06,0.004093305585109266,0.6843849975834436,-0.33290600557672945,0.011971725015896956
2025-09-11,0.00615758722717102,1.281532734223145e-05,0.006144771899828788,0.6885903872852588,-0.3288068651452528,0.025630654684462902
2025-09-12,9.125227132273294e-05,7.904031583229598e-06,8.334823973950334e-05,0.6886477800819406,-0.3287509223789373,0.015808063166459198
2025-09-15,-0.0019255189608746452,9.63346570355864e-05,-0.0020218536179102318,0.6872554350763161,-0.33010808975504435,0.19266931407117277
2025-09-16,-0.00445755629141094,0.00024209677833138415,-0.004699653069742325,0.6840255729611626,-0.33325634932742265,0.4841935566627683
2025-09-17,0.0006513367204145421,0.00014136315144263744,0.0005099735689719047,0.6843744079238737,-0.3329163276882997,0.28272630288527484
2025-09-18,0.007448384122525375,6.304947021087018e-06,0.007442079175504288,0.6894675764533321,-0.3279518381822698,0.012609894042174035
2025-09-19,0.002897033555999857,0.0001068344898901046,0.0027901990661097524,0.6913913282412651,-0.32607669002878525,0.21366897978020918
2025-09-22,0.003698577724065126,1.3438053183831133e-05,0.003685139670881295,0.6939392018530703,-0.3235931885040787,0.026876106367662266
2025-09-23,-0.0007309822132628654,0.000171541479035977,-0.0009025236922988424,0.693312905282383,-0.32420366167708614,0.343082958071954
2025-09-24,-0.003367387097187117,3.434531472898127e-05,-0.0034017324119160986,0.6909544403008842,-0.32650253998501344,0.06869062945796253
2025-09-25,-0.006238455257414694,0.00014976035814405492,-0.006388215615558749,0.6865404743557143,-0.3308049869761204,0.29952071628810983
2025-09-26,0.009197822892458421,0.00013436744449039453,0.009063455447968027,0.6927629033582642,-0.32473976778957603,0.26873488898078907
2025-09-29,-0.013450224095243286,0.0004841033691444921,-0.013934327464387778,0.6831097182076901,-0.33414906498887464,0.9682067382889843
2025-09-30,0.0019282112399291035,0.00041343970583465416,0.0015147715340944493,0.6841444733634944,-0.3331404529465696,0.8268794116693083
2025-10-01,0.006380688769708774,0.0001838579475333319,0.006196830822175442,0.6883840009228542,-0.329008037151327,0.3677158950666638
2025-10-02,0.0032442304530408083,0.0003622245596006122,0.002882005893440196,0.6903679276704638,-0.3270742343599461,0.7244491192012243
2025-10-03,0.000954259087532067,0.0001263124368715687,0.0008279466506604983,0.690939515483902,-0.3265170877261413,0.2526248737431374
2025-10-06,-0.0009854393433829864,0.00027461997720797934,-0.0012600593205909657,0.6900688907074519,-0.3273657161470107,0.5492399544159586
2025-10-07,0.0022234736516461833,0.00035968064238027975,0.0018637930092659035,0.6913550362818643,-0.3261120650709729,0.7193612847605595
2025-10-08,0.0057578688774890694,0.00023404099518053084,0.005523827882308539,0.6951739625078525,-0.32238962410646077,0.46808199036106174
2025-10-09,-0.004992368925224878,0.0001763081535700838,-0.005168677078794962,0.6915808327820631,-0.3258919733246953,0.3526163071401676
2025-10-10,-0.0025664962758460445,1.2123733110897518e-05,-0.002578620008956942,0.6897975086088401,-0.3276302417704787,0.024247466221795036
2025-10-13,0.006353989331286894,0.00025371963603046437,0.006100269695256429,0.69400545944647,-0.3235286049103443,0.5074392720609288
2025-10-14,0.005805562790746466,4.773171162361914e-05,0.005757831079122847,0.6980014256499518,-0.31963359688755943,0.09546342324723829
2025-10-15,0.002542250952237422,0.0001365907226810862,0.0024056602295563357,0.6996805799198116,-0.31799686649006553,0.27318144536217237
2025-10-16,0.007630057303235005,2.9688507091310797e-05,0.007600368796143694,0.7049984103667019,-0.3128133911552644,0.05937701418262159
2025-10-17,-0.007325073303034849,1.1694850401756995e-05,-0.007336768153436606,0.6998260004813,-0.3178551199825046,0.02338970080351399
2025-10-20,0.0055303684613264275,0.00010484380321101204,0.005425524658115416,0.7036229237033015,-0.3141541261155626,0.20968760642202405
2025-10-21,-0.013944989602571935,0.00021769946528441076,-0.014162689067856345,0.6936577310138756,-0.32386754797586004,0.43539893056882156
2025-10-22,-0.0032231272004169475,0.0001603270803798744,-0.0033834542807968217,0.691310771794469,-0.32615521121504676,0.3206541607597488
2025-10-23,-0.0071025983632095795,0.00015662517176575364,-0.0072592235349753335,0.6862923923698766,-0.33104680116471497,0.31325034353150727
2025-10-24,0.0023404038797724723,0.00022397843507242517,0.002116425444700047,0.6877448790515923,-0.32963101159338637,0.4479568701448503
2025-10-27,-0.004846536239514616,3.9929578564478316e-06,-0.004850529197371064,0.6844089524354101,-0.3328826559446648,0.007985915712895662
2025-10-28,0.0029059999509266736,0.00018956748424045844,0.0027164324666862152,0.6862681031342963,-0.3310704767321835,0.3791349684809169
2025-10-29,0.0009457200357736225,0.00023790433364210867,0.0007078157021315138,0.6867538544735667,-0.33059699791199526,0.4758086672842174
2025-10-30,-0.0036172815155055605,7.883283500323902e-05,-0.0036961143505087994,0.6842155336967798,-0.33307118795428636,0.15766567000647805
2025-10-31,0.007644158062516686,0.0003258852361994689,0.007318272826317218,0.6892228096443771,-0.3281904209520041,0.6517704723989378
2025-11-03,0.006393717100597941,1.1437552463245032e-05,0.006382279548134696,0.6936216222864784,-0.3239027444154051,0.022875104926490065
2025-11-04,-0.0009440668778192345,1.91319518255182e-05,-0.0009631988296447527,0.6929535267516758,-0.32455396050071017,0.0382639036510364
2025-11-05,-0.002863002032144761,3.390247720583801e-05,-0.002896904509350599,0.6909461065552583,-0.32651066317835875,0.06780495441167603
2025-11-06,0.0009396367541774401,0.00018493021002840215,0.000754706544149038,0.6914675681035299,-0.32600237636844487,0.3698604200568043
2025-11-07,-0.003262140768992782,0.00010663476954540548,-0.0033687755385381876,0.6891381690744103,-0.32827292307596767,0.21326953909081092
2025-11-10,0.008019248039739232,3.0490444492079317e-05,0.007988757595247153,0.6946435268567781,-0.3229066582882577,0.06098088898415863
2025-11-11,0.010698621073608595,0.00017725319057098138,0.010521367883037614,0.701952126950409,-0.3157827101489532,0.35450638114196276
2025-11-12,0.0026551945893667933,8.598869210813636e-05,0.002569205897258657,0.7037555864945632,-0.3140248150528616,0.17197738421627273
2025-11-13,-0.0029668554139756337,0.00013424987681007175,-0.0031011052907857057,0.701573166321865,-0.3161520963282488,0.26849975362014356
2025-11-14,-0.008960250188295701,0.00010249609334595449,-0.009062746281641656,0.6952149867174819,-0.32234963637445835,0.204992186691909
2025-11-17,-0.009069151304960192,0.000209648850615984,-0.009278800155576175,0.688764225790569,-0.3286374186738933,0.419297701231968
2025-11-18,-0.0021340377005297263,6.727105962707785e-05,-0.002201308760156804,0.6872480430666535,-0.3301152950054079,0.1345421192541557
2025-11-19,0.006821487188687547,0.00014862106402483986,0.006672866124662707,0.6918339572524738,-0.3256452440500198,0.2972421280496797
2025-11-20,-0.0015900242943763282,0.00011573429465347871,-0.0017057585890298068,0.6906538555377079,-0.3267955304670346,0.23146858930695743
2025-11-21,0.004974652278428958,6.6142850978192155e-06,0.004968037993331139,0.6940850501322599,-0.3234510250851145,0.013228570195638431
2025-11-24,-0.0021615057091927056,0.00022183981976143773,-0.0023833455289541433,0.6924308056313132,-0.32506347505959643,0.4436796395228755
2025-11-25,0.0036310171060802334,2.616123490778775e-05,0.0036048558711724455,0.6949269188863739,-0.32263042616499626,0.0523224698155755
2025-11-26,0.001969527764106418,9.260216293726399e-05,0.001876925601169154,0.6962312450113735,-0.3213590538704122,0.18520432587452798
2025-11-27,-0.0005204856148726108,0.00014790299217774894,-0.0006683886070503598,0.6957658919793354,-0.3218126497470831,0.2958059843554979
2025-11-28,0.007758972350064229,4.5368634005623246e-05,0.007713603716058605,0.701132754349214,-0.3165813812819883,0.09073726801124649
2025-12-01,-0.0009730573318711263,6.384520353008285e-05,-0.0010369025354012092,0.7004057480185764,-0.31729001978047744,0.1276904070601657
2025-12-02,-0.000127302091369411,0.00010067243648007031,-0.00022797452784948128,0.7002460733488688,-0.31744566026587606,0.20134487296014064
2025-12-03,0.002699715189913046,0.0001325830684275824,0.0025671321214854634,0.7020436975367068,-0.3156934530956852,0.2651661368551648
2025-12-04,-0.001607217643633248,0.00010790834776639975,-0.0017151259913996478,0.7008396041439633,-0.31686712504036574,0.2158166955327995
2025-12-05,0.0019298317929357636,0.0002480625452884261,0.0016817692476473376,0.702018254637746,-0.31571825317920166,0.49612509057685217
2025-12-08,-0.010685612105152677,0.00010342481061110999,-0.010789036915763788,0.6944441537729193,-0.32310099420643457,0.20684962122222
2025-12-09,-0.0009712781691504366,0.0001978119153543239,-0.0011690900845047606,0.6936322859985011,-0.323892350122319,0.3956238307086478
2025-12-10,0.001889168716337932,1.936861449625996e-05,0.001869800101841672,0.6949292397175018,-0.3226281639697217,0.03873722899251992
2025-12-11,0.004887003281011359,1.002320402271857e-05,0.004876980076988641,0.6983183957745208,-0.319324635020689,0.020046408045437142
2025-12-12,-0.005674650239303713,0.0002245651777316873,-0.0058992154170354,0.6941988651281683,-0.32334008562777117,0.44913035546337465
2025-12-15,0.007352948918283752,4.8382492096317395e-05,0.0073045664261874345,0.6992696868514809,-0.3183973783353009,0.0967649841926348
2025-12-16,0.00232686816586226,0.00018488942430920158,0.0021419787415530582,0.7007675076553292,-0.3169374000095083,0.36977884861840316
2025-12-17,0.001367658204574979,0.00018345719607895214,0.001184201008496027,0.7015973572446159,-0.3161285165897336,0.3669143921579042
2025-12-18,0.001985560170981185,0.0001758463157467613,0.0018097138552344235,0.7028670477028174,-0.31489090489100635,0.3516926314935226
2025-12-19,0.0008999878345007708,5.8704597513305204e-05,0.0008412832369874655,0.7034583579678807,-0.3143145340937834,0.1174091950266104
2025-12-22,-0.0025260898801816303,0.0001726768777933008,-0.002698766757974931,0.7015598879357773,-0.3161650392355978,0.34535375558660164
2025-12-23,0.0015499305599519738,8.16484047292717e-05,0.001468282155222702,0.7025899758000534,-0.31516097656558995,0.1632968094585434
2025-12-24,-0.00026649232791407985,0.00013725422307976653,-0.0004037465509938464,0.7023063075205613,-0.31543747795928756,0.27450844615953307
2025-12-26,0.010057790928696218,0.00012301330198357283,0.009934777626712644,0.7092835645116158,-0.30863650153123146,0.24602660396714568
2025-12-29,-0.009764953527256367,0.00012017090057144806,-0.009885124427827815,0.7022722082218052,-0.31547071573845364,0.2403418011428961
2025-12-30,0.0021536431917271613,0.00010874625539094698,0.0020448969363362143,0.7037082825088721,-0.3140709239022348,0.21749251078189394
2025-12-31,-0.0007766413113248721,0.00014788513918114127,-0.0009245264505060134,0.7030576855882524,-0.31470508347625836,0.29577027836228253
2026-01-02,0.0014451195838188636,0.00013619276417602006,0.0013089268196428436,0.7039779366486749,-0.3138080825806555,0.2723855283520401
2026-01-05,0.006475010508054362,9.802472930163287e-05,0.00637698577875273,0.7084671939392393,-0.30943224648177714,0.19604945860326575
2026-01-06,0.006261731230806573,0.00014712181130682132,0.006114609419499752,0.7127991941167067,-0.30520969439131196,0.2942436226136426
2026-01-07,-0.0029947039226422556,1.9427497319667204e-05,-0.0030141314199619226,0.710650723669596,-0.307303883681732,0.03885499463933441
2026-01-08,-0.0044253551761330055,3.612784109161879e-05,-0.004461483017224624,0.7074801675347657,-0.31039433564078334,0.07225568218323758
2026-01-09,0.002500424175562546,2.6318464766661288e-05,0.0024741057107958847,0.7092305482575384,-0.308688178328395,0.05263692953332258
2026-01-12,-0.0068104359112716025,0.00014739378995271755,-0.00695782970122432,0.7042958428838565,-0.3134982082540292,0.2947875799054351
2026-01-13,-0.0004575871824269845,1.4746965573916418e-05,-0.0004723341480009009,0.7039631799069674,-0.31382246649293455,0.029493931147832837
2026-01-14,0.014645118011631604,6.563241377305959e-06,0.014638554770254298,0.7142681834722779,-0.3037778190865733,0.013126482754611916
2026-01-15,-0.005337126940238184,0.00012358292571965882,-0.005460709865957843,0.7103677721558511,-0.30757968641878597,0.2471658514393176
2026-01-16,-0.001403510108932964,0.0001222133559339361,-0.0015257234648669,0.7092839473771877,-0.3086361283387673,0.24442671186787218
2026-01-19,-0.0023359449880574015,0.00012825179804570896,-0.0024641967861031107,0.7075361321536263,-0.3103397849693428,0.25650359609141793
2026-01-20,-0.03830452129347271,7.547070754974222e-06,-0.03831206836422769,0.6804289594883953,-0.33676209427568526,0.015094141509948443
2026-01-21,0.0014716763841763276,0.00029901028909172457,0.0011726660950846031,0.681226875459301,-0.3359843376706675,0.5980205781834491
2026-01-22,0.007594875404622064,0.00031070131641843093,0.007284174088203634,0.6861890506137096,-0.33114753198896674,0.6214026328368618
2026-01-23,0.007922795151117268,1.677769406515973e-05,0.007906017457052108,0.6916140732266997,-0.3258595727006791,0.03355538813031946
2026-01-26,0.01189506265580442,0.00016624325301062943,0.011728819402793791,0.6997258897880062,-0.3179527013767631,0.33248650602125884
2026-01-27,0.0034267330601983675,0.0001930980444042119,0.003233635015794156,0.7019885479266824,-0.3157472093495073,0.38619608880842377
2026-01-28,0.00812332446104102,0.00014174978106726272,0.007981574679973758,0.7075915219464456,-0.31028579460094985,0.28349956213452543
2026-01-29,-0.005134305275615114,5.585242780194021e-05,-0.005190157703417054,0.7039190103579427,-0.3138655200972579,0.11170485560388042
2026-01-30,-0.016826207415176903,0.00019918665651417813,-0.01702539407169108,0.6919345118120439,-0.32554723000377683,0.39837331302835627
2026-02-02,-0.0117880474727266,0.00012019409893670832,-0.011908241571663309,0.6836947884936152,-0.3335787765175693,0.24038819787341664
2026-02-03,0.006259881789306637,0.00023549651868560098,0.006024385270621035,0.6878136293070165,-0.32956399831479255,0.47099303737120196
2026-02-04,0.0009962007568613727,6.97015657330039e-05,0.0009264991911283688,0.6884508880782165,-0.32894283990152784,0.1394031314660078
2026-02-05,-0.005881003306838964,3.342045448395746e-05,-0.005914423761322922,0.6843790977872629,-0.33291175631442005,0.06684090896791492
2026-02-06,0.003445304008053118,0.00012408355567383907,0.0033212204523792787,0.6866520716440149,-0.3306962091959498,0.2481671113476781
2026-02-09,0.005761039376344703,3.124227496838536e-05,0.005729797101376317,0.6905864486937748,-0.32686123427546043,0.06248454993677072
2026-02-10,-0.0025165017494907255,4.255309351084969e-06,-0.0025207570588418105,0.6888456480284895,-0.32855805357074064,0.008510618702169938
2026-02-11,0.0016455201672584013,0.00010980744870647161,0.0015357127185519296,0.689903517051286,-0.32752691163383996,0.2196148974129432
2026-02-12,-0.004748549877460835,4.958174595941174e-05,-0.004798131623420247,0.6865932691690134,-0.3307535260250287,0.09916349191882348
2026-02-13,0.0019339077701657234,9.133126175759609e-05,0.0018425765084081273,0.6878583697976153,-0.3295203881937475,0.1826625235151922
2026-02-16,0.0002073890173656048,2.724114651701543e-05,0.00018014787084858936,0.6879822860183796,-0.3293996027192333,0.054482293034030856
2026-02-17,-0.0022388345228244364,1.3370033710307883e-05,-0.0022522045565347443,0.6864328091789939,-0.33090993198960306,0.026740067420615764
2026-02-18,0.007609209125525796,5.8402848108769365e-05,0.007550806277417026,0.6916159303435676,-0.32585776250391274,0.11680569621753872
2026-02-19,7.291589804251644e-05,7.030975675535564e-05,2.606141287160799e-06,0.6916177327923986,-0.3258560055939942,0.14061951351071128
2026-02-20,0.0021576865232586706,8.08966274567668e-05,0.002076789895801904,0.6930540775116192,-0.32445595015809625,0.16179325491353358
2026-02-23,0.0011229576769546908,2.2609316066063438e-05,0.0011003483608886275,0.6938166784298163,-0.3237126163701447,0.045218632132126874
2026-02-24,-0.0005543033490240283,8.542899705338325e-05,-0.0006397323460774116,0.6933728214583768,-0.32414525928469673,0.1708579941067665
2026-02-25,0.0015354887818698091,8.047999268182354e-05,0.0014550087891879856,0.6943816850077827,-0.3231618846967417,0.16095998536364708
2026-02-26,-7.590310640712486e-05,2.9842081516030068e-05,-0.00010574518792315493,0.6943082574860112,-0.32323345707043794,0.05968416303206014
2026-02-27,0.0036119001774439895,6.640008668348621e-05,0.0035455000907605033,0.6967699274759436,-0.32083398123105755,0.13280017336697242
2026-03-02,0.0037301277411428014,3.119990758728562e-05,0.0036989278335555157,0.6993472291542688,-0.31832179514062797,0.06239981517457123
2026-03-03,-0.002088718003738463,9.018457016396253e-05,-0.0021789025739024255,0.6978234196766131,-0.3198071055357692,0.18036914032792506
2026-03-04,0.001602861995260896,7.845641241376722e-05,0.0015244055828471288,0.6988871855934097,-0.31877021569003494,0.15691282482753444
2026-03-05,0.002404658897169562,9.853604037452511e-05,0.0023061228567950367,0.7004989053064279,-0.31719921611370805,0.19707208074905022
2026-03-06,0.009175133848332432,7.400230813898388e-05,0.00910113154019345,0.7068742379873831,-0.31098495636381185,0.14800461627796774
2026-03-09,0.004016592428780568,0.0001074493953854882,0.00390914303339508,0.709637510490298,-0.3082914980060769,0.21489879077097643
2026-03-10,-0.007516643224048735,3.6357220905212705e-06,-0.007520278946139256,0.7043008384607671,-0.31349333889048747,0.007271444181042541
2026-03-11,0.0011216875146431195,0.00014373163170707516,0.0009779558829360443,0.7049896136090966,-0.3128219656625806,0.2874632634141503
2026-03-12,0.007356768109116968,0.0001255244550508875,0.00723124365406608,0.7100875652786899,-0.30785281386256447,0.251048910101775
2026-03-13,0.0018280773039351544,6.840123053482738e-05,0.001759676073400327,0.7113370893773298,-0.3066348590198472,0.13680246106965474
2026-03-16,-0.0038961853901275873,3.881588030692405e-06,-0.00390006697815828,0.7085628270847101,-0.3093390295099899,0.00776317606138481
2026-03-17,0.0018065997423739658,3.6024533074957747e-06,0.00180299728906647,0.7098403639410771,-0.30809376965253243,0.007204906614991549
2026-03-18,-0.0012167186451793276,7.006162130049488e-05,-0.0012867802664798225,0.7089269553684069,-0.30898410093599793,0.14012324260098977
2026-03-19,0.0011058651974901411,0.00010824479439368467,0.0009976204030964564,0.7096341953633873,-0.3082947293762278,0.21648958878736935
2026-03-20,0.004284601739235297,6.329619562938795e-05,0.004221305543605909,0.7126297781262072,-0.3053748300828021,0.1265923912587759
2026-03-23,-0.010269887460521415,3.481259960326572e-05,-0.01030470006012468,0.7052863420087034,-0.31253273411301197,0.06962519920653144
2026-03-24,0.004043547494313318,6.192421404165545e-05,0.003981623280271663,0.7080945265273029,-0.3097954984427317,0.1238484280833109
2026-03-25,-0.006647503914236643,5.720620413887484e-06,-0.0066532245346505306,0.7033834146505596,-0.31438758396641886,0.011441240827774968
2026-03-26,0.010962246187356724,1.6930382901059393e-05,0.010945315804455664,0.7110821682555264,-0.30688333955347546,0.03386076580211879
2026-03-27,0.0031197784688502582,1.298927451902257e-05,0.0031067891943312356,0.7132913506521443,-0.3047299722023892,0.02597854903804514
2026-03-30,0.0013402313853033128,3.640747100990116e-06,0.0013365906382023227,0.7142447291937367,-0.30380068079221223,0.0072814942019802315
2026-03-31,-0.0032691384900599453,5.294259294385397e-06,-0.0032744327493543306,0.711905982861411,-0.30608033864310435,0.010588518588770794
2026-04-01,-0.01260435878174237,1.1038974312326312e-05,-0.012615397756054697,0.7029250057226993,-0.3148344111818683,0.022077948624652625
2026-04-02,0.008035523837690389,9.760083034894291e-05,0.007937923007341446,0.7085047702980612,-0.30939561949055017,0.19520166069788583
2026-04-03,0.00047153101736678756,2.1543546850141125e-05,0.0004499874705166464,0.7088235885674966,-0.309084856172237,0.043087093700282256
2026-04-06,0.0006443223910800172,2.7522185237424863e-06,0.0006415701725562748,0.7092783486395258,-0.30864158562418975,0.005504437047484973
2026-04-07,-0.0003833089148185695,3.105073618969719e-06,-0.00038641398843753923,0.7090042735639156,-0.3089087361865285,0.006210147237939437
2026-04-08,-0.016583657992552462,3.2915374810945314e-05,-0.016616573367363406,0.6972230520344666,-0.3203923048752291,0.06583074962189063
2026-04-09,0.0015213731064253,0.00016869915446873752,0.0013526739519565624,0.6981661674956572,-0.31947301724848454,0.337398308937475
2026-04-10,-0.0005832883301849733,9.580641602501001e-05,-0.0006790947462099833,0.6976920465193294,-0.31993515954712515,0.19161283205002003
2026-04-13,0.00345976239207717,0.00012765735076369916,0.003332105041313471,0.7000168297048208,-0.3176691120638321,0.2553147015273983
2026-04-14,-0.003076988063783907,7.949889348560391e-05,-0.003156486957269511,0.6978072357119883,-0.3198228806121447,0.1589977869712078
2026-04-15,8.131259234287806e-05,9.146719424442406e-05,-1.0154601901546004e-05,0.6978001497573056,-0.3198297875400147,0.18293438848884813
2026-04-16,0.003005893335791373,4.7219417575030675e-05,0.002958673918216342,0.6998647128605201,-0.31781738567246165,0.09443883515006135
2026-04-17,-0.006483205625822197,9.790614627641789e-06,-0.006492996240449839,0.6953204939110932,-0.32224679482259055,0.019581229255283578
2026-04-20,0.0023348655473798834,4.7264844301683546e-05,0.0022876007030781997,0.6969111095618288,-0.3206963661139134,0.09452968860336709
2026-04-21,0.0009804098997547475,1.8830986451371533e-05,0.000961578913303376,0.6975812445892302,-0.3200431620638382,0.03766197290274307
2026-04-22,0.0026983148080323206,5.464072477245254e-05,0.002643674083259868,0.6994254220465189,-0.31824557779365104,0.1092814495449051
2026-04-23,0.0025524842079492427,2.963345844143319e-05,0.0025228507495078096,0.7011899679967538,-0.3165256131386075,0.05926691688286638
2026-04-24,7.316037994133573e-05,3.2882164511100687e-05,4.027821543023504e-05,0.7012182106773424,-0.31649808401001245,0.06576432902220138
2026-04-27,0.0016679607294244583,7.499662297885085e-05,0.0015929641064456074,0.7023352261177374,-0.3154092899911536,0.1499932459577017
2026-04-28,0.0007636790195204369,2.7631565563632253e-05,0.0007360474539568046,0.7028521781727455,-0.31490539874204904,0.05526313112726451
2026-04-29,0.003616401979417145,1.7622848164918143e-05,0.003598779131252227,0.7053815879239087,-0.3124398945881084,0.03524569632983628
2026-04-30,-0.0026341577558680216,2.1916385313726223e-05,-0.0026560741411817477,0.7035080421285583,-0.3142661052046011,0.043832770627452444
2026-05-01,-0.004349681742716027,6.456411210718035e-06,-0.004356138153926745,0.7004434639046478,-0.3172532567871601,0.012912822421436071
2026-05-04,0.0015890019750232224,6.467835940946067e-05,0.0015243236156137617,0.70151116641808,-0.3162125298029974,0.12935671881892136
2026-05-05,-0.0006758921495747635,7.756083441708463e-05,-0.0007534529839918481,0.7009826107364386,-0.3167277315128336,0.15512166883416928
2026-05-06,-0.00298736883833879,9.621237640505436e-05,-0.0030835812147438444,0.6988210739261097,-0.318834657044496,0.1924247528101087
2026-05-07,-0.0013183364439765823,9.877564601034544e-05,-0.0014171120899869277,0.6978307661335114,-0.31979994468727835,0.19755129202069088
2026-05-08,0.0028474602899523074,8.097063963670048e-05,0.002766489650315607,0.6997613077256916,-0.3179181782741116,0.16194127927340096
2026-05-11,0.0013867875851991491,2.948099009748784e-05,0.0013573065951016613,0.7007110983636645,-0.31699238411908415,0.058961980194975686
2026-05-12,0.00433994099564365,1.9636778787454508e-05,0.004320304216856195,0.703738383476723,-0.31404158343604893,0.03927355757490901
2026-05-13,0.0006944293341455525,1.2657314138138165e-05,0.0006817720200074143,0.7042181726159827,-0.31357391618074704,0.02531462827627633
2026-05-14,-0.0004668704382293239,1.4085814846752637e-05,-0.00048095625307607653,0.7038794744823332,-0.3139040570980344,0.02817162969350527
2026-05-15,-0.0005662914180546972,2.272636830496813e-05,-0.0005890177863596654,0.7034648769524097,-0.3143081798115529,0.04545273660993626
2026-05-18,0.003604770182568221,0.00013964434571657713,0.003465125836851644,0.7059024712728551,-0.31193217136930007,0.27928869143315427
2026-05-19,-0.002399952226471411,4.818806013460038e-05,-0.002448140286606011,0.7041743229945173,-0.3136166579404883,0.09637612026920075
2026-05-20,-0.006395691086800335,7.666317192343715e-05,-0.006472354258723773,0.6996166573161998,-0.31805917408758433,0.1533263438468743
2026-05-21,-0.002416557032909054,5.1571675343913514e-05,-0.0024681287082529675,0.6978899133595057,-0.3197422918173485,0.10314335068782704
2026-05-22,0.00192488519379323,5.09715264123703e-05,0.0018739136673808598,0.6991976988064773,-0.3184675476006439,0.10194305282474062
2026-05-25,-0.00014117953796211353,7.040096655856418e-06,-0.00014821963461796996,0.6990940639790345,-0.31856856409171874,0.014080193311712834
2026-05-26,-0.002528876352231427,1.3920059605756762e-06,-0.0025302683581920025,0.6973251683895485,-0.32029276849227484,0.0027840119211513525
2026-05-27,-0.006001516967729534,8.145602188140882e-06,-0.0060096625699176745,0.6931344794260164,-0.32437757959996916,0.016291204376281766
2026-05-28,0.0014603759198098174,0.00012611161600597942,0.001334264303803838,0.6940593040196502,-0.3234761207215797,0.25222323201195884
2026-05-29,-0.00259687729471332,0.00020983760133864163,-0.002806714896051962,0.6921112774323148,-0.32537493037108534,0.4196752026772833
2026-06-01,0.005827641996852481,6.834901534917132e-05,0.00575929298150331,0.6960973490548501,-0.32148956694242525,0.13669803069834263
2026-06-02,0.0028622083030989814,1.6528199658206267e-05,0.002845680103440775,0.6980782194311135,-0.3195587433030962,0.033056399316412535
2026-06-03,0.0017066283444473831,0.0002012513567555597,0.0015053769876918234,0.699129090318254,-0.3185344226937886,0.4025027135111194
2026-06-04,-0.004887550864528025,6.109200104229824e-05,-0.004948642865570323,0.695669350133338,-0.3219067524610566,0.12218400208459648
2026-06-05,-0.00719315467470838,0.00021888075301563416,-0.007412035427724014,0.6905130242641679,-0.3269328036351157,0.43776150603126834
2026-06-08,0.0033811220883583795,7.359293690831506e-05,0.0033075291514500643,0.6927969162213777,-0.324706614262254,0.14718587381663012
2026-06-09,0.0003106874927436795,8.487048251063318e-05,0.0002258170102330463,0.6929533615496974,-0.32455412152885665,0.16974096502126637
2026-06-10,0.0020559537532400746,6.769541916194183e-05,0.001988258334078133,0.6943311318459262,-0.32321116063176747,0.13539083832388366
2026-06-11,0.003850015406266261,0.00012477501374180954,0.0037252403925244516,0.6969176822240659,-0.32068995951014323,0.2495500274836191
2026-06-12,-0.0009404250046137617,0.00013162258694159675,-0.0010720475915553585,0.6961705533013253,-0.32141821220296973,0.26324517388319346
2026-06-15,0.00037601843821870947,7.648402430331302e-05,0.00029953441391539643,0.6963790803399935,-0.3212149536048683,0.15296804860662605
2026-06-16,-0.0010009819916138843,8.615197666761563e-05,-0.0010871339682815,0.6956220229869553,-0.321952883885966,0.17230395333523127
2026-06-17,-0.0010903478072482584,6.0755225924542614e-05,-0.001151103033172801,0.6948212903663532,-0.32273338597795886,0.12151045184908521
2026-06-18,0.004545088170484324,0.0001009268420145529,0.004444161328469771,0.6979091882751969,-0.3197235038828584,0.2018536840291058
2026-06-19,0.0006914066430923326,6.921171719053237e-05,0.0006221949259018003,0.6983434238308819,-0.31930023929876417,0.13842343438106475
2026-06-22,0.001575235255803763,7.386883239975379e-05,0.0015013664234040092,0.6993918931994266,-0.3182782595336281,0.14773766479950756
2026-06-23,-0.002729111734506561,0.00017476579515810062,-0.0029038775296646615,0.6973609447963351,-0.3202578959772523,0.34953159031620123
2026-06-24,0.008652406986760803,0.0001714885592960074,0.008480918427464795,0.7032752060836527,-0.31449305864132204,0.3429771185920148
2026-06-25,-0.00278999385096804,3.506900856616573e-05,-0.0028250628595342057,0.7012884094189145,-0.31642965884130736,0.07013801713233145
2026-06-26,0.00225103492332291,6.632264161493227e-06,0.002244402659161417,0.7028623829898534,-0.314895451749887,0.013264528322986455
2026-06-29,0.00016244313903181096,0.00014284140818835123,1.960173084345973e-05,0.7028761603091047,-0.31488202251493247,0.28568281637670245
2026-06-30,0.0037446370598383715,5.442888388237488e-05,0.0036902081759559967,0.7054699196625619,-0.31235379455292267,0.10885776776474976
2026-07-01,0.0002796311637565124,0.00013006927322675875,0.00014956189052975363,0.7055754310774586,-0.31225094888642035,0.26013854645351747
2026-07-02,-0.0012273339987295632,4.9372574504640286e-05,-0.0012767065732342034,0.7046746182866894,-0.31312900262071264,0.09874514900928058
2026-07-03,-9.943135119832859e-05,4.2135537100444404e-05,-0.000141566888298773,0.7045748596937155,-0.31322624081047434,0.08427107420088881
2026-07-06,-0.0009628834739673338,4.397312972988795e-05,-0.0010068566036972218,0.7038654538434338,-0.31391772350516023,0.08794625945977591
2026-07-07,-0.005201667505295494,2.7786643867431422e-05,-0.005229454149162926,0.7001846217253799,-0.31750555931264324,0.05557328773486284
2026-07-08,-0.0055862218001601375,0.00010114335356607155,-0.0056873651537262095,0.6962024161066039,-0.32138715441222043,0.2022867071321431
2026-07-09,0.002092208981019617,6.912234494683452e-05,0.0020230866360727824,0.6976108939106308,-0.32001426183324444,0.13824468989366903
2026-07-10,0.003035243521472532,0.00012645163954434101,0.0029087918819281906,0.6996400988155826,-0.3180363248382382,0.25290327908868204
2026-07-13,-0.004171528123563888,4.3287281838894414e-05,-0.004214815405402783,0.6966912449488571,-0.3209106758422351,0.08657456367778883
2026-07-14,-0.0030890517397073134,0.000307694816496697,-0.0033967465562040103,0.6943247613618396,-0.32321737016542285,0.6153896329933939
2026-07-15,-0.0018880509836415916,8.153671975458368e-05,-0.001969587703396175,0.6929572278496978,-0.3245503529110172,0.16307343950916736
2026-07-16,0.006713270974419873,0.00021859682568844957,0.006494674148731424,0.6974577592435899,-0.32016352754929867,0.4371936513768992
2026-07-17,-0.007246578859378552,0.0001118086604374255,-0.007358387519815978,0.692325594772373,-0.32516602776369563,0.22361732087485098
2026-07-20,0.005243309948390641,0.0001139044189674375,0.005129405529423203,0.6958768135063595,-0.3217045306550642,0.22780883793487502
2026-07-21,-0.0009123620684654006,0.00017787719533261207,-0.0010902392637980127,0.6951181412815083,-0.3224440350082003,0.35575439066522413
2026-07-22,-0.0006748018135579683,0.00012944403551583183,-0.0008042458490738002,0.6945590954017667,-0.32298895658056015,0.25888807103166367
2026-07-23,0.00729853016989866,0.00016800563193805217,0.007130524537960608,0.6995116660745928,-0.3181615127229874,0.33601126387610436
2026-07-24,-0.0012027273071148717,7.307653306107296e-05,-0.0012758038401759447,0.698619226404767,-0.3190314048834352,0.1461530661221459
2026-07-27,-0.005758969665774362,5.2005345966448145e-05,-0.00581097501174081,0.6945595675374072,-0.32298849637343774,0.1040106919328963
2026-07-28,0.003638130437209726,0.00010068987786901667,0.0035374405593407094,0.6970165307224921,-0.32059360842136897,0.20137975573803335
2026-07-29,-0.004986560754178446,0.00023471973931643743,-0.005221280493494884,0.6933772119069873,-0.3241409797608742,0.4694394786328749
2026-07-30,-0.005105093387650306,0.00027962796968318104,-0.005384721357333487,0.6896435688253434,-0.32778029226170236,0.5592559393663621
2026-07-31,-0.0006280392314522898,0.00026525213018485297,-0.0008932913616371428,0.6890275161827031,-0.32838078031974727,0.530504260369706
2026-08-03,-0.0026988963101283016,0.0002450628660964032,-0.002943959176224705,0.6869990473037657,-0.3303579998844538,0.4901257321928064
2026-08-04,0.007084278993155451,0.0002573163578326383,0.006826962635322813,0.6916891641302109,-0.3257863789706221,0.5146327156652766
2026-08-05,-0.002461172999082891,0.0002836897481355494,-0.00274486274721844,0.6897905723109352,-0.32763700282265296,0.5673794962710987
2026-08-06,-0.0005005652880052096,4.063149245855571e-05,-0.0005411967804637653,0.6894172598740063,-0.3280008835120283,0.08126298491711141
2026-08-07,-0.005013230281797145,0.0002214465435731184,-0.005234676825370263,0.6858083833207336,-0.3315185817137771,0.4428930871462368
2026-08-10,-0.008377385321039026,0.00015053101170503047,-0.008527916332744056,0.6799598668074799,-0.3372193353189161,0.30106202341006094
2026-08-11,0.0008145301108749164,0.00020395507271645633,0.00061057503815846,0.6803750333291021,-0.3368146579892878,0.40791014543291265
2026-08-12,-0.0028528576417158192,0.0002728211823520144,-0.0031256788240678337,0.6782483994950009,-0.3388875623692428,0.5456423647040289
2026-08-13,0.004878857428115027,1.529781429543359e-05,0.004863559613819594,0.6815471010189226,-0.33567220261738806,0.030595628590867178
2026-08-14,0.00030631209221729466,0.0001189480645660243,0.00018736402765127036,0.6816747984288035,-0.3355477314855897,0.23789612913204858
2026-08-17,0.0027536808378310178,0.00012084543145276964,0.002632835406378248,0.6834695359737426,-0.3337983380271967,0.2416908629055393
2026-08-18,-0.011570953731970611,0.0001245573309368987,-0.01169551106290751,0.6754760104546014,-0.34158990693492697,0.24911466187379744
2026-08-19,-0.004246957467479019,5.944672236530003e-05,-0.004306404189844319,0.6725671377330403,-0.3444252869183383,0.11889344473060005
2026-08-20,0.005536630031536883,3.441667586915165e-05,0.005502213355667732,0.6762677456208582,-0.34081817497638234,0.06883335173830331
2026-08-21,0.0027486684607035358,0.00019494851208546728,0.0025537199486180685,0.6779947440534572,-0.3391348092000531,0.3898970241709346
2026-08-24,-0.0009424517962053749,0.00019060047633250385,-0.0011330522725378788,0.6772265405679386,-0.3398836040063302,0.3812009526650077
2026-08-25,0.0036840449113264184,2.4601773289068467e-05,0.00365944313803735,0.6797048125847168,-0.33746794559070514,0.049203546578136935
2026-08-26,-0.009031643096405065,9.965733403637932e-05,-0.009131300430441445,0.6734982237369889,-0.343517724824314,0.19931466807275866
2026-08-27,-0.007801172220271602,9.946343505326244e-05,-0.007900635655324863,0.6681771596567345,-0.34870435209465567,0.19892687010652488
2026-08-28,0.0016451653574179332,0.000174846514043114,0.0014703188433748192,0.6691595931252905,-0.3477467398309325,0.349693028086228
2026-08-31,-0.004436176712010596,0.000123473668577892,-0.004559650380588488,0.6661084593318224,-0.35072078665690243,0.24694733715578399
2026-09-01,-0.004585449835941997,0.0003048083510805861,-0.004890258187022583,0.6628510169851299,-0.353895929645617,0.6096167021611721
2026-09-02,0.000408925926846145,0.0005346770591892573,-0.00012575113234311234,0.6627676627191692,-0.3539771779640757,1.0693541183785147
2026-09-03,-0.004422029382533404,3.20942271141037e-06,-0.004425238805244815,0.6598347575392429,-0.3568359832252228,0.0064188454228207405
2026-09-04,0.0009671475577238377,0.00020813724252223355,0.0007590103152016041,0.6603355789265437,-0.3563478151021243,0.41627448504446707
2026-09-07,-0.00010094197002267238,0.00024767850171832523,-0.0003486204717409976,0.6601053724255109,-0.35657220543046053,0.4953570034366504
2026-09-08,0.0077329721652589275,9.478664035361975e-06,0.007723493501223566,0.6652036919795621,-0.35160269504059616,0.01895732807072395
2026-09-09,0.0037012638448477445,0.00014126584410728224,0.0035599980007404624,0.6675718157930944,-0.34929440193125527,0.2825316882145645
2026-09-10,0.0021960905373003946,0.00016807360541625814,0.0020280169318841364,0.6689256627387714,-0.34797475996070015,0.33614721083251625
2026-09-11,-0.0033346551962782417,0.0001784480250131787,-0.00351310322129142,0.6665756578381994,-0.35026539193184547,0.3568960500263574
2026-09-14,0.0012255784813722203,1.3662292084723027e-05,0.0012119161892874973,0.6673834916693184,-0.34947796804158726,0.027324584169446053
2026-09-15,0.005853327083028991,0.00015253131565977162,0.005700795767369219,0.6711881086538389,-0.34576947479521836,0.3050626313195432
2026-09-16,-0.0071396321016870025,1.423078213404917e-05,-0.0071538628838210515,0.6663865209552782,-0.3504497502669437,0.02846156426809834
2026-09-17,-0.0026977624828710875,8.618722200039958e-05,-0.002783949704871487,0.6645313343969343,-0.3522580654929872,0.17237444400079915
2026-09-18,-0.0018114456517842681,0.00016473471047770026,-0.0019761803622619684,0.6632181006237914,-0.3535381203837735,0.3294694209554005
2026-09-21,-0.005922790103451526,7.686750037022165e-05,-0.005999657603821747,0.6592390191033917,-0.3574166703153939,0.1537350007404433
2026-09-22,0.0001666508606369739,0.00016132900745809508,5.3218531788788086e-06,0.6592425274766611,-0.35741325058125817,0.3226580149161902
2026-09-23,0.00048651195494873285,5.124876067209454e-05,0.0004352631942766383,0.6595294714849735,-0.35713355622010634,0.10249752134418907
2026-09-24,0.00630719621742171,4.4628930205052776e-05,0.006262567287216658,0.6636598191780507,-0.35310756185924097,0.08925786041010556
2026-09-25,-0.003583776804053067,0.00011261515526366868,-0.0036963919593167357,0.6612066723587194,-0.3554987298661273,0.22523031052733733
2026-09-28,0.0016874246177131422,0.00010485058498778961,0.0015825740327253526,0.6622530808686591,-0.3544787588919549,0.20970116997557922
2026-09-29,-0.00521866386123546,6.619190803990548e-05,-0.005284855769275365,0.65875316885351,-0.3578902455472145,0.13238381607981095
2026-09-30,0.002685444506992431,0.0002998010903947482,0.002385643416597683,0.6603247190139482,-0.3563584006387711,0.5996021807894965
2026-10-01,-0.001903816793875982,0.0001616904674403568,-0.0020655072613163386,0.6589608135119982,-0.35768784703593703,0.3233809348807136
2026-10-02,0.00011983268307098068,0.00018966850081157807,-6.983581774059739e-05,0.6589147944447276,-0.357732703430384,0.37933700162315614
